{
  "timestamp": "2026-06-08T12:03:52.803Z",
  "scenarios": {
    "cell-editing": {
      "rangeStart": 0,
      "rangeEnd": 2797,
      "total": 2797,
      "categories": {
        "other": 247.4726666682428,
        "rendering": 270.6876666667716,
        "scripting": 406.9986666650871,
        "painting": 52.073666666285135,
        "idle": 1820.4053333335712
      },
      "updateCounters": {
        "sampleCount": 2123,
        "jsHeapMinBytes": 15432281.333333334,
        "jsHeapMaxBytes": 28370784,
        "jsHeapMinLabel": "15432 kb",
        "jsHeapMaxLabel": "28.4 Mb",
        "documentsMin": 2,
        "documentsMax": 2,
        "nodesMin": 1032,
        "nodesMax": 1115,
        "listenersMin": 176,
        "listenersMax": 336
      },
      "runs": 3
    },
    "filtering": {
      "rangeStart": 0,
      "rangeEnd": 345,
      "total": 345,
      "categories": {
        "other": 329.80861666674724,
        "rendering": 1.5679999998925875,
        "scripting": 11.994383333325388,
        "painting": 0,
        "idle": 1.229666666709818
      },
      "updateCounters": {
        "sampleCount": 1,
        "jsHeapMinBytes": 158476028,
        "jsHeapMaxBytes": 158476077.33333334,
        "jsHeapMinLabel": "158476 kb",
        "jsHeapMaxLabel": "158.5 Mb",
        "documentsMin": 4,
        "documentsMax": 4,
        "nodesMin": 1985,
        "nodesMax": 1985,
        "listenersMin": 201,
        "listenersMax": 201
      },
      "runs": 3,
      "hookTiming": 4.466666666674428
    },
    "scroll-down": {
      "rangeStart": 0,
      "rangeEnd": 16730,
      "total": 16730,
      "categories": {
        "other": 205.02333333367605,
        "rendering": 23.078666668152437,
        "painting": 28.049999999580905,
        "scripting": 151.89699999979263,
        "idle": 16322.515666665355
      },
      "updateCounters": {
        "sampleCount": 501,
        "jsHeapMinBytes": 27259622.666666668,
        "jsHeapMaxBytes": 34762378.666666664,
        "jsHeapMinLabel": "27260 kb",
        "jsHeapMaxLabel": "34.8 Mb",
        "documentsMin": 2,
        "documentsMax": 2,
        "nodesMin": 150270,
        "nodesMax": 150270,
        "listenersMin": 158,
        "listenersMax": 158
      },
      "runs": 3
    },
    "scroll-left": {
      "rangeStart": 0,
      "rangeEnd": 16706,
      "total": 16706,
      "categories": {
        "other": 577.9743333386972,
        "rendering": 2140.0100000013285,
        "scripting": 2439.9663333279454,
        "painting": 732.5086666649828,
        "idle": 10815.857000000387
      },
      "updateCounters": {
        "sampleCount": 3041,
        "jsHeapMinBytes": 16171242.666666666,
        "jsHeapMaxBytes": 30203496,
        "jsHeapMinLabel": "16171 kb",
        "jsHeapMaxLabel": "30.2 Mb",
        "documentsMin": 2,
        "documentsMax": 2,
        "nodesMin": 1080,
        "nodesMax": 1080,
        "listenersMin": 158,
        "listenersMax": 158
      },
      "runs": 3
    },
    "scroll-right": {
      "rangeStart": 0,
      "rangeEnd": 8991,
      "total": 8991,
      "categories": {
        "rendering": 322.92533333366737,
        "scripting": 435.4756666663072,
        "painting": 120.65899999874334,
        "other": 172.43999999592702,
        "idle": 7939.652166671974
      },
      "updateCounters": {
        "sampleCount": 861,
        "jsHeapMinBytes": 16526657.333333334,
        "jsHeapMaxBytes": 24756436,
        "jsHeapMinLabel": "16527 kb",
        "jsHeapMaxLabel": "24.8 Mb",
        "documentsMin": 2,
        "documentsMax": 2,
        "nodesMin": 1080,
        "nodesMax": 1080,
        "listenersMin": 158,
        "listenersMax": 158
      },
      "runs": 3
    },
    "scroll-up": {
      "rangeStart": 0,
      "rangeEnd": 14534,
      "total": 14534,
      "categories": {
        "other": 400.70266666481893,
        "rendering": 1789.7373333401047,
        "scripting": 1967.2399999971842,
        "painting": 487.1769999999863,
        "idle": 9889.586916664615
      },
      "updateCounters": {
        "sampleCount": 953,
        "jsHeapMinBytes": 28081708,
        "jsHeapMaxBytes": 49914613.333333336,
        "jsHeapMinLabel": "28082 kb",
        "jsHeapMaxLabel": "49.9 Mb",
        "documentsMin": 2,
        "documentsMax": 2,
        "nodesMin": 150270,
        "nodesMax": 150274,
        "listenersMin": 158,
        "listenersMax": 158
      },
      "runs": 3
    },
    "sorting": {
      "rangeStart": 0,
      "rangeEnd": 342,
      "total": 342,
      "categories": {
        "other": 334.78853333339526,
        "rendering": 0.777849999954924,
        "scripting": 4.610516666650772,
        "painting": 0,
        "idle": 1.1540000000192474
      },
      "updateCounters": {
        "sampleCount": 1,
        "jsHeapMinBytes": 154393692,
        "jsHeapMaxBytes": 154393692,
        "jsHeapMinLabel": "154394 kb",
        "jsHeapMaxLabel": "154.4 Mb",
        "documentsMin": 4,
        "documentsMax": 4,
        "nodesMin": 1911,
        "nodesMax": 1911,
        "listenersMin": 145,
        "listenersMax": 145
      },
      "runs": 3,
      "hookTiming": 12.433333333348855
    }
  }
}