{
  "timestamp": "2026-04-29T09:51:10.523Z",
  "scenarios": {
    "cell-editing": {
      "rangeStart": 0,
      "rangeEnd": 2690,
      "total": 2690,
      "categories": {
        "other": 216.27066666646218,
        "rendering": 235.40666666632265,
        "scripting": 372.78733333370246,
        "painting": 45.81533333343881,
        "idle": 1819.9396666667453
      },
      "updateCounters": {
        "sampleCount": 2102,
        "jsHeapMinBytes": 15183444,
        "jsHeapMaxBytes": 28895740,
        "jsHeapMinLabel": "15183 kb",
        "jsHeapMaxLabel": "28.9 Mb",
        "documentsMin": 2,
        "documentsMax": 2,
        "nodesMin": 1030,
        "nodesMax": 1111,
        "listenersMin": 175,
        "listenersMax": 335
      },
      "runs": 3
    },
    "filtering": {
      "rangeStart": 0,
      "rangeEnd": 327,
      "total": 327,
      "categories": {
        "other": 314.3354333333264,
        "rendering": 2.160666666663019,
        "scripting": 9.326449999998013,
        "painting": 0,
        "idle": 1.4750000000058208
      },
      "updateCounters": {
        "sampleCount": 1,
        "jsHeapMinBytes": 149297014,
        "jsHeapMaxBytes": 149297014,
        "jsHeapMinLabel": "149297 kb",
        "jsHeapMaxLabel": "149.3 Mb",
        "documentsMin": 4,
        "documentsMax": 4,
        "nodesMin": 1984,
        "nodesMax": 1984,
        "listenersMin": 201,
        "listenersMax": 201
      },
      "runs": 3,
      "hookTiming": 4.89999999999903
    },
    "scroll-down": {
      "rangeStart": 0,
      "rangeEnd": 16726,
      "total": 16726,
      "categories": {
        "other": 147.58133333368608,
        "rendering": 19.261666666435,
        "painting": 19.325999999971827,
        "scripting": 132.26233333327738,
        "idle": 16407.8033333333
      },
      "updateCounters": {
        "sampleCount": 501,
        "jsHeapMinBytes": 26892849.333333332,
        "jsHeapMaxBytes": 30922752,
        "jsHeapMinLabel": "26893 kb",
        "jsHeapMaxLabel": "30.9 Mb",
        "documentsMin": 2,
        "documentsMax": 2,
        "nodesMin": 150268,
        "nodesMax": 150307,
        "listenersMin": 158,
        "listenersMax": 158
      },
      "runs": 3
    },
    "scroll-left": {
      "rangeStart": 0,
      "rangeEnd": 16701,
      "total": 16701,
      "categories": {
        "other": 510.21399999818306,
        "rendering": 2060.2973333330883,
        "painting": 579.2489999998846,
        "scripting": 2071.1950000012494,
        "idle": 11479.523000000927
      },
      "updateCounters": {
        "sampleCount": 3042,
        "jsHeapMinBytes": 15671646.666666666,
        "jsHeapMaxBytes": 30443234.666666668,
        "jsHeapMinLabel": "15672 kb",
        "jsHeapMaxLabel": "30.4 Mb",
        "documentsMin": 2,
        "documentsMax": 2,
        "nodesMin": 1078,
        "nodesMax": 1168,
        "listenersMin": 158,
        "listenersMax": 158
      },
      "runs": 3
    },
    "scroll-right": {
      "rangeStart": 0,
      "rangeEnd": 13605,
      "total": 13605,
      "categories": {
        "rendering": 308.42133333341917,
        "scripting": 349.02600000006305,
        "painting": 97.4693333323036,
        "other": 156.34566666751246,
        "idle": 12693.800466666697
      },
      "updateCounters": {
        "sampleCount": 860,
        "jsHeapMinBytes": 16401313.333333334,
        "jsHeapMaxBytes": 21391724,
        "jsHeapMinLabel": "16401 kb",
        "jsHeapMaxLabel": "21.4 Mb",
        "documentsMin": 2,
        "documentsMax": 2,
        "nodesMin": 1078,
        "nodesMax": 1109,
        "listenersMin": 158,
        "listenersMax": 158
      },
      "runs": 3
    },
    "scroll-up": {
      "rangeStart": 0,
      "rangeEnd": 14544,
      "total": 14544,
      "categories": {
        "other": 273.82299999982445,
        "rendering": 1677.1166666663873,
        "scripting": 1607.1710000011517,
        "painting": 382.17266666627256,
        "idle": 10603.143949999707
      },
      "updateCounters": {
        "sampleCount": 927,
        "jsHeapMinBytes": 28130433.333333332,
        "jsHeapMaxBytes": 56704932,
        "jsHeapMinLabel": "28130 kb",
        "jsHeapMaxLabel": "56.7 Mb",
        "documentsMin": 2,
        "documentsMax": 2,
        "nodesMin": 150275,
        "nodesMax": 150755,
        "listenersMin": 158,
        "listenersMax": 158
      },
      "runs": 3
    },
    "sorting": {
      "rangeStart": 0,
      "rangeEnd": 325,
      "total": 325,
      "categories": {
        "other": 317.7085833332438,
        "rendering": 0.8595500000131627,
        "scripting": 4.73421666665872,
        "painting": 0,
        "idle": 1.0853333333895232
      },
      "updateCounters": {
        "sampleCount": 2,
        "jsHeapMinBytes": 141836876,
        "jsHeapMaxBytes": 147200736,
        "jsHeapMinLabel": "141837 kb",
        "jsHeapMaxLabel": "147.2 Mb",
        "documentsMin": 4,
        "documentsMax": 4,
        "nodesMin": 1913,
        "nodesMax": 1915,
        "listenersMin": 145,
        "listenersMax": 145
      },
      "runs": 3,
      "hookTiming": 11.699999999992238
    }
  }
}