{
  "timestamp": "2026-06-30T11:40:12.524Z",
  "scenarios": {
    "cell-editing": {
      "rangeStart": 0,
      "rangeEnd": 2863,
      "total": 2863,
      "categories": {
        "other": 204.8670000000211,
        "rendering": 370.7926666668063,
        "scripting": 380.5783333331022,
        "painting": 51.1760000000019,
        "idle": 1855.9406666667394
      },
      "updateCounters": {
        "sampleCount": 2126,
        "jsHeapMinBytes": 11450401.333333334,
        "jsHeapMaxBytes": 18972676,
        "jsHeapMinLabel": "11450 kB",
        "jsHeapMaxLabel": "19.0 MB",
        "documentsMin": 1,
        "documentsMax": 1,
        "nodesMin": 827,
        "nodesMax": 1143,
        "listenersMin": 176,
        "listenersMax": 363
      },
      "runs": 3
    },
    "filtering": {
      "rangeStart": 0,
      "rangeEnd": 509,
      "total": 509,
      "categories": {
        "other": 494.40311666666565,
        "scripting": 13.56518333333234,
        "rendering": 0,
        "painting": 0,
        "idle": 1.2236666666625144
      },
      "updateCounters": {
        "sampleCount": 1,
        "jsHeapMinBytes": 325021798.6666667,
        "jsHeapMaxBytes": 329800422.6666667,
        "jsHeapMinLabel": "325022 kB",
        "jsHeapMaxLabel": "329.8 MB",
        "documentsMin": 3,
        "documentsMax": 3,
        "nodesMin": 1999,
        "nodesMax": 1999,
        "listenersMin": 209,
        "listenersMax": 209
      },
      "runs": 3,
      "hookTiming": 40.66666666667152
    },
    "initial-load": {
      "rangeStart": 0,
      "rangeEnd": 523,
      "total": 523,
      "categories": {
        "other": 477.88831666662253,
        "rendering": 8.64866666670423,
        "scripting": 35.77798333334065,
        "painting": 0.010000000002037268,
        "idle": 1.2086666666630965
      },
      "updateCounters": {
        "sampleCount": 3,
        "jsHeapMinBytes": 296963349.3333333,
        "jsHeapMaxBytes": 302860921.3333333,
        "jsHeapMinLabel": "296963 kB",
        "jsHeapMaxLabel": "302.9 MB",
        "documentsMin": 1,
        "documentsMax": 1,
        "nodesMin": 4796,
        "nodesMax": 5389,
        "listenersMin": 629,
        "listenersMax": 673
      },
      "runs": 3
    },
    "scroll-down": {
      "rangeStart": 0,
      "rangeEnd": 10221,
      "total": 10221,
      "categories": {
        "rendering": 801.1736666664074,
        "scripting": 741.2513333329389,
        "painting": 251.07800000023175,
        "other": 231.40266666665346,
        "idle": 8196.173850000438
      },
      "updateCounters": {
        "sampleCount": 901,
        "jsHeapMinBytes": 21716137.333333332,
        "jsHeapMaxBytes": 39997922.666666664,
        "jsHeapMinLabel": "21716 kB",
        "jsHeapMaxLabel": "40.0 MB",
        "documentsMin": 1,
        "documentsMax": 1,
        "nodesMin": 1754,
        "nodesMax": 1878,
        "listenersMin": 158,
        "listenersMax": 158
      },
      "runs": 3
    },
    "scroll-left": {
      "rangeStart": 0,
      "rangeEnd": 16671,
      "total": 16671,
      "categories": {
        "other": 445.4086666668402,
        "rendering": 1785.5219999992696,
        "scripting": 1976.8293333338413,
        "painting": 608.4176666664911,
        "idle": 11854.67600000022
      },
      "updateCounters": {
        "sampleCount": 3146,
        "jsHeapMinBytes": 14362997.333333334,
        "jsHeapMaxBytes": 18601169.333333332,
        "jsHeapMinLabel": "14363 kB",
        "jsHeapMaxLabel": "18.6 MB",
        "documentsMin": 1,
        "documentsMax": 1,
        "nodesMin": 1071,
        "nodesMax": 1101,
        "listenersMin": 158,
        "listenersMax": 158
      },
      "runs": 3
    },
    "scroll-right": {
      "rangeStart": 0,
      "rangeEnd": 13591,
      "total": 13591,
      "categories": {
        "rendering": 265.8663333333291,
        "scripting": 333.5759999992846,
        "painting": 102.9119999994873,
        "other": 168.49766666899902,
        "idle": 12719.807783332246
      },
      "updateCounters": {
        "sampleCount": 863,
        "jsHeapMinBytes": 14973885.333333334,
        "jsHeapMaxBytes": 19950940,
        "jsHeapMinLabel": "14974 kB",
        "jsHeapMaxLabel": "20.0 MB",
        "documentsMin": 1,
        "documentsMax": 1,
        "nodesMin": 1051,
        "nodesMax": 1061,
        "listenersMin": 158,
        "listenersMax": 158
      },
      "runs": 3
    },
    "scroll-up": {
      "rangeStart": 0,
      "rangeEnd": 16717,
      "total": 16717,
      "categories": {
        "other": 682.0963333313157,
        "rendering": 3269.803333334023,
        "scripting": 2793.619333332265,
        "painting": 1031.533999999927,
        "idle": 8939.7733333358
      },
      "updateCounters": {
        "sampleCount": 2319,
        "jsHeapMinBytes": 21804432,
        "jsHeapMaxBytes": 49945197.333333336,
        "jsHeapMinLabel": "21804 kB",
        "jsHeapMaxLabel": "49.9 MB",
        "documentsMin": 1,
        "documentsMax": 1,
        "nodesMin": 1795,
        "nodesMax": 2084,
        "listenersMin": 158,
        "listenersMax": 158
      },
      "runs": 3
    },
    "sorting": {
      "rangeStart": 0,
      "rangeEnd": 588,
      "total": 588,
      "categories": {
        "other": 529.1269999999653,
        "scripting": 53.56846666667238,
        "rendering": 3.3543333333412497,
        "painting": 0.6649999999984478,
        "idle": 1.1640000000479442
      },
      "updateCounters": {
        "sampleCount": 3,
        "jsHeapMinBytes": 355581637.3333333,
        "jsHeapMaxBytes": 357666716,
        "jsHeapMinLabel": "355582 kB",
        "jsHeapMaxLabel": "357.7 MB",
        "documentsMin": 3,
        "documentsMax": 3,
        "nodesMin": 1897,
        "nodesMax": 1897,
        "listenersMin": 145,
        "listenersMax": 145
      },
      "runs": 3,
      "hookTiming": 117.39999999998447
    },
    "source-data-validator-load": {
      "rangeStart": 0,
      "rangeEnd": 6605,
      "total": 6605,
      "categories": {
        "other": 1414.1366666666936,
        "rendering": 19.420666666682035,
        "scripting": 5168.451999999936,
        "painting": 0.01799999998183921,
        "idle": 2.739000000040202
      },
      "updateCounters": {
        "sampleCount": 61,
        "jsHeapMinBytes": 534076017.3333333,
        "jsHeapMaxBytes": 1326916109.3333333,
        "jsHeapMinLabel": "534076 kB",
        "jsHeapMaxLabel": "1326.9 MB",
        "documentsMin": 1,
        "documentsMax": 1,
        "nodesMin": 3600,
        "nodesMax": 4759,
        "listenersMin": 383,
        "listenersMax": 459
      },
      "runs": 3
    }
  }
}