{
  "timestamp": "2026-06-29T09:45:47.828Z",
  "scenarios": {
    "cell-editing": {
      "rangeStart": 0,
      "rangeEnd": 2845,
      "total": 2845,
      "categories": {
        "other": 214.7643333328534,
        "rendering": 362.18500000013347,
        "scripting": 408.9836666663337,
        "painting": 42.82766666641692,
        "idle": 1816.0673333342613
      },
      "updateCounters": {
        "sampleCount": 2128,
        "jsHeapMinBytes": 11275557.333333334,
        "jsHeapMaxBytes": 18831577.333333332,
        "jsHeapMinLabel": "11276 kB",
        "jsHeapMaxLabel": "18.8 MB",
        "documentsMin": 1,
        "documentsMax": 1,
        "nodesMin": 784,
        "nodesMax": 1035,
        "listenersMin": 175,
        "listenersMax": 287
      },
      "runs": 3
    },
    "filtering": {
      "rangeStart": 0,
      "rangeEnd": 704,
      "total": 704,
      "categories": {
        "other": 611.9576666667216,
        "scripting": 77.2267666666795,
        "rendering": 10.43100000002111,
        "painting": 1.096999999989445,
        "idle": 2.817999999950795
      },
      "updateCounters": {
        "sampleCount": 2,
        "jsHeapMinBytes": 333540418.6666667,
        "jsHeapMaxBytes": 361768185.3333333,
        "jsHeapMinLabel": "333540 kB",
        "jsHeapMaxLabel": "361.8 MB",
        "documentsMin": 3,
        "documentsMax": 3,
        "nodesMin": 1967,
        "nodesMax": 1967,
        "listenersMin": 206,
        "listenersMax": 206
      },
      "runs": 3,
      "hookTiming": 86.66666666668607
    },
    "initial-load": {
      "rangeStart": 0,
      "rangeEnd": 618,
      "total": 618,
      "categories": {
        "other": 591.5303333333321,
        "rendering": 0.4930000000167638,
        "scripting": 23.07739999999603,
        "idle": 3.0636666666444703,
        "painting": 0
      },
      "updateCounters": {
        "sampleCount": 3,
        "jsHeapMinBytes": 316237317.3333333,
        "jsHeapMaxBytes": 325032685.3333333,
        "jsHeapMinLabel": "316237 kB",
        "jsHeapMaxLabel": "325.0 MB",
        "documentsMin": 1,
        "documentsMax": 1,
        "nodesMin": 4793,
        "nodesMax": 5389,
        "listenersMin": 629,
        "listenersMax": 673
      },
      "runs": 3
    },
    "scroll-down": {
      "rangeStart": 0,
      "rangeEnd": 10011,
      "total": 10011,
      "categories": {
        "rendering": 878.8740000007286,
        "scripting": 794.4729999976574,
        "painting": 268.9553333326864,
        "other": 241.43400000293116,
        "idle": 7827.004916665959
      },
      "updateCounters": {
        "sampleCount": 900,
        "jsHeapMinBytes": 22410188,
        "jsHeapMaxBytes": 33913334.666666664,
        "jsHeapMinLabel": "22410 kB",
        "jsHeapMaxLabel": "33.9 MB",
        "documentsMin": 1,
        "documentsMax": 1,
        "nodesMin": 1754,
        "nodesMax": 1878,
        "listenersMin": 158,
        "listenersMax": 158
      },
      "runs": 3
    },
    "scroll-left": {
      "rangeStart": 0,
      "rangeEnd": 16700,
      "total": 16700,
      "categories": {
        "other": 485.80100000219824,
        "scripting": 2249.1716666649163,
        "rendering": 2028.1963333379633,
        "painting": 694.3859999986598,
        "idle": 11242.708999996228
      },
      "updateCounters": {
        "sampleCount": 3060,
        "jsHeapMinBytes": 14320018.666666666,
        "jsHeapMaxBytes": 24350537.333333332,
        "jsHeapMinLabel": "14320 kB",
        "jsHeapMaxLabel": "24.4 MB",
        "documentsMin": 1,
        "documentsMax": 1,
        "nodesMin": 1071,
        "nodesMax": 1101,
        "listenersMin": 158,
        "listenersMax": 158
      },
      "runs": 3
    },
    "scroll-right": {
      "rangeStart": 0,
      "rangeEnd": 13598,
      "total": 13598,
      "categories": {
        "rendering": 303.5063333345267,
        "scripting": 378.65466666426545,
        "painting": 115.74066666665021,
        "other": 165.4263333372924,
        "idle": 12634.397116663904
      },
      "updateCounters": {
        "sampleCount": 863,
        "jsHeapMinBytes": 15255010.666666666,
        "jsHeapMaxBytes": 20226700,
        "jsHeapMinLabel": "15255 kB",
        "jsHeapMaxLabel": "20.2 MB",
        "documentsMin": 1,
        "documentsMax": 1,
        "nodesMin": 1051,
        "nodesMax": 1061,
        "listenersMin": 158,
        "listenersMax": 158
      },
      "runs": 3
    },
    "scroll-up": {
      "rangeStart": 0,
      "rangeEnd": 16746,
      "total": 16746,
      "categories": {
        "other": 764.9139999998789,
        "rendering": 4040.154666665437,
        "painting": 1210.623666666681,
        "scripting": 3246.2613333353406,
        "idle": 7484.12466666603
      },
      "updateCounters": {
        "sampleCount": 2315,
        "jsHeapMinBytes": 22327933.333333332,
        "jsHeapMaxBytes": 50861324,
        "jsHeapMinLabel": "22328 kB",
        "jsHeapMaxLabel": "50.9 MB",
        "documentsMin": 1,
        "documentsMax": 1,
        "nodesMin": 1795,
        "nodesMax": 2064,
        "listenersMin": 158,
        "listenersMax": 158
      },
      "runs": 3
    },
    "sorting": {
      "rangeStart": 0,
      "rangeEnd": 917,
      "total": 917,
      "categories": {
        "other": 793.9159999998969,
        "scripting": 117.38638333331482,
        "rendering": 3.262000000065503,
        "painting": 0.6130000000121072,
        "idle": 2.4656666667045406
      },
      "updateCounters": {
        "sampleCount": 3,
        "jsHeapMinBytes": 401788661.3333333,
        "jsHeapMaxBytes": 407922106.6666667,
        "jsHeapMinLabel": "401789 kB",
        "jsHeapMaxLabel": "407.9 MB",
        "documentsMin": 2,
        "documentsMax": 2,
        "nodesMin": 1867,
        "nodesMax": 1867,
        "listenersMin": 145,
        "listenersMax": 145
      },
      "runs": 3,
      "hookTiming": 237.5
    },
    "source-data-validator-load": {
      "rangeStart": 0,
      "rangeEnd": 8704,
      "total": 8704,
      "categories": {
        "other": 1779.5289999998079,
        "rendering": 24.29600000024463,
        "scripting": 6897.464666666597,
        "idle": 2.9153333333476135
      },
      "updateCounters": {
        "sampleCount": 61,
        "jsHeapMinBytes": 536418864,
        "jsHeapMaxBytes": 1329034730.6666667,
        "jsHeapMinLabel": "536419 kB",
        "jsHeapMaxLabel": "1329.0 MB",
        "documentsMin": 1,
        "documentsMax": 1,
        "nodesMin": 3600,
        "nodesMax": 4760,
        "listenersMin": 383,
        "listenersMax": 459
      },
      "runs": 3
    }
  }
}