{
  "timestamp": "2026-05-25T09:01:18.458Z",
  "scenarios": {
    "cell-editing": {
      "rangeStart": 0,
      "rangeEnd": 2743,
      "total": 2743,
      "categories": {
        "other": 234.7096666667123,
        "rendering": 246.7103333333022,
        "scripting": 398.19666666687726,
        "painting": 46.04466666645021,
        "idle": 1816.9276666666653
      },
      "updateCounters": {
        "sampleCount": 2102,
        "jsHeapMinBytes": 15294998.666666666,
        "jsHeapMaxBytes": 30101257.333333332,
        "jsHeapMinLabel": "15295 kb",
        "jsHeapMaxLabel": "30.1 Mb",
        "documentsMin": 2,
        "documentsMax": 2,
        "nodesMin": 1030,
        "nodesMax": 1119,
        "listenersMin": 175,
        "listenersMax": 351
      },
      "runs": 3
    },
    "filtering": {
      "rangeStart": 0,
      "rangeEnd": 394,
      "total": 394,
      "categories": {
        "other": 377.1336666666552,
        "rendering": 2.7770000000115638,
        "scripting": 11.946966666666325,
        "painting": 0.4637500000050447,
        "idle": 1.2706666666684516
      },
      "updateCounters": {
        "sampleCount": 1,
        "jsHeapMinBytes": 155782720,
        "jsHeapMaxBytes": 155782720,
        "jsHeapMinLabel": "155783 kb",
        "jsHeapMaxLabel": "155.8 Mb",
        "documentsMin": 4,
        "documentsMax": 4,
        "nodesMin": 1981,
        "nodesMax": 1981,
        "listenersMin": 201,
        "listenersMax": 201
      },
      "runs": 3,
      "hookTiming": 4.899999999994179
    },
    "scroll-down": {
      "rangeStart": 0,
      "rangeEnd": 16729,
      "total": 16729,
      "categories": {
        "other": 170.0880000005914,
        "rendering": 22.741333333067207,
        "painting": 23.63999999999457,
        "scripting": 133.37733333314233,
        "idle": 16378.862666666528
      },
      "updateCounters": {
        "sampleCount": 501,
        "jsHeapMinBytes": 26922780,
        "jsHeapMaxBytes": 30292949.333333332,
        "jsHeapMinLabel": "26923 kb",
        "jsHeapMaxLabel": "30.3 Mb",
        "documentsMin": 2,
        "documentsMax": 2,
        "nodesMin": 150268,
        "nodesMax": 150305,
        "listenersMin": 158,
        "listenersMax": 158
      },
      "runs": 3
    },
    "scroll-left": {
      "rangeStart": 0,
      "rangeEnd": 16700,
      "total": 16700,
      "categories": {
        "other": 511.41833333420783,
        "rendering": 2210.8513333317824,
        "scripting": 2161.456000001131,
        "painting": 620.5983333338323,
        "idle": 11195.846666665728
      },
      "updateCounters": {
        "sampleCount": 3041,
        "jsHeapMinBytes": 16051736,
        "jsHeapMaxBytes": 30593622.666666668,
        "jsHeapMinLabel": "16052 kb",
        "jsHeapMaxLabel": "30.6 Mb",
        "documentsMin": 2,
        "documentsMax": 2,
        "nodesMin": 1078,
        "nodesMax": 1172,
        "listenersMin": 158,
        "listenersMax": 158
      },
      "runs": 3
    },
    "scroll-right": {
      "rangeStart": 0,
      "rangeEnd": 13602,
      "total": 13602,
      "categories": {
        "rendering": 328.8656666670383,
        "scripting": 354.3726666666286,
        "painting": 103.62333333337058,
        "other": 165.49366666574977,
        "idle": 12649.83616666719
      },
      "updateCounters": {
        "sampleCount": 860,
        "jsHeapMinBytes": 16440100,
        "jsHeapMaxBytes": 21438605.333333332,
        "jsHeapMinLabel": "16440 kb",
        "jsHeapMaxLabel": "21.4 Mb",
        "documentsMin": 2,
        "documentsMax": 2,
        "nodesMin": 1078,
        "nodesMax": 1109,
        "listenersMin": 158,
        "listenersMax": 158
      },
      "runs": 3
    },
    "scroll-up": {
      "rangeStart": 0,
      "rangeEnd": 15302,
      "total": 15302,
      "categories": {
        "other": 287.08600000131497,
        "rendering": 1815.86500000034,
        "scripting": 1732.291666664644,
        "painting": 393.1150000002817,
        "idle": 11073.442666666757
      },
      "updateCounters": {
        "sampleCount": 948,
        "jsHeapMinBytes": 27938637.333333332,
        "jsHeapMaxBytes": 50260672,
        "jsHeapMinLabel": "27939 kb",
        "jsHeapMaxLabel": "50.3 Mb",
        "documentsMin": 2,
        "documentsMax": 2,
        "nodesMin": 150272,
        "nodesMax": 150746,
        "listenersMin": 158,
        "listenersMax": 158
      },
      "runs": 3
    },
    "sorting": {
      "rangeStart": 0,
      "rangeEnd": 382,
      "total": 382,
      "categories": {
        "other": 373.6389666666241,
        "rendering": 0.7863666667059684,
        "scripting": 6.006583333333334,
        "painting": 0,
        "idle": 2.011333333347769
      },
      "updateCounters": {
        "sampleCount": 2,
        "jsHeapMinBytes": 142080820,
        "jsHeapMaxBytes": 147454240,
        "jsHeapMinLabel": "142081 kb",
        "jsHeapMaxLabel": "147.5 Mb",
        "documentsMin": 4,
        "documentsMax": 4,
        "nodesMin": 1913,
        "nodesMax": 1915,
        "listenersMin": 145,
        "listenersMax": 145
      },
      "runs": 3,
      "hookTiming": 12.09999999999612
    }
  }
}