{
  "timestamp": "2026-04-29T10:40:15.931Z",
  "scenarios": {
    "cell-editing": {
      "rangeStart": 0,
      "rangeEnd": 2960,
      "total": 2960,
      "categories": {
        "other": 257.9540000005516,
        "rendering": 298.9129999991953,
        "scripting": 474.4203333339142,
        "painting": 59.50633333340132,
        "idle": 1869.5076666662837
      },
      "updateCounters": {
        "sampleCount": 2103,
        "jsHeapMinBytes": 15697018.666666666,
        "jsHeapMaxBytes": 30777274.666666668,
        "jsHeapMinLabel": "15697 kb",
        "jsHeapMaxLabel": "30.8 Mb",
        "documentsMin": 2,
        "documentsMax": 2,
        "nodesMin": 1032,
        "nodesMax": 1132,
        "listenersMin": 176,
        "listenersMax": 385
      },
      "runs": 3
    },
    "filtering": {
      "rangeStart": 0,
      "rangeEnd": 358,
      "total": 358,
      "categories": {
        "other": 341.3353333333505,
        "rendering": 2.093333333313543,
        "scripting": 12.127566666662693,
        "painting": 0,
        "idle": 2.0719999999855645
      },
      "updateCounters": {
        "sampleCount": 1,
        "jsHeapMinBytes": 143529924,
        "jsHeapMaxBytes": 143529924,
        "jsHeapMinLabel": "143530 kb",
        "jsHeapMaxLabel": "143.5 Mb",
        "documentsMin": 4,
        "documentsMax": 4,
        "nodesMin": 1987,
        "nodesMax": 1987,
        "listenersMin": 201,
        "listenersMax": 201
      },
      "runs": 3,
      "hookTiming": 4.433333333339154
    },
    "scroll-down": {
      "rangeStart": 0,
      "rangeEnd": 16719,
      "total": 16719,
      "categories": {
        "other": 210.1310000002527,
        "rendering": 24.93433333314412,
        "painting": 29.21233333341661,
        "scripting": 133.58033333331045,
        "idle": 16320.701999999865
      },
      "updateCounters": {
        "sampleCount": 501,
        "jsHeapMinBytes": 26899110.666666668,
        "jsHeapMaxBytes": 30480646.666666668,
        "jsHeapMinLabel": "26899 kb",
        "jsHeapMaxLabel": "30.5 Mb",
        "documentsMin": 2,
        "documentsMax": 2,
        "nodesMin": 150268,
        "nodesMax": 150305,
        "listenersMin": 158,
        "listenersMax": 158
      },
      "runs": 3
    },
    "scroll-left": {
      "rangeStart": 0,
      "rangeEnd": 16688,
      "total": 16688,
      "categories": {
        "other": 478.10166666761285,
        "rendering": 2107.0826666654516,
        "scripting": 2163.7710000005536,
        "painting": 574.5189999994085,
        "idle": 11364.82633333363
      },
      "updateCounters": {
        "sampleCount": 3042,
        "jsHeapMinBytes": 15949490.666666666,
        "jsHeapMaxBytes": 30654744,
        "jsHeapMinLabel": "15949 kb",
        "jsHeapMaxLabel": "30.7 Mb",
        "documentsMin": 2,
        "documentsMax": 2,
        "nodesMin": 1078,
        "nodesMax": 1170,
        "listenersMin": 158,
        "listenersMax": 158
      },
      "runs": 3
    },
    "scroll-right": {
      "rangeStart": 0,
      "rangeEnd": 13598,
      "total": 13598,
      "categories": {
        "rendering": 304.9166666662786,
        "scripting": 351.40799999985137,
        "painting": 94.11199999996461,
        "other": 152.12900000113,
        "idle": 12695.5152166661
      },
      "updateCounters": {
        "sampleCount": 861,
        "jsHeapMinBytes": 16392386.666666666,
        "jsHeapMaxBytes": 21386736,
        "jsHeapMinLabel": "16392 kb",
        "jsHeapMaxLabel": "21.4 Mb",
        "documentsMin": 2,
        "documentsMax": 2,
        "nodesMin": 1078,
        "nodesMax": 1110,
        "listenersMin": 158,
        "listenersMax": 158
      },
      "runs": 3
    },
    "scroll-up": {
      "rangeStart": 0,
      "rangeEnd": 14550,
      "total": 14550,
      "categories": {
        "other": 281.15166666614994,
        "rendering": 1893.7560000017208,
        "scripting": 1847.5159999985074,
        "painting": 419.478999999604,
        "idle": 10108.337133334018
      },
      "updateCounters": {
        "sampleCount": 947,
        "jsHeapMinBytes": 27929562.666666668,
        "jsHeapMaxBytes": 50206488,
        "jsHeapMinLabel": "27930 kb",
        "jsHeapMaxLabel": "50.2 Mb",
        "documentsMin": 2,
        "documentsMax": 2,
        "nodesMin": 150273,
        "nodesMax": 150745,
        "listenersMin": 158,
        "listenersMax": 158
      },
      "runs": 3
    },
    "sorting": {
      "rangeStart": 0,
      "rangeEnd": 348,
      "total": 348,
      "categories": {
        "other": 341.4170833332976,
        "rendering": 0.09100000001490116,
        "scripting": 5.303533333341281,
        "painting": 0,
        "idle": 1.7613333333477688
      },
      "updateCounters": {
        "sampleCount": 2,
        "jsHeapMinBytes": 141588764,
        "jsHeapMaxBytes": 146944604,
        "jsHeapMinLabel": "141589 kb",
        "jsHeapMaxLabel": "146.9 Mb",
        "documentsMin": 4,
        "documentsMax": 4,
        "nodesMin": 1913,
        "nodesMax": 1915,
        "listenersMin": 145,
        "listenersMax": 145
      },
      "runs": 3,
      "hookTiming": 12.09999999999612
    }
  }
}