{
  "timestamp": "2026-05-06T07:07:53.511Z",
  "scenarios": {
    "cell-editing": {
      "rangeStart": 0,
      "rangeEnd": 2890,
      "total": 2890,
      "categories": {
        "other": 245.75566666614358,
        "rendering": 279.13100000007154,
        "scripting": 448.48600000009816,
        "painting": 55.53433333333427,
        "idle": 1861.3273333336838
      },
      "updateCounters": {
        "sampleCount": 2103,
        "jsHeapMinBytes": 15281594.666666666,
        "jsHeapMaxBytes": 29731812,
        "jsHeapMinLabel": "15282 kb",
        "jsHeapMaxLabel": "29.7 Mb",
        "documentsMin": 2,
        "documentsMax": 2,
        "nodesMin": 1030,
        "nodesMax": 1117,
        "listenersMin": 176,
        "listenersMax": 346
      },
      "runs": 3
    },
    "filtering": {
      "rangeStart": 0,
      "rangeEnd": 360,
      "total": 360,
      "categories": {
        "other": 163.49069999999816,
        "scripting": 189.90096666667432,
        "rendering": 2.7960000000117966,
        "painting": 0.7283333333325572,
        "idle": 3.1213333333143964
      },
      "updateCounters": {
        "sampleCount": 1,
        "jsHeapMinBytes": 147771346,
        "jsHeapMaxBytes": 147771346,
        "jsHeapMinLabel": "147771 kb",
        "jsHeapMaxLabel": "147.8 Mb",
        "documentsMin": 4,
        "documentsMax": 4,
        "nodesMin": 1983,
        "nodesMax": 1983,
        "listenersMin": 201,
        "listenersMax": 201
      },
      "runs": 3,
      "hookTiming": 5.466666666664726
    },
    "scroll-down": {
      "rangeStart": 0,
      "rangeEnd": 16723,
      "total": 16723,
      "categories": {
        "other": 164.7356666652595,
        "rendering": 22.355000000223907,
        "painting": 24.129333333306324,
        "scripting": 133.97499999999005,
        "idle": 16377.804666667891
      },
      "updateCounters": {
        "sampleCount": 501,
        "jsHeapMinBytes": 26912762.666666668,
        "jsHeapMaxBytes": 30950266.666666668,
        "jsHeapMinLabel": "26913 kb",
        "jsHeapMaxLabel": "31.0 Mb",
        "documentsMin": 2,
        "documentsMax": 2,
        "nodesMin": 150268,
        "nodesMax": 150307,
        "listenersMin": 158,
        "listenersMax": 158
      },
      "runs": 3
    },
    "scroll-left": {
      "rangeStart": 0,
      "rangeEnd": 16704,
      "total": 16704,
      "categories": {
        "other": 519.1826666684514,
        "rendering": 2283.3576666666195,
        "scripting": 2400.1396666664937,
        "painting": 631.7970000003697,
        "idle": 10869.6053333314
      },
      "updateCounters": {
        "sampleCount": 3042,
        "jsHeapMinBytes": 16015681.333333334,
        "jsHeapMaxBytes": 30692582.666666668,
        "jsHeapMinLabel": "16016 kb",
        "jsHeapMaxLabel": "30.7 Mb",
        "documentsMin": 2,
        "documentsMax": 2,
        "nodesMin": 1078,
        "nodesMax": 1171,
        "listenersMin": 158,
        "listenersMax": 158
      },
      "runs": 3
    },
    "scroll-right": {
      "rangeStart": 0,
      "rangeEnd": 13611,
      "total": 13611,
      "categories": {
        "rendering": 364.54733333265176,
        "scripting": 423.9143333336888,
        "painting": 117.13266666689499,
        "other": 213.69266666689205,
        "idle": 12491.265366666543
      },
      "updateCounters": {
        "sampleCount": 860,
        "jsHeapMinBytes": 16420277.333333334,
        "jsHeapMaxBytes": 21418654.666666668,
        "jsHeapMinLabel": "16420 kb",
        "jsHeapMaxLabel": "21.4 Mb",
        "documentsMin": 2,
        "documentsMax": 2,
        "nodesMin": 1078,
        "nodesMax": 1110,
        "listenersMin": 158,
        "listenersMax": 158
      },
      "runs": 3
    },
    "scroll-up": {
      "rangeStart": 0,
      "rangeEnd": 14559,
      "total": 14559,
      "categories": {
        "other": 322.75933332980827,
        "rendering": 1981.815333336029,
        "scripting": 1946.8099999992512,
        "painting": 464.7876666665543,
        "idle": 9843.085550001706
      },
      "updateCounters": {
        "sampleCount": 947,
        "jsHeapMinBytes": 27944928,
        "jsHeapMaxBytes": 50060988,
        "jsHeapMinLabel": "27945 kb",
        "jsHeapMaxLabel": "50.1 Mb",
        "documentsMin": 2,
        "documentsMax": 2,
        "nodesMin": 150273,
        "nodesMax": 150743,
        "listenersMin": 158,
        "listenersMax": 158
      },
      "runs": 3
    },
    "sorting": {
      "rangeStart": 0,
      "rangeEnd": 355,
      "total": 355,
      "categories": {
        "other": 347.85933333335953,
        "rendering": 0.22298333330157524,
        "scripting": 4.72998333332936,
        "painting": 0,
        "idle": 2.3136666666250676
      },
      "updateCounters": {
        "sampleCount": 2,
        "jsHeapMinBytes": 141784324,
        "jsHeapMaxBytes": 147149028,
        "jsHeapMinLabel": "141784 kb",
        "jsHeapMaxLabel": "147.1 Mb",
        "documentsMin": 4,
        "documentsMax": 4,
        "nodesMin": 1913,
        "nodesMax": 1915,
        "listenersMin": 145,
        "listenersMax": 145
      },
      "runs": 3,
      "hookTiming": 12.666666666666666
    }
  }
}