{
  "timestamp": "2026-04-27T13:25:17.573Z",
  "scenarios": {
    "cell-editing": {
      "rangeStart": 0,
      "rangeEnd": 2884,
      "total": 2884,
      "categories": {
        "other": 237.77666666664607,
        "rendering": 275.53900000001886,
        "scripting": 455.63266666671734,
        "painting": 54.508999999961816,
        "idle": 1860.8179999999847
      },
      "updateCounters": {
        "sampleCount": 2103,
        "jsHeapMinBytes": 15177380,
        "jsHeapMaxBytes": 27804360,
        "jsHeapMinLabel": "15177 kb",
        "jsHeapMaxLabel": "27.8 Mb",
        "documentsMin": 2,
        "documentsMax": 2,
        "nodesMin": 1030,
        "nodesMax": 1105,
        "listenersMin": 174,
        "listenersMax": 320
      },
      "runs": 3
    },
    "filtering": {
      "rangeStart": 0,
      "rangeEnd": 357,
      "total": 357,
      "categories": {
        "other": 340.86584999999167,
        "rendering": 2.2584833333336674,
        "scripting": 12.587733333334327,
        "painting": 0,
        "idle": 1.5493333333433839
      },
      "updateCounters": {
        "sampleCount": 1,
        "jsHeapMinBytes": 149042136,
        "jsHeapMaxBytes": 149042136,
        "jsHeapMinLabel": "149042 kb",
        "jsHeapMaxLabel": "149.0 Mb",
        "documentsMin": 4,
        "documentsMax": 4,
        "nodesMin": 1984,
        "nodesMax": 1984,
        "listenersMin": 199,
        "listenersMax": 199
      },
      "runs": 3,
      "hookTiming": 4.433333333329453
    },
    "scroll-down": {
      "rangeStart": 0,
      "rangeEnd": 16705,
      "total": 16705,
      "categories": {
        "other": 179.01133333403462,
        "rendering": 23.681999999535037,
        "painting": 25.415666666415444,
        "scripting": 127.6776666666284,
        "idle": 16349.84333333339
      },
      "updateCounters": {
        "sampleCount": 501,
        "jsHeapMinBytes": 26866310.666666668,
        "jsHeapMaxBytes": 30223873.333333332,
        "jsHeapMinLabel": "26866 kb",
        "jsHeapMaxLabel": "30.2 Mb",
        "documentsMin": 2,
        "documentsMax": 2,
        "nodesMin": 150268,
        "nodesMax": 150305,
        "listenersMin": 156,
        "listenersMax": 156
      },
      "runs": 3
    },
    "scroll-left": {
      "rangeStart": 0,
      "rangeEnd": 16700,
      "total": 16700,
      "categories": {
        "other": 540.0143333332272,
        "rendering": 2326.9960000006927,
        "scripting": 2418.2833333328804,
        "painting": 651.0463333328856,
        "idle": 10763.843000000305
      },
      "updateCounters": {
        "sampleCount": 3041,
        "jsHeapMinBytes": 15969630.666666666,
        "jsHeapMaxBytes": 30293406.666666668,
        "jsHeapMinLabel": "15970 kb",
        "jsHeapMaxLabel": "30.3 Mb",
        "documentsMin": 2,
        "documentsMax": 2,
        "nodesMin": 1078,
        "nodesMax": 1171,
        "listenersMin": 156,
        "listenersMax": 156
      },
      "runs": 3
    },
    "scroll-right": {
      "rangeStart": 0,
      "rangeEnd": 13605,
      "total": 13605,
      "categories": {
        "rendering": 354.491333333659,
        "scripting": 409.15900000064494,
        "painting": 116.38166666669228,
        "other": 208.91966666475233,
        "idle": 12515.764133334247
      },
      "updateCounters": {
        "sampleCount": 860,
        "jsHeapMinBytes": 16367373.333333334,
        "jsHeapMaxBytes": 21363713.333333332,
        "jsHeapMinLabel": "16367 kb",
        "jsHeapMaxLabel": "21.4 Mb",
        "documentsMin": 2,
        "documentsMax": 2,
        "nodesMin": 1078,
        "nodesMax": 1110,
        "listenersMin": 156,
        "listenersMax": 156
      },
      "runs": 3
    },
    "scroll-up": {
      "rangeStart": 0,
      "rangeEnd": 14556,
      "total": 14556,
      "categories": {
        "other": 315.41666666578425,
        "rendering": 1861.438000000858,
        "scripting": 1847.9586666671964,
        "painting": 426.63033333273296,
        "idle": 10104.523250000106
      },
      "updateCounters": {
        "sampleCount": 927,
        "jsHeapMinBytes": 28006545.333333332,
        "jsHeapMaxBytes": 56556784,
        "jsHeapMinLabel": "28007 kb",
        "jsHeapMaxLabel": "56.6 Mb",
        "documentsMin": 2,
        "documentsMax": 2,
        "nodesMin": 150274,
        "nodesMax": 150753,
        "listenersMin": 156,
        "listenersMax": 156
      },
      "runs": 3
    },
    "sorting": {
      "rangeStart": 0,
      "rangeEnd": 351,
      "total": 351,
      "categories": {
        "other": 342.8756666666477,
        "rendering": 0.9697500000280949,
        "scripting": 5.464416666666668,
        "painting": 0,
        "idle": 1.4529999999989134
      },
      "updateCounters": {
        "sampleCount": 2,
        "jsHeapMinBytes": 141657036,
        "jsHeapMaxBytes": 147010424,
        "jsHeapMinLabel": "141657 kb",
        "jsHeapMaxLabel": "147.0 Mb",
        "documentsMin": 4,
        "documentsMax": 4,
        "nodesMin": 1913,
        "nodesMax": 1915,
        "listenersMin": 143,
        "listenersMax": 143
      },
      "runs": 3,
      "hookTiming": 13.133333333321692
    }
  }
}