{
  "timestamp": "2026-05-29T06:00:57.664Z",
  "scenarios": {
    "cell-editing": {
      "rangeStart": 0,
      "rangeEnd": 2752,
      "total": 2752,
      "categories": {
        "other": 231.2563333333068,
        "rendering": 234.72133333324746,
        "scripting": 399.2459999999142,
        "painting": 45.415000000042106,
        "idle": 1841.9676666668286
      },
      "updateCounters": {
        "sampleCount": 2123,
        "jsHeapMinBytes": 15367576,
        "jsHeapMaxBytes": 28700252,
        "jsHeapMinLabel": "15368 kb",
        "jsHeapMaxLabel": "28.7 Mb",
        "documentsMin": 2,
        "documentsMax": 2,
        "nodesMin": 1031,
        "nodesMax": 1103,
        "listenersMin": 175,
        "listenersMax": 316
      },
      "runs": 3
    },
    "filtering": {
      "rangeStart": 0,
      "rangeEnd": 362,
      "total": 362,
      "categories": {
        "other": 170.78033333332436,
        "scripting": 188.6235500000033,
        "rendering": 1.9133333333399303,
        "painting": 0,
        "idle": 0.8386666666677532
      },
      "updateCounters": {
        "sampleCount": 1,
        "jsHeapMinBytes": 157423972,
        "jsHeapMaxBytes": 158484277.33333334,
        "jsHeapMinLabel": "157424 kb",
        "jsHeapMaxLabel": "158.5 Mb",
        "documentsMin": 4,
        "documentsMax": 4,
        "nodesMin": 1984,
        "nodesMax": 1985,
        "listenersMin": 201,
        "listenersMax": 201
      },
      "runs": 3,
      "hookTiming": 4.133333333331393
    },
    "scroll-down": {
      "rangeStart": 0,
      "rangeEnd": 16713,
      "total": 16713,
      "categories": {
        "other": 151.06800000057765,
        "rendering": 21.133333332972445,
        "painting": 21.34933333355487,
        "scripting": 115.83999999997114,
        "idle": 16403.16533333292
      },
      "updateCounters": {
        "sampleCount": 501,
        "jsHeapMinBytes": 26979116,
        "jsHeapMaxBytes": 30063089.333333332,
        "jsHeapMinLabel": "26979 kb",
        "jsHeapMaxLabel": "30.1 Mb",
        "documentsMin": 2,
        "documentsMax": 2,
        "nodesMin": 150270,
        "nodesMax": 150270,
        "listenersMin": 158,
        "listenersMax": 158
      },
      "runs": 3
    },
    "scroll-left": {
      "rangeStart": 0,
      "rangeEnd": 16705,
      "total": 16705,
      "categories": {
        "other": 479.95099999834923,
        "rendering": 2154.787999999457,
        "scripting": 2468.263666667241,
        "painting": 712.9380000001207,
        "idle": 10888.703000001493
      },
      "updateCounters": {
        "sampleCount": 3039,
        "jsHeapMinBytes": 16129832,
        "jsHeapMaxBytes": 30197506.666666668,
        "jsHeapMinLabel": "16130 kb",
        "jsHeapMaxLabel": "30.2 Mb",
        "documentsMin": 2,
        "documentsMax": 2,
        "nodesMin": 1080,
        "nodesMax": 1080,
        "listenersMin": 158,
        "listenersMax": 158
      },
      "runs": 3
    },
    "scroll-right": {
      "rangeStart": 0,
      "rangeEnd": 13616,
      "total": 13616,
      "categories": {
        "rendering": 316.541666666201,
        "scripting": 417.5543333340697,
        "painting": 116.3893333330828,
        "other": 166.72600000021933,
        "idle": 12598.687083333081
      },
      "updateCounters": {
        "sampleCount": 861,
        "jsHeapMinBytes": 16440358.666666666,
        "jsHeapMaxBytes": 25767286.666666668,
        "jsHeapMinLabel": "16440 kb",
        "jsHeapMaxLabel": "25.8 Mb",
        "documentsMin": 2,
        "documentsMax": 2,
        "nodesMin": 1080,
        "nodesMax": 1080,
        "listenersMin": 158,
        "listenersMax": 158
      },
      "runs": 3
    },
    "scroll-up": {
      "rangeStart": 0,
      "rangeEnd": 14543,
      "total": 14543,
      "categories": {
        "other": 267.9739999990573,
        "rendering": 1712.137000000531,
        "scripting": 1688.0040000001306,
        "painting": 428.7363333334021,
        "idle": 10446.368050000203
      },
      "updateCounters": {
        "sampleCount": 928,
        "jsHeapMinBytes": 28192240,
        "jsHeapMaxBytes": 56824949.333333336,
        "jsHeapMinLabel": "28192 kb",
        "jsHeapMaxLabel": "56.8 Mb",
        "documentsMin": 2,
        "documentsMax": 2,
        "nodesMin": 150270,
        "nodesMax": 150274,
        "listenersMin": 158,
        "listenersMax": 158
      },
      "runs": 3
    },
    "sorting": {
      "rangeStart": 0,
      "rangeEnd": 361,
      "total": 361,
      "categories": {
        "other": 353.15736666666436,
        "rendering": 1.0783333333286766,
        "scripting": 5.628700000007947,
        "painting": 0,
        "idle": 1.1003333333452854
      },
      "updateCounters": {
        "sampleCount": 1,
        "jsHeapMinBytes": 160448244,
        "jsHeapMaxBytes": 160448244,
        "jsHeapMinLabel": "160448 kb",
        "jsHeapMaxLabel": "160.4 Mb",
        "documentsMin": 4,
        "documentsMax": 4,
        "nodesMin": 1911,
        "nodesMax": 1911,
        "listenersMin": 145,
        "listenersMax": 145
      },
      "runs": 3,
      "hookTiming": 13.033333333344975
    }
  }
}