{
  "timestamp": "2026-06-30T09:12:44.930Z",
  "scenarios": {
    "cell-editing": {
      "rangeStart": 0,
      "rangeEnd": 3004,
      "total": 3004,
      "categories": {
        "other": 227.45199999980466,
        "rendering": 410.7916666665939,
        "scripting": 435.09366666681916,
        "painting": 52.015666666649246,
        "idle": 1878.5510000001377
      },
      "updateCounters": {
        "sampleCount": 2125,
        "jsHeapMinBytes": 12087765.333333334,
        "jsHeapMaxBytes": 19348960,
        "jsHeapMinLabel": "12088 kB",
        "jsHeapMaxLabel": "19.3 MB",
        "documentsMin": 1,
        "documentsMax": 1,
        "nodesMin": 823,
        "nodesMax": 1156,
        "listenersMin": 176,
        "listenersMax": 371
      },
      "runs": 3
    },
    "filtering": {
      "rangeStart": 0,
      "rangeEnd": 576,
      "total": 576,
      "categories": {
        "other": 558.1119000000022,
        "scripting": 16.761,
        "rendering": 0,
        "painting": 0,
        "idle": 1.4500000000019402
      },
      "updateCounters": {
        "sampleCount": 1,
        "jsHeapMinBytes": 325386128,
        "jsHeapMaxBytes": 330233461.3333333,
        "jsHeapMinLabel": "325386 kB",
        "jsHeapMaxLabel": "330.2 MB",
        "documentsMin": 3,
        "documentsMax": 3,
        "nodesMin": 1999,
        "nodesMax": 1999,
        "listenersMin": 209,
        "listenersMax": 209
      },
      "runs": 3,
      "hookTiming": 48.60000000000097
    },
    "initial-load": {
      "rangeStart": 0,
      "rangeEnd": 570,
      "total": 570,
      "categories": {
        "other": 548.619333333348,
        "rendering": 0.9883333333224679,
        "scripting": 19.508816666665837,
        "idle": 1.0363333333322469,
        "painting": 0
      },
      "updateCounters": {
        "sampleCount": 4,
        "jsHeapMinBytes": 294682638,
        "jsHeapMaxBytes": 303569090,
        "jsHeapMinLabel": "294683 kB",
        "jsHeapMaxLabel": "303.6 MB",
        "documentsMin": 1,
        "documentsMax": 1,
        "nodesMin": 5393,
        "nodesMax": 6283,
        "listenersMin": 739,
        "listenersMax": 805
      },
      "runs": 3
    },
    "scroll-down": {
      "rangeStart": 0,
      "rangeEnd": 10046,
      "total": 10046,
      "categories": {
        "rendering": 966.3126666664417,
        "scripting": 896.647999999861,
        "painting": 286.9686666666336,
        "other": 248.6610000001377,
        "idle": 7647.739433333588
      },
      "updateCounters": {
        "sampleCount": 900,
        "jsHeapMinBytes": 21959582.666666668,
        "jsHeapMaxBytes": 35242756,
        "jsHeapMinLabel": "21960 kB",
        "jsHeapMaxLabel": "35.2 MB",
        "documentsMin": 1,
        "documentsMax": 1,
        "nodesMin": 1754,
        "nodesMax": 1919,
        "listenersMin": 158,
        "listenersMax": 158
      },
      "runs": 3
    },
    "scroll-left": {
      "rangeStart": 0,
      "rangeEnd": 16707,
      "total": 16707,
      "categories": {
        "other": 533.4416666668586,
        "rendering": 2232.3269999998543,
        "painting": 751.0259999998767,
        "scripting": 2660.6150000008215,
        "idle": 10529.176333332589
      },
      "updateCounters": {
        "sampleCount": 3066,
        "jsHeapMinBytes": 14360574.666666666,
        "jsHeapMaxBytes": 23989312,
        "jsHeapMinLabel": "14361 kB",
        "jsHeapMaxLabel": "24.0 MB",
        "documentsMin": 1,
        "documentsMax": 1,
        "nodesMin": 1081,
        "nodesMax": 1111,
        "listenersMin": 158,
        "listenersMax": 158
      },
      "runs": 3
    },
    "scroll-right": {
      "rangeStart": 0,
      "rangeEnd": 13597,
      "total": 13597,
      "categories": {
        "rendering": 330.19999999931315,
        "scripting": 438.22466666701763,
        "painting": 125.84133333270438,
        "other": 182.5499999988416,
        "idle": 12519.984233335437
      },
      "updateCounters": {
        "sampleCount": 864,
        "jsHeapMinBytes": 14973688,
        "jsHeapMaxBytes": 19942321.333333332,
        "jsHeapMinLabel": "14974 kB",
        "jsHeapMaxLabel": "19.9 MB",
        "documentsMin": 1,
        "documentsMax": 1,
        "nodesMin": 1051,
        "nodesMax": 1061,
        "listenersMin": 158,
        "listenersMax": 158
      },
      "runs": 3
    },
    "scroll-up": {
      "rangeStart": 0,
      "rangeEnd": 16756,
      "total": 16756,
      "categories": {
        "other": 813.0613333308787,
        "rendering": 4184.534000001634,
        "painting": 1253.4710000008151,
        "scripting": 3673.4226666662657,
        "idle": 6831.166333333745
      },
      "updateCounters": {
        "sampleCount": 2315,
        "jsHeapMinBytes": 21823180,
        "jsHeapMaxBytes": 50342438.666666664,
        "jsHeapMinLabel": "21823 kB",
        "jsHeapMaxLabel": "50.3 MB",
        "documentsMin": 1,
        "documentsMax": 1,
        "nodesMin": 1795,
        "nodesMax": 2084,
        "listenersMin": 158,
        "listenersMax": 158
      },
      "runs": 3
    },
    "sorting": {
      "rangeStart": 0,
      "rangeEnd": 691,
      "total": 691,
      "categories": {
        "other": 613.9236666667032,
        "scripting": 69.8041499999867,
        "rendering": 4.538000000019868,
        "painting": 0.8236666666731859,
        "idle": 1.5003333332715556
      },
      "updateCounters": {
        "sampleCount": 3,
        "jsHeapMinBytes": 355267328,
        "jsHeapMaxBytes": 357308920,
        "jsHeapMinLabel": "355267 kB",
        "jsHeapMaxLabel": "357.3 MB",
        "documentsMin": 3,
        "documentsMax": 3,
        "nodesMin": 1897,
        "nodesMax": 1897,
        "listenersMin": 145,
        "listenersMax": 145
      },
      "runs": 3,
      "hookTiming": 148.03333333334498
    },
    "source-data-validator-load": {
      "rangeStart": 0,
      "rangeEnd": 8858,
      "total": 8858,
      "categories": {
        "other": 1660.4260000005272,
        "rendering": 21.586999999863718,
        "scripting": 7171.4803333329755,
        "painting": 0.031000000017229468,
        "idle": 4.369999999956538
      },
      "updateCounters": {
        "sampleCount": 60,
        "jsHeapMinBytes": 568442776,
        "jsHeapMaxBytes": 1359197810.6666667,
        "jsHeapMinLabel": "568443 kB",
        "jsHeapMaxLabel": "1359.2 MB",
        "documentsMin": 1,
        "documentsMax": 1,
        "nodesMin": 3587,
        "nodesMax": 4183,
        "listenersMin": 377,
        "listenersMax": 421
      },
      "runs": 3
    }
  }
}