{
  "timestamp": "2026-06-24T06:14:04.883Z",
  "scenarios": {
    "cell-editing": {
      "rangeStart": 0,
      "rangeEnd": 2459,
      "total": 2459,
      "categories": {
        "other": 162.56533333314326,
        "rendering": 223.3259999998263,
        "scripting": 253.0930000001289,
        "painting": 29.21266666665906,
        "idle": 1790.6586666669125
      },
      "updateCounters": {
        "sampleCount": 2122,
        "jsHeapMinBytes": 15006228,
        "jsHeapMaxBytes": 26405481.333333332,
        "jsHeapMinLabel": "15006 kb",
        "jsHeapMaxLabel": "26.4 Mb",
        "documentsMin": 1,
        "documentsMax": 1,
        "nodesMin": 1033,
        "nodesMax": 1092,
        "listenersMin": 176,
        "listenersMax": 310
      },
      "runs": 3
    },
    "filtering": {
      "rangeStart": 0,
      "rangeEnd": 275,
      "total": 275,
      "categories": {
        "other": 258.33988333336407,
        "rendering": 6.37166666664416,
        "scripting": 9.707699999998013,
        "painting": 0,
        "idle": 1.106666666668995
      },
      "updateCounters": {
        "sampleCount": 1,
        "jsHeapMinBytes": 157953878.66666666,
        "jsHeapMaxBytes": 157953928,
        "jsHeapMinLabel": "157954 kb",
        "jsHeapMaxLabel": "158.0 Mb",
        "documentsMin": 3,
        "documentsMax": 3,
        "nodesMin": 1980,
        "nodesMax": 1980,
        "listenersMin": 201,
        "listenersMax": 201
      },
      "runs": 3,
      "hookTiming": 1.2999999999980598
    },
    "scroll-down": {
      "rangeStart": 0,
      "rangeEnd": 16715,
      "total": 16715,
      "categories": {
        "other": 115.57866666697858,
        "rendering": 11.885999999610553,
        "painting": 15.137666667054873,
        "scripting": 98.21533333349119,
        "idle": 16474.471666666195
      },
      "updateCounters": {
        "sampleCount": 501,
        "jsHeapMinBytes": 26642460,
        "jsHeapMaxBytes": 32199754.666666668,
        "jsHeapMinLabel": "26642 kb",
        "jsHeapMaxLabel": "32.2 Mb",
        "documentsMin": 1,
        "documentsMax": 1,
        "nodesMin": 150271,
        "nodesMax": 150271,
        "listenersMin": 158,
        "listenersMax": 158
      },
      "runs": 3
    },
    "scroll-left": {
      "rangeStart": 0,
      "rangeEnd": 16684,
      "total": 16684,
      "categories": {
        "other": 378.08566666417386,
        "rendering": 1244.7540000008303,
        "scripting": 1382.4190000009294,
        "painting": 404.3166666670489,
        "idle": 13274.217333333683
      },
      "updateCounters": {
        "sampleCount": 3043,
        "jsHeapMinBytes": 15758448,
        "jsHeapMaxBytes": 30392470.666666668,
        "jsHeapMinLabel": "15758 kb",
        "jsHeapMaxLabel": "30.4 Mb",
        "documentsMin": 1,
        "documentsMax": 1,
        "nodesMin": 1081,
        "nodesMax": 1081,
        "listenersMin": 158,
        "listenersMax": 158
      },
      "runs": 3
    },
    "scroll-right": {
      "rangeStart": 0,
      "rangeEnd": 13587,
      "total": 13587,
      "categories": {
        "rendering": 185.70099999889499,
        "scripting": 231.94499999978936,
        "painting": 68.71300000024105,
        "other": 117.8463333325192,
        "idle": 12983.038850001894
      },
      "updateCounters": {
        "sampleCount": 861,
        "jsHeapMinBytes": 16194260,
        "jsHeapMaxBytes": 21226713.333333332,
        "jsHeapMinLabel": "16194 kb",
        "jsHeapMaxLabel": "21.2 Mb",
        "documentsMin": 1,
        "documentsMax": 1,
        "nodesMin": 1081,
        "nodesMax": 1081,
        "listenersMin": 158,
        "listenersMax": 158
      },
      "runs": 3
    },
    "scroll-up": {
      "rangeStart": 0,
      "rangeEnd": 14518,
      "total": 14518,
      "categories": {
        "other": 233.14400000172063,
        "rendering": 1156.2116666671936,
        "scripting": 1071.5009999993456,
        "painting": 263.3803333329852,
        "idle": 11793.228683332098
      },
      "updateCounters": {
        "sampleCount": 928,
        "jsHeapMinBytes": 27614634.666666668,
        "jsHeapMaxBytes": 56288700,
        "jsHeapMinLabel": "27615 kb",
        "jsHeapMaxLabel": "56.3 Mb",
        "documentsMin": 1,
        "documentsMax": 1,
        "nodesMin": 150271,
        "nodesMax": 150273,
        "listenersMin": 158,
        "listenersMax": 158
      },
      "runs": 3
    },
    "sorting": {
      "rangeStart": 0,
      "rangeEnd": 269,
      "total": 269,
      "categories": {
        "other": 254.9247166666854,
        "rendering": 3.754833333349476,
        "scripting": 8.559449999985906,
        "painting": 0.49433333333581686,
        "idle": 0.8289999999882033
      },
      "updateCounters": {
        "sampleCount": 1,
        "jsHeapMinBytes": 153697380,
        "jsHeapMaxBytes": 153697380,
        "jsHeapMinLabel": "153697 kb",
        "jsHeapMaxLabel": "153.7 Mb",
        "documentsMin": 3,
        "documentsMax": 3,
        "nodesMin": 1909,
        "nodesMax": 1909,
        "listenersMin": 145,
        "listenersMax": 145
      },
      "runs": 3,
      "hookTiming": 2.2000000000116415
    }
  }
}