{
  "timestamp": "2026-05-12T11:12:35.035Z",
  "scenarios": {
    "cell-editing": {
      "rangeStart": 0,
      "rangeEnd": 2720,
      "total": 2720,
      "categories": {
        "other": 235.18466666679672,
        "rendering": 236.96600000021377,
        "scripting": 391.34733333333105,
        "painting": 44.83499999998215,
        "idle": 1811.9699999996762
      },
      "updateCounters": {
        "sampleCount": 2103,
        "jsHeapMinBytes": 15305700,
        "jsHeapMaxBytes": 28275998.666666668,
        "jsHeapMinLabel": "15306 kb",
        "jsHeapMaxLabel": "28.3 Mb",
        "documentsMin": 2,
        "documentsMax": 2,
        "nodesMin": 1029,
        "nodesMax": 1101,
        "listenersMin": 175,
        "listenersMax": 308
      },
      "runs": 3
    },
    "filtering": {
      "rangeStart": 0,
      "rangeEnd": 387,
      "total": 387,
      "categories": {
        "other": 371.08659999999446,
        "rendering": 1.813183333336686,
        "scripting": 13.348699999998013,
        "painting": 0,
        "idle": 1.1726666666654637
      },
      "updateCounters": {
        "sampleCount": 1,
        "jsHeapMinBytes": 155592324,
        "jsHeapMaxBytes": 155592324,
        "jsHeapMinLabel": "155592 kb",
        "jsHeapMaxLabel": "155.6 Mb",
        "documentsMin": 4,
        "documentsMax": 4,
        "nodesMin": 1981,
        "nodesMax": 1981,
        "listenersMin": 201,
        "listenersMax": 201
      },
      "runs": 3,
      "hookTiming": 4.60000000000097
    },
    "scroll-down": {
      "rangeStart": 0,
      "rangeEnd": 16724,
      "total": 16724,
      "categories": {
        "other": 163.34433333340152,
        "rendering": 21.698333333052386,
        "painting": 22.925666666652734,
        "scripting": 129.39433333333318,
        "idle": 16386.724666666883
      },
      "updateCounters": {
        "sampleCount": 501,
        "jsHeapMinBytes": 26925040,
        "jsHeapMaxBytes": 29855684,
        "jsHeapMinLabel": "26925 kb",
        "jsHeapMaxLabel": "29.9 Mb",
        "documentsMin": 2,
        "documentsMax": 2,
        "nodesMin": 150268,
        "nodesMax": 150303,
        "listenersMin": 158,
        "listenersMax": 158
      },
      "runs": 3
    },
    "scroll-left": {
      "rangeStart": 0,
      "rangeEnd": 16702,
      "total": 16702,
      "categories": {
        "other": 491.60566666824565,
        "rendering": 2176.466000000209,
        "scripting": 2115.3603333323417,
        "painting": 602.0119999996969,
        "idle": 11316.462999999494
      },
      "updateCounters": {
        "sampleCount": 3041,
        "jsHeapMinBytes": 16042758.666666666,
        "jsHeapMaxBytes": 30691480,
        "jsHeapMinLabel": "16043 kb",
        "jsHeapMaxLabel": "30.7 Mb",
        "documentsMin": 2,
        "documentsMax": 2,
        "nodesMin": 1078,
        "nodesMax": 1171,
        "listenersMin": 158,
        "listenersMax": 158
      },
      "runs": 3
    },
    "scroll-right": {
      "rangeStart": 0,
      "rangeEnd": 13611,
      "total": 13611,
      "categories": {
        "rendering": 334.9250000019868,
        "scripting": 386.1526666663499,
        "painting": 107.60499999961273,
        "other": 177.63066666509368,
        "idle": 12604.831250000288
      },
      "updateCounters": {
        "sampleCount": 860,
        "jsHeapMinBytes": 16428444,
        "jsHeapMaxBytes": 25721605.333333332,
        "jsHeapMinLabel": "16428 kb",
        "jsHeapMaxLabel": "25.7 Mb",
        "documentsMin": 2,
        "documentsMax": 2,
        "nodesMin": 1078,
        "nodesMax": 1133,
        "listenersMin": 158,
        "listenersMax": 158
      },
      "runs": 3
    },
    "scroll-up": {
      "rangeStart": 0,
      "rangeEnd": 14560,
      "total": 14560,
      "categories": {
        "other": 290.5270000010148,
        "rendering": 1813.6233333318185,
        "scripting": 1720.9006666675905,
        "painting": 432.7520000002696,
        "idle": 10302.255566665961
      },
      "updateCounters": {
        "sampleCount": 927,
        "jsHeapMinBytes": 28058893.333333332,
        "jsHeapMaxBytes": 56642825.333333336,
        "jsHeapMinLabel": "28059 kb",
        "jsHeapMaxLabel": "56.6 Mb",
        "documentsMin": 2,
        "documentsMax": 2,
        "nodesMin": 150275,
        "nodesMax": 150754,
        "listenersMin": 158,
        "listenersMax": 158
      },
      "runs": 3
    },
    "sorting": {
      "rangeStart": 0,
      "rangeEnd": 376,
      "total": 376,
      "categories": {
        "other": 367.9816833333812,
        "rendering": 0.720316666624664,
        "scripting": 6.13496666665872,
        "painting": 0,
        "idle": 1.742666666667598
      },
      "updateCounters": {
        "sampleCount": 2,
        "jsHeapMinBytes": 141604692,
        "jsHeapMaxBytes": 146968508,
        "jsHeapMinLabel": "141605 kb",
        "jsHeapMaxLabel": "147.0 Mb",
        "documentsMin": 4,
        "documentsMax": 4,
        "nodesMin": 1913,
        "nodesMax": 1915,
        "listenersMin": 145,
        "listenersMax": 145
      },
      "runs": 3,
      "hookTiming": 12.266666666643383
    }
  }
}