{
  "timestamp": "2026-05-19T08:43:02.993Z",
  "scenarios": {
    "cell-editing": {
      "rangeStart": 0,
      "rangeEnd": 2785,
      "total": 2785,
      "categories": {
        "other": 247.10733333359335,
        "rendering": 255.1396666660536,
        "scripting": 409.2250000005074,
        "painting": 52.492666666716104,
        "idle": 1820.9449999997935
      },
      "updateCounters": {
        "sampleCount": 2102,
        "jsHeapMinBytes": 15298793.333333334,
        "jsHeapMaxBytes": 29193822.666666668,
        "jsHeapMinLabel": "15299 kb",
        "jsHeapMaxLabel": "29.2 Mb",
        "documentsMin": 2,
        "documentsMax": 2,
        "nodesMin": 1030,
        "nodesMax": 1113,
        "listenersMin": 175,
        "listenersMax": 339
      },
      "runs": 3
    },
    "filtering": {
      "rangeStart": 0,
      "rangeEnd": 392,
      "total": 392,
      "categories": {
        "other": 375.37899999998285,
        "rendering": 1.9070000000162206,
        "scripting": 12.75294999999801,
        "painting": 0,
        "idle": 1.9546666666671324
      },
      "updateCounters": null,
      "runs": 3,
      "hookTiming": 5.3666666666783085
    },
    "scroll-down": {
      "rangeStart": 0,
      "rangeEnd": 16735,
      "total": 16735,
      "categories": {
        "other": 190.39466666763587,
        "rendering": 24.363333332691884,
        "painting": 26.458333333129605,
        "scripting": 153.123333333384,
        "idle": 16340.647999999832
      },
      "updateCounters": {
        "sampleCount": 501,
        "jsHeapMinBytes": 27176814.666666668,
        "jsHeapMaxBytes": 34602749.333333336,
        "jsHeapMinLabel": "27177 kb",
        "jsHeapMaxLabel": "34.6 Mb",
        "documentsMin": 2,
        "documentsMax": 2,
        "nodesMin": 150268,
        "nodesMax": 150291,
        "listenersMin": 158,
        "listenersMax": 158
      },
      "runs": 3
    },
    "scroll-left": {
      "rangeStart": 0,
      "rangeEnd": 16704,
      "total": 16704,
      "categories": {
        "other": 544.4813333299815,
        "rendering": 2393.390666668662,
        "painting": 667.3526666674783,
        "scripting": 2343.363999998208,
        "idle": 10755.242666668995
      },
      "updateCounters": {
        "sampleCount": 3042,
        "jsHeapMinBytes": 15957842.666666666,
        "jsHeapMaxBytes": 30467370.666666668,
        "jsHeapMinLabel": "15958 kb",
        "jsHeapMaxLabel": "30.5 Mb",
        "documentsMin": 2,
        "documentsMax": 2,
        "nodesMin": 1078,
        "nodesMax": 1172,
        "listenersMin": 158,
        "listenersMax": 158
      },
      "runs": 3
    },
    "scroll-right": {
      "rangeStart": 0,
      "rangeEnd": 13609,
      "total": 13609,
      "categories": {
        "rendering": 376.12199999894557,
        "scripting": 410.50866666664666,
        "painting": 118.88566666699869,
        "other": 196.50033333269428,
        "idle": 12507.111266668071
      },
      "updateCounters": {
        "sampleCount": 860,
        "jsHeapMinBytes": 16436641.333333334,
        "jsHeapMaxBytes": 21433850.666666668,
        "jsHeapMinLabel": "16437 kb",
        "jsHeapMaxLabel": "21.4 Mb",
        "documentsMin": 2,
        "documentsMax": 2,
        "nodesMin": 1078,
        "nodesMax": 1110,
        "listenersMin": 158,
        "listenersMax": 158
      },
      "runs": 3
    },
    "scroll-up": {
      "rangeStart": 0,
      "rangeEnd": 14569,
      "total": 14569,
      "categories": {
        "other": 336.19133333582414,
        "rendering": 1991.223333333289,
        "scripting": 1866.468999998935,
        "painting": 483.1393333331992,
        "idle": 9891.859766665419
      },
      "updateCounters": {
        "sampleCount": 927,
        "jsHeapMinBytes": 28084080,
        "jsHeapMaxBytes": 56664036,
        "jsHeapMinLabel": "28084 kb",
        "jsHeapMaxLabel": "56.7 Mb",
        "documentsMin": 2,
        "documentsMax": 2,
        "nodesMin": 150275,
        "nodesMax": 150755,
        "listenersMin": 158,
        "listenersMax": 158
      },
      "runs": 3
    },
    "sorting": {
      "rangeStart": 0,
      "rangeEnd": 396,
      "total": 396,
      "categories": {
        "other": 194.4678833333156,
        "scripting": 195.4188999999856,
        "rendering": 3.266333333333023,
        "painting": 0.6813333333314707,
        "idle": 1.8850000000093132
      },
      "updateCounters": {
        "sampleCount": 2,
        "jsHeapMinBytes": 142057884,
        "jsHeapMaxBytes": 143123916,
        "jsHeapMinLabel": "142058 kb",
        "jsHeapMaxLabel": "143.1 Mb",
        "documentsMin": 4,
        "documentsMax": 4,
        "nodesMin": 1913,
        "nodesMax": 1913,
        "listenersMin": 145,
        "listenersMax": 145
      },
      "runs": 3,
      "hookTiming": 13.40000000000388
    }
  }
}