{
  "timestamp": "2026-05-27T10:51:53.005Z",
  "scenarios": {
    "cell-editing": {
      "rangeStart": 0,
      "rangeEnd": 2827,
      "total": 2827,
      "categories": {
        "other": 244.4616666654465,
        "rendering": 261.7899999996492,
        "scripting": 435.13533333394145,
        "painting": 52.61700000027971,
        "idle": 1832.4833333340357
      },
      "updateCounters": {
        "sampleCount": 2103,
        "jsHeapMinBytes": 15350088,
        "jsHeapMaxBytes": 28191720,
        "jsHeapMinLabel": "15350 kb",
        "jsHeapMaxLabel": "28.2 Mb",
        "documentsMin": 2,
        "documentsMax": 2,
        "nodesMin": 1032,
        "nodesMax": 1113,
        "listenersMin": 176,
        "listenersMax": 331
      },
      "runs": 3
    },
    "filtering": {
      "rangeStart": 0,
      "rangeEnd": 395,
      "total": 395,
      "categories": {
        "other": 377.6043333333427,
        "rendering": 2.1410000000032596,
        "scripting": 13.866416666655335,
        "painting": 0,
        "idle": 1.2556666666641831
      },
      "updateCounters": {
        "sampleCount": 1,
        "jsHeapMinBytes": 153040784,
        "jsHeapMaxBytes": 153040784,
        "jsHeapMinLabel": "153041 kb",
        "jsHeapMaxLabel": "153.0 Mb",
        "documentsMin": 4,
        "documentsMax": 4,
        "nodesMin": 1983,
        "nodesMax": 1983,
        "listenersMin": 201,
        "listenersMax": 201
      },
      "runs": 3,
      "hookTiming": 5.699999999992239
    },
    "scroll-down": {
      "rangeStart": 0,
      "rangeEnd": 16725,
      "total": 16725,
      "categories": {
        "other": 183.656666664126,
        "rendering": 24.949666667554993,
        "painting": 24.881999999808613,
        "scripting": 140.51566666683775,
        "idle": 16351.130000001673
      },
      "updateCounters": {
        "sampleCount": 501,
        "jsHeapMinBytes": 26958886.666666668,
        "jsHeapMaxBytes": 30059877.333333332,
        "jsHeapMinLabel": "26959 kb",
        "jsHeapMaxLabel": "30.1 Mb",
        "documentsMin": 2,
        "documentsMax": 2,
        "nodesMin": 150270,
        "nodesMax": 150306,
        "listenersMin": 158,
        "listenersMax": 158
      },
      "runs": 3
    },
    "scroll-left": {
      "rangeStart": 0,
      "rangeEnd": 16707,
      "total": 16707,
      "categories": {
        "other": 600.625333321096,
        "rendering": 2581.830666667898,
        "painting": 720.0279999987688,
        "scripting": 2801.962000005015,
        "idle": 10002.318333340538
      },
      "updateCounters": {
        "sampleCount": 3041,
        "jsHeapMinBytes": 16123012,
        "jsHeapMaxBytes": 30909514.666666668,
        "jsHeapMinLabel": "16123 kb",
        "jsHeapMaxLabel": "30.9 Mb",
        "documentsMin": 2,
        "documentsMax": 2,
        "nodesMin": 1080,
        "nodesMax": 1175,
        "listenersMin": 158,
        "listenersMax": 158
      },
      "runs": 3
    },
    "scroll-right": {
      "rangeStart": 0,
      "rangeEnd": 13608,
      "total": 13608,
      "categories": {
        "rendering": 370.41800000099465,
        "scripting": 447.1476666660138,
        "painting": 116.00999999931082,
        "other": 191.00966666637177,
        "idle": 12483.686800000645
      },
      "updateCounters": {
        "sampleCount": 861,
        "jsHeapMinBytes": 16511500,
        "jsHeapMaxBytes": 21530138.666666668,
        "jsHeapMinLabel": "16512 kb",
        "jsHeapMaxLabel": "21.5 Mb",
        "documentsMin": 2,
        "documentsMax": 2,
        "nodesMin": 1080,
        "nodesMax": 1111,
        "listenersMin": 158,
        "listenersMax": 158
      },
      "runs": 3
    },
    "scroll-up": {
      "rangeStart": 0,
      "rangeEnd": 15319,
      "total": 15319,
      "categories": {
        "other": 345.07466666372557,
        "rendering": 1953.6096666685771,
        "scripting": 1864.108666664928,
        "painting": 438.43599999994814,
        "idle": 10717.819966669465
      },
      "updateCounters": {
        "sampleCount": 927,
        "jsHeapMinBytes": 28242009.333333332,
        "jsHeapMaxBytes": 56869793.333333336,
        "jsHeapMinLabel": "28242 kb",
        "jsHeapMaxLabel": "56.9 Mb",
        "documentsMin": 2,
        "documentsMax": 2,
        "nodesMin": 150275,
        "nodesMax": 150758,
        "listenersMin": 158,
        "listenersMax": 158
      },
      "runs": 3
    },
    "sorting": {
      "rangeStart": 0,
      "rangeEnd": 393,
      "total": 393,
      "categories": {
        "other": 384.3908333332076,
        "rendering": 1.009000000078231,
        "scripting": 6.225633333325386,
        "painting": 0,
        "idle": 1.15300000004936
      },
      "updateCounters": {
        "sampleCount": 1,
        "jsHeapMinBytes": 160037556,
        "jsHeapMaxBytes": 160037556,
        "jsHeapMinLabel": "160038 kb",
        "jsHeapMaxLabel": "160.0 Mb",
        "documentsMin": 4,
        "documentsMax": 4,
        "nodesMin": 1917,
        "nodesMax": 1917,
        "listenersMin": 145,
        "listenersMax": 145
      },
      "runs": 3,
      "hookTiming": 12.43333333331005
    }
  }
}