{
  "timestamp": "2026-06-29T06:19:00.308Z",
  "scenarios": {
    "cell-editing": {
      "rangeStart": 0,
      "rangeEnd": 2992,
      "total": 2992,
      "categories": {
        "other": 243.15466666873792,
        "rendering": 403.90433333045803,
        "scripting": 445.1103333343417,
        "painting": 56.18100000033155,
        "idle": 1843.672999999486
      },
      "updateCounters": {
        "sampleCount": 2126,
        "jsHeapMinBytes": 12071737.333333334,
        "jsHeapMaxBytes": 20429625.333333332,
        "jsHeapMinLabel": "12072 kB",
        "jsHeapMaxLabel": "20.4 MB",
        "documentsMin": 1,
        "documentsMax": 1,
        "nodesMin": 833,
        "nodesMax": 1238,
        "listenersMin": 176,
        "listenersMax": 415
      },
      "runs": 3
    },
    "filtering": {
      "rangeStart": 0,
      "rangeEnd": 617,
      "total": 617,
      "categories": {
        "other": 564.9431999998441,
        "rendering": 4.6853333332886296,
        "scripting": 43.28041666662693,
        "painting": 0.4623333332904925,
        "idle": 3.918333333606521
      },
      "updateCounters": {
        "sampleCount": 2,
        "jsHeapMinBytes": 369708737.3333333,
        "jsHeapMaxBytes": 391992118.6666667,
        "jsHeapMinLabel": "369709 kB",
        "jsHeapMaxLabel": "392.0 MB",
        "documentsMin": 3,
        "documentsMax": 3,
        "nodesMin": 1940,
        "nodesMax": 1941,
        "listenersMin": 204,
        "listenersMax": 204
      },
      "runs": 3,
      "hookTiming": 83.06666666665114
    },
    "initial-load": {
      "rangeStart": 0,
      "rangeEnd": 549,
      "total": 549,
      "categories": {
        "other": 526.6333333333457,
        "rendering": 0.47733333334326744,
        "scripting": 20.34126666665077,
        "idle": 2.046666666632518,
        "painting": 0
      },
      "updateCounters": {
        "sampleCount": 3,
        "jsHeapMinBytes": 325909370.6666667,
        "jsHeapMaxBytes": 325909458.6666667,
        "jsHeapMinLabel": "325909 kB",
        "jsHeapMaxLabel": "325.9 MB",
        "documentsMin": 1,
        "documentsMax": 1,
        "nodesMin": 5389,
        "nodesMax": 5389,
        "listenersMin": 673,
        "listenersMax": 673
      },
      "runs": 3
    },
    "scroll-down": {
      "rangeStart": 0,
      "rangeEnd": 10175,
      "total": 10175,
      "categories": {
        "rendering": 884.4056666674247,
        "scripting": 843.1106666604263,
        "painting": 280.5159999996734,
        "other": 299.8390000137451,
        "idle": 7866.966816658853
      },
      "updateCounters": {
        "sampleCount": 900,
        "jsHeapMinBytes": 38435141.333333336,
        "jsHeapMaxBytes": 53743280,
        "jsHeapMinLabel": "38435 kB",
        "jsHeapMaxLabel": "53.7 MB",
        "documentsMin": 1,
        "documentsMax": 1,
        "nodesMin": 1754,
        "nodesMax": 1898,
        "listenersMin": 158,
        "listenersMax": 158
      },
      "runs": 3
    },
    "scroll-left": {
      "rangeStart": 0,
      "rangeEnd": 16698,
      "total": 16698,
      "categories": {
        "other": 603.0749999933267,
        "rendering": 2201.133333335553,
        "painting": 763.0923333379129,
        "scripting": 2546.4326666648954,
        "idle": 10584.744666668275
      },
      "updateCounters": {
        "sampleCount": 3105,
        "jsHeapMinBytes": 14600532,
        "jsHeapMaxBytes": 20554665.333333332,
        "jsHeapMinLabel": "14601 kB",
        "jsHeapMaxLabel": "20.6 MB",
        "documentsMin": 1,
        "documentsMax": 1,
        "nodesMin": 1081,
        "nodesMax": 1111,
        "listenersMin": 158,
        "listenersMax": 158
      },
      "runs": 3
    },
    "scroll-right": {
      "rangeStart": 0,
      "rangeEnd": 13606,
      "total": 13606,
      "categories": {
        "rendering": 323.9689999988768,
        "scripting": 426.6110000015783,
        "painting": 128.03433333422677,
        "other": 218.04666666353555,
        "idle": 12509.611516668461
      },
      "updateCounters": {
        "sampleCount": 863,
        "jsHeapMinBytes": 15201882.666666666,
        "jsHeapMaxBytes": 20182248,
        "jsHeapMinLabel": "15202 kB",
        "jsHeapMaxLabel": "20.2 MB",
        "documentsMin": 1,
        "documentsMax": 1,
        "nodesMin": 1051,
        "nodesMax": 1061,
        "listenersMin": 158,
        "listenersMax": 158
      },
      "runs": 3
    },
    "scroll-up": {
      "rangeStart": 0,
      "rangeEnd": 16749,
      "total": 16749,
      "categories": {
        "other": 877.4869999882511,
        "rendering": 3870.6946666679964,
        "painting": 1204.2663333334494,
        "scripting": 3265.185666661548,
        "idle": 7531.04000001556
      },
      "updateCounters": {
        "sampleCount": 2312,
        "jsHeapMinBytes": 34053697.333333336,
        "jsHeapMaxBytes": 62102266.666666664,
        "jsHeapMinLabel": "34054 kB",
        "jsHeapMaxLabel": "62.1 MB",
        "documentsMin": 1,
        "documentsMax": 1,
        "nodesMin": 1795,
        "nodesMax": 2146,
        "listenersMin": 158,
        "listenersMax": 158
      },
      "runs": 3
    },
    "sorting": {
      "rangeStart": 0,
      "rangeEnd": 687,
      "total": 687,
      "categories": {
        "rendering": 5.098333333463718,
        "painting": 1.1489999999757856,
        "other": 597.4986666664103,
        "scripting": 81.59136666671745,
        "idle": 1.3256666668069859
      },
      "updateCounters": {
        "sampleCount": 3,
        "jsHeapMinBytes": 399420705.3333333,
        "jsHeapMaxBytes": 401276521.3333333,
        "jsHeapMinLabel": "399421 kB",
        "jsHeapMaxLabel": "401.3 MB",
        "documentsMin": 2,
        "documentsMax": 2,
        "nodesMin": 1867,
        "nodesMax": 1867,
        "listenersMin": 145,
        "listenersMax": 145
      },
      "runs": 3,
      "hookTiming": 194.3666666666977
    },
    "source-data-validator-load": {
      "rangeStart": 0,
      "rangeEnd": 8371,
      "total": 8371,
      "categories": {
        "other": 1635.494333333262,
        "rendering": 22.42133333339977,
        "scripting": 6709.313999999932,
        "painting": 0.022999999928288162,
        "idle": 3.8570000000763685
      },
      "updateCounters": {
        "sampleCount": 61,
        "jsHeapMinBytes": 483995242.6666667,
        "jsHeapMaxBytes": 1276736836,
        "jsHeapMinLabel": "483995 kB",
        "jsHeapMaxLabel": "1276.7 MB",
        "documentsMin": 1,
        "documentsMax": 1,
        "nodesMin": 3600,
        "nodesMax": 4757,
        "listenersMin": 383,
        "listenersMax": 459
      },
      "runs": 3
    }
  }
}