{
  "timestamp": "2026-05-15T12:42:09.882Z",
  "scenarios": {
    "cell-editing": {
      "rangeStart": 0,
      "rangeEnd": 2890,
      "total": 2890,
      "categories": {
        "other": 256.3536666665323,
        "rendering": 274.3179999999896,
        "scripting": 447.8860000002353,
        "painting": 57.05633333320535,
        "idle": 1854.4236666666984
      },
      "updateCounters": {
        "sampleCount": 2103,
        "jsHeapMinBytes": 15293766.666666666,
        "jsHeapMaxBytes": 28166954.666666668,
        "jsHeapMinLabel": "15294 kb",
        "jsHeapMaxLabel": "28.2 Mb",
        "documentsMin": 2,
        "documentsMax": 2,
        "nodesMin": 1030,
        "nodesMax": 1114,
        "listenersMin": 176,
        "listenersMax": 337
      },
      "runs": 3
    },
    "filtering": {
      "rangeStart": 0,
      "rangeEnd": 397,
      "total": 397,
      "categories": {
        "other": 379.9193000000129,
        "rendering": 2.609166666651921,
        "scripting": 13.033300000005868,
        "painting": 0,
        "idle": 1.3130000000043462
      },
      "updateCounters": {
        "sampleCount": 1,
        "jsHeapMinBytes": 155914036,
        "jsHeapMaxBytes": 155914036,
        "jsHeapMinLabel": "155914 kb",
        "jsHeapMaxLabel": "155.9 Mb",
        "documentsMin": 4,
        "documentsMax": 4,
        "nodesMin": 1981,
        "nodesMax": 1981,
        "listenersMin": 201,
        "listenersMax": 201
      },
      "runs": 3,
      "hookTiming": 5.066666666670547
    },
    "scroll-down": {
      "rangeStart": 0,
      "rangeEnd": 16742,
      "total": 16742,
      "categories": {
        "other": 177.17799999912674,
        "rendering": 24.81700000098984,
        "painting": 24.899333333363757,
        "scripting": 145.79633333334644,
        "idle": 16369.807999999835
      },
      "updateCounters": {
        "sampleCount": 501,
        "jsHeapMinBytes": 26928873.333333332,
        "jsHeapMaxBytes": 30304204,
        "jsHeapMinLabel": "26929 kb",
        "jsHeapMaxLabel": "30.3 Mb",
        "documentsMin": 2,
        "documentsMax": 2,
        "nodesMin": 150268,
        "nodesMax": 150305,
        "listenersMin": 158,
        "listenersMax": 158
      },
      "runs": 3
    },
    "scroll-left": {
      "rangeStart": 0,
      "rangeEnd": 16700,
      "total": 16700,
      "categories": {
        "other": 558.0256666674544,
        "rendering": 2466.0803333292424,
        "scripting": 2388.1286666677865,
        "painting": 684.6703333338664,
        "idle": 10602.892000001651
      },
      "updateCounters": {
        "sampleCount": 3042,
        "jsHeapMinBytes": 16048196,
        "jsHeapMaxBytes": 30516105.333333332,
        "jsHeapMinLabel": "16048 kb",
        "jsHeapMaxLabel": "30.5 Mb",
        "documentsMin": 2,
        "documentsMax": 2,
        "nodesMin": 1078,
        "nodesMax": 1173,
        "listenersMin": 158,
        "listenersMax": 158
      },
      "runs": 3
    },
    "scroll-right": {
      "rangeStart": 0,
      "rangeEnd": 13611,
      "total": 13611,
      "categories": {
        "rendering": 360.5766666658067,
        "scripting": 391.35133333284654,
        "painting": 113.39133333339123,
        "other": 177.35100000190923,
        "idle": 12567.865833332704
      },
      "updateCounters": {
        "sampleCount": 860,
        "jsHeapMinBytes": 16436106.666666666,
        "jsHeapMaxBytes": 21434469.333333332,
        "jsHeapMinLabel": "16436 kb",
        "jsHeapMaxLabel": "21.4 Mb",
        "documentsMin": 2,
        "documentsMax": 2,
        "nodesMin": 1078,
        "nodesMax": 1110,
        "listenersMin": 158,
        "listenersMax": 158
      },
      "runs": 3
    },
    "scroll-up": {
      "rangeStart": 0,
      "rangeEnd": 14558,
      "total": 14558,
      "categories": {
        "other": 291.1830000006853,
        "rendering": 1811.058333334513,
        "scripting": 1714.7486666657817,
        "painting": 414.50533333269414,
        "idle": 10326.877133332988
      },
      "updateCounters": {
        "sampleCount": 927,
        "jsHeapMinBytes": 28072957.333333332,
        "jsHeapMaxBytes": 56633964,
        "jsHeapMinLabel": "28073 kb",
        "jsHeapMaxLabel": "56.6 Mb",
        "documentsMin": 2,
        "documentsMax": 2,
        "nodesMin": 150274,
        "nodesMax": 150755,
        "listenersMin": 158,
        "listenersMax": 158
      },
      "runs": 3
    },
    "sorting": {
      "rangeStart": 0,
      "rangeEnd": 379,
      "total": 379,
      "categories": {
        "other": 370.8739166666849,
        "rendering": 0.8370833333271245,
        "scripting": 6.205549999992052,
        "painting": 0,
        "idle": 1.1799999999736126
      },
      "updateCounters": {
        "sampleCount": 2,
        "jsHeapMinBytes": 141930648,
        "jsHeapMaxBytes": 147297200,
        "jsHeapMinLabel": "141931 kb",
        "jsHeapMaxLabel": "147.3 Mb",
        "documentsMin": 4,
        "documentsMax": 4,
        "nodesMin": 1913,
        "nodesMax": 1915,
        "listenersMin": 145,
        "listenersMax": 145
      },
      "runs": 3,
      "hookTiming": 12.533333333344975
    }
  }
}