{
  "timestamp": "2026-06-12T08:12:22.696Z",
  "scenarios": {
    "cell-editing": {
      "rangeStart": 0,
      "rangeEnd": 2773,
      "total": 2773,
      "categories": {
        "other": 227.31433333393963,
        "rendering": 262.8969999998808,
        "scripting": 403.36899999983615,
        "painting": 50.09500000014668,
        "idle": 1829.1329999995262
      },
      "updateCounters": {
        "sampleCount": 2121,
        "jsHeapMinBytes": 19363972,
        "jsHeapMaxBytes": 33929134.666666664,
        "jsHeapMinLabel": "19364 kb",
        "jsHeapMaxLabel": "33.9 Mb",
        "documentsMin": 1,
        "documentsMax": 1,
        "nodesMin": 1066,
        "nodesMax": 1188,
        "listenersMin": 257,
        "listenersMax": 495
      },
      "runs": 3
    },
    "filtering": {
      "rangeStart": 0,
      "rangeEnd": 394,
      "total": 394,
      "categories": {
        "other": 377.45296666672795,
        "rendering": 2.790349999947163,
        "scripting": 12.561683333337307,
        "painting": 0,
        "idle": 1.637999999996585
      },
      "updateCounters": {
        "sampleCount": 1,
        "jsHeapMinBytes": 157652225.33333334,
        "jsHeapMaxBytes": 157652225.33333334,
        "jsHeapMinLabel": "157652 kb",
        "jsHeapMaxLabel": "157.7 Mb",
        "documentsMin": 3,
        "documentsMax": 3,
        "nodesMin": 1983,
        "nodesMax": 1983,
        "listenersMin": 201,
        "listenersMax": 201
      },
      "runs": 3,
      "hookTiming": 2.666666666686069
    },
    "scroll-down": {
      "rangeStart": 0,
      "rangeEnd": 16736,
      "total": 16736,
      "categories": {
        "other": 216.35266666875097,
        "rendering": 27.96399999949305,
        "painting": 28.88299999933224,
        "scripting": 156.29066666648148,
        "idle": 16306.15566666595
      },
      "updateCounters": {
        "sampleCount": 501,
        "jsHeapMinBytes": 26624969.333333332,
        "jsHeapMaxBytes": 30377386.666666668,
        "jsHeapMinLabel": "26625 kb",
        "jsHeapMaxLabel": "30.4 Mb",
        "documentsMin": 1,
        "documentsMax": 1,
        "nodesMin": 150268,
        "nodesMax": 150268,
        "listenersMin": 158,
        "listenersMax": 158
      },
      "runs": 3
    },
    "scroll-left": {
      "rangeStart": 0,
      "rangeEnd": 16718,
      "total": 16718,
      "categories": {
        "other": 586.5506666657883,
        "rendering": 2473.5119999978538,
        "painting": 826.4919999999693,
        "scripting": 2665.1596666695027,
        "idle": 10166.044666666907
      },
      "updateCounters": {
        "sampleCount": 3042,
        "jsHeapMinBytes": 15716465.333333334,
        "jsHeapMaxBytes": 30572734.666666668,
        "jsHeapMinLabel": "15716 kb",
        "jsHeapMaxLabel": "30.6 Mb",
        "documentsMin": 1,
        "documentsMax": 1,
        "nodesMin": 1078,
        "nodesMax": 1078,
        "listenersMin": 158,
        "listenersMax": 158
      },
      "runs": 3
    },
    "scroll-right": {
      "rangeStart": 0,
      "rangeEnd": 13599,
      "total": 13599,
      "categories": {
        "rendering": 379.1850000008845,
        "scripting": 471.807333333053,
        "painting": 142.17133333297292,
        "other": 232.41033333475548,
        "idle": 12373.543566664996
      },
      "updateCounters": {
        "sampleCount": 861,
        "jsHeapMinBytes": 16086298.666666666,
        "jsHeapMaxBytes": 21195317.333333332,
        "jsHeapMinLabel": "16086 kb",
        "jsHeapMaxLabel": "21.2 Mb",
        "documentsMin": 1,
        "documentsMax": 1,
        "nodesMin": 1078,
        "nodesMax": 1078,
        "listenersMin": 158,
        "listenersMax": 158
      },
      "runs": 3
    },
    "scroll-up": {
      "rangeStart": 0,
      "rangeEnd": 14555,
      "total": 14555,
      "categories": {
        "other": 387.0083333349392,
        "rendering": 1910.007333333022,
        "scripting": 2034.656999998447,
        "painting": 491.8326666651992,
        "idle": 9731.61035000172
      },
      "updateCounters": {
        "sampleCount": 953,
        "jsHeapMinBytes": 27892516,
        "jsHeapMaxBytes": 49559777.333333336,
        "jsHeapMinLabel": "27893 kb",
        "jsHeapMaxLabel": "49.6 Mb",
        "documentsMin": 1,
        "documentsMax": 1,
        "nodesMin": 150268,
        "nodesMax": 150272,
        "listenersMin": 158,
        "listenersMax": 158
      },
      "runs": 3
    },
    "sorting": {
      "rangeStart": 0,
      "rangeEnd": 385,
      "total": 385,
      "categories": {
        "other": 366.0716666667167,
        "rendering": 4.540399999939837,
        "scripting": 13.147666666673496,
        "painting": 0.5993333333171904,
        "idle": 1.250333333387971
      },
      "updateCounters": {
        "sampleCount": 1,
        "jsHeapMinBytes": 153664196,
        "jsHeapMaxBytes": 153664196,
        "jsHeapMinLabel": "153664 kb",
        "jsHeapMaxLabel": "153.7 Mb",
        "documentsMin": 3,
        "documentsMax": 3,
        "nodesMin": 1909,
        "nodesMax": 1909,
        "listenersMin": 145,
        "listenersMax": 145
      },
      "runs": 3,
      "hookTiming": 3.5
    }
  }
}