{
  "timestamp": "2026-05-14T06:19:22.534Z",
  "scenarios": {
    "cell-editing": {
      "rangeStart": 0,
      "rangeEnd": 2737,
      "total": 2737,
      "categories": {
        "other": 225.61366666633498,
        "rendering": 230.33600000022852,
        "scripting": 398.4516666664781,
        "painting": 45.745333333189286,
        "idle": 1836.8030000004364
      },
      "updateCounters": {
        "sampleCount": 2102,
        "jsHeapMinBytes": 15266885.333333334,
        "jsHeapMaxBytes": 29007332,
        "jsHeapMinLabel": "15267 kb",
        "jsHeapMaxLabel": "29.0 Mb",
        "documentsMin": 2,
        "documentsMax": 2,
        "nodesMin": 1030,
        "nodesMax": 1101,
        "listenersMin": 176,
        "listenersMax": 317
      },
      "runs": 3
    },
    "filtering": {
      "rangeStart": 0,
      "rangeEnd": 358,
      "total": 358,
      "categories": {
        "other": 342.9188333333345,
        "rendering": 2.187116666667862,
        "scripting": 11.794516666666098,
        "painting": 0,
        "idle": 1.251999999997982
      },
      "updateCounters": {
        "sampleCount": 1,
        "jsHeapMinBytes": 155808180,
        "jsHeapMaxBytes": 155808180,
        "jsHeapMinLabel": "155808 kb",
        "jsHeapMaxLabel": "155.8 Mb",
        "documentsMin": 4,
        "documentsMax": 4,
        "nodesMin": 1981,
        "nodesMax": 1981,
        "listenersMin": 201,
        "listenersMax": 201
      },
      "runs": 3,
      "hookTiming": 5.099999999996119
    },
    "scroll-down": {
      "rangeStart": 0,
      "rangeEnd": 16715,
      "total": 16715,
      "categories": {
        "other": 137.98000000093563,
        "rendering": 18.81999999987117,
        "painting": 19.084333333186805,
        "scripting": 109.36233333294645,
        "idle": 16429.4166666664
      },
      "updateCounters": {
        "sampleCount": 501,
        "jsHeapMinBytes": 26918814.666666668,
        "jsHeapMaxBytes": 30287560,
        "jsHeapMinLabel": "26919 kb",
        "jsHeapMaxLabel": "30.3 Mb",
        "documentsMin": 2,
        "documentsMax": 2,
        "nodesMin": 150268,
        "nodesMax": 150305,
        "listenersMin": 158,
        "listenersMax": 158
      },
      "runs": 3
    },
    "scroll-left": {
      "rangeStart": 0,
      "rangeEnd": 16697,
      "total": 16697,
      "categories": {
        "other": 466.7839999998714,
        "rendering": 2116.907333333113,
        "scripting": 2063.5723333340593,
        "painting": 563.1749999998914,
        "idle": 11486.836333333058
      },
      "updateCounters": {
        "sampleCount": 3041,
        "jsHeapMinBytes": 16037293.333333334,
        "jsHeapMaxBytes": 30567205.333333332,
        "jsHeapMinLabel": "16037 kb",
        "jsHeapMaxLabel": "30.6 Mb",
        "documentsMin": 2,
        "documentsMax": 2,
        "nodesMin": 1078,
        "nodesMax": 1170,
        "listenersMin": 158,
        "listenersMax": 158
      },
      "runs": 3
    },
    "scroll-right": {
      "rangeStart": 0,
      "rangeEnd": 13598,
      "total": 13598,
      "categories": {
        "rendering": 316.69166666791233,
        "scripting": 346.87100000018063,
        "painting": 94.77599999968272,
        "other": 137.62599999820225,
        "idle": 12702.017050000703
      },
      "updateCounters": {
        "sampleCount": 860,
        "jsHeapMinBytes": 16434604,
        "jsHeapMaxBytes": 21433038.666666668,
        "jsHeapMinLabel": "16435 kb",
        "jsHeapMaxLabel": "21.4 Mb",
        "documentsMin": 2,
        "documentsMax": 2,
        "nodesMin": 1078,
        "nodesMax": 1110,
        "listenersMin": 158,
        "listenersMax": 158
      },
      "runs": 3
    },
    "scroll-up": {
      "rangeStart": 0,
      "rangeEnd": 14544,
      "total": 14544,
      "categories": {
        "other": 246.64266666667086,
        "rendering": 1657.1576666662197,
        "scripting": 1571.8986666666854,
        "painting": 358.77133333254216,
        "idle": 10709.258300001247
      },
      "updateCounters": {
        "sampleCount": 927,
        "jsHeapMinBytes": 28083033.333333332,
        "jsHeapMaxBytes": 56656414.666666664,
        "jsHeapMinLabel": "28083 kb",
        "jsHeapMaxLabel": "56.7 Mb",
        "documentsMin": 2,
        "documentsMax": 2,
        "nodesMin": 150274,
        "nodesMax": 150754,
        "listenersMin": 158,
        "listenersMax": 158
      },
      "runs": 3
    },
    "sorting": {
      "rangeStart": 0,
      "rangeEnd": 346,
      "total": 346,
      "categories": {
        "other": 339.01135000003575,
        "rendering": 0.9394166666509894,
        "scripting": 4.75198333332936,
        "painting": 0,
        "idle": 1.4463333333260475
      },
      "updateCounters": {
        "sampleCount": 2,
        "jsHeapMinBytes": 141865972,
        "jsHeapMaxBytes": 147238532,
        "jsHeapMinLabel": "141866 kb",
        "jsHeapMaxLabel": "147.2 Mb",
        "documentsMin": 4,
        "documentsMax": 4,
        "nodesMin": 1913,
        "nodesMax": 1915,
        "listenersMin": 145,
        "listenersMax": 145
      },
      "runs": 3,
      "hookTiming": 12.666666666666666
    }
  }
}