{
  "timestamp": "2026-07-02T07:34:35.086Z",
  "scenarios": {
    "cell-editing": {
      "rangeStart": 0,
      "rangeEnd": 2805,
      "total": 2805,
      "categories": {
        "other": 202.7856666665683,
        "rendering": 353.27100000010006,
        "scripting": 377.611666666749,
        "painting": 41.48666666661544,
        "idle": 1829.5753333332977
      },
      "updateCounters": {
        "sampleCount": 2127,
        "jsHeapMinBytes": 11342426.666666666,
        "jsHeapMaxBytes": 19299230.666666668,
        "jsHeapMinLabel": "11342 kB",
        "jsHeapMaxLabel": "19.3 MB",
        "documentsMin": 1,
        "documentsMax": 1,
        "nodesMin": 796,
        "nodesMax": 1131,
        "listenersMin": 175,
        "listenersMax": 412
      },
      "runs": 3
    },
    "filtering": {
      "rangeStart": 0,
      "rangeEnd": 598,
      "total": 598,
      "categories": {
        "other": 558.0449999999813,
        "scripting": 32.068900000005726,
        "rendering": 4.930666666671944,
        "painting": 0.5199999999992239,
        "idle": 2.3833333333362057
      },
      "updateCounters": {
        "sampleCount": 2,
        "jsHeapMinBytes": 312029234.6666667,
        "jsHeapMaxBytes": 317015701.3333333,
        "jsHeapMinLabel": "312029 kB",
        "jsHeapMaxLabel": "317.0 MB",
        "documentsMin": 3,
        "documentsMax": 3,
        "nodesMin": 1999,
        "nodesMax": 1999,
        "listenersMin": 209,
        "listenersMax": 209
      },
      "runs": 3,
      "hookTiming": 51.20000000000194
    },
    "initial-load": {
      "rangeStart": 0,
      "rangeEnd": 596,
      "total": 596,
      "categories": {
        "other": 540.4076666667082,
        "rendering": 11.31866666668308,
        "scripting": 43.65053333333011,
        "painting": 0,
        "idle": 0.9866666666154439
      },
      "updateCounters": {
        "sampleCount": 3,
        "jsHeapMinBytes": 296086306.6666667,
        "jsHeapMaxBytes": 301978388,
        "jsHeapMinLabel": "296086 kB",
        "jsHeapMaxLabel": "302.0 MB",
        "documentsMin": 1,
        "documentsMax": 1,
        "nodesMin": 4796,
        "nodesMax": 5389,
        "listenersMin": 629,
        "listenersMax": 673
      },
      "runs": 3
    },
    "scroll-down": {
      "rangeStart": 0,
      "rangeEnd": 9998,
      "total": 9998,
      "categories": {
        "rendering": 857.4616666664806,
        "scripting": 771.6660000003067,
        "painting": 248.24166666678502,
        "other": 226.3423333330587,
        "idle": 7894.206700000024
      },
      "updateCounters": {
        "sampleCount": 901,
        "jsHeapMinBytes": 21638314.666666668,
        "jsHeapMaxBytes": 34155209.333333336,
        "jsHeapMinLabel": "21638 kB",
        "jsHeapMaxLabel": "34.2 MB",
        "documentsMin": 1,
        "documentsMax": 1,
        "nodesMin": 1754,
        "nodesMax": 1878,
        "listenersMin": 158,
        "listenersMax": 158
      },
      "runs": 3
    },
    "scroll-left": {
      "rangeStart": 0,
      "rangeEnd": 16697,
      "total": 16697,
      "categories": {
        "other": 460.37466666858904,
        "rendering": 1906.5503333329204,
        "scripting": 2269.7653333325597,
        "painting": 635.5243333326556,
        "idle": 11424.652333333264
      },
      "updateCounters": {
        "sampleCount": 3062,
        "jsHeapMinBytes": 14349282.666666666,
        "jsHeapMaxBytes": 24204909.333333332,
        "jsHeapMinLabel": "14349 kB",
        "jsHeapMaxLabel": "24.2 MB",
        "documentsMin": 1,
        "documentsMax": 1,
        "nodesMin": 1081,
        "nodesMax": 1111,
        "listenersMin": 158,
        "listenersMax": 158
      },
      "runs": 3
    },
    "scroll-right": {
      "rangeStart": 0,
      "rangeEnd": 13604,
      "total": 13604,
      "categories": {
        "rendering": 282.4996666656613,
        "scripting": 388.15166666669376,
        "painting": 110.20166666664106,
        "other": 169.46200000100615,
        "idle": 12653.105116666644
      },
      "updateCounters": {
        "sampleCount": 864,
        "jsHeapMinBytes": 14942812,
        "jsHeapMaxBytes": 20044452,
        "jsHeapMinLabel": "14943 kB",
        "jsHeapMaxLabel": "20.0 MB",
        "documentsMin": 1,
        "documentsMax": 1,
        "nodesMin": 1051,
        "nodesMax": 1061,
        "listenersMin": 158,
        "listenersMax": 158
      },
      "runs": 3
    },
    "scroll-up": {
      "rangeStart": 0,
      "rangeEnd": 16756,
      "total": 16756,
      "categories": {
        "other": 731.8286666684995,
        "rendering": 3877.2783333341554,
        "painting": 1117.2749999994023,
        "scripting": 3280.62866666793,
        "idle": 7749.004666663338
      },
      "updateCounters": {
        "sampleCount": 2316,
        "jsHeapMinBytes": 21793353.333333332,
        "jsHeapMaxBytes": 50332025.333333336,
        "jsHeapMinLabel": "21793 kB",
        "jsHeapMaxLabel": "50.3 MB",
        "documentsMin": 1,
        "documentsMax": 1,
        "nodesMin": 1795,
        "nodesMax": 2043,
        "listenersMin": 158,
        "listenersMax": 158
      },
      "runs": 3
    },
    "sorting": {
      "rangeStart": 0,
      "rangeEnd": 670,
      "total": 670,
      "categories": {
        "other": 600.3723333333072,
        "scripting": 63.23583333331673,
        "rendering": 4.495333333344509,
        "painting": 0.7283333333519598,
        "idle": 1.228000000002794
      },
      "updateCounters": {
        "sampleCount": 3,
        "jsHeapMinBytes": 355545213.3333333,
        "jsHeapMaxBytes": 357592554.6666667,
        "jsHeapMinLabel": "355545 kB",
        "jsHeapMaxLabel": "357.6 MB",
        "documentsMin": 3,
        "documentsMax": 3,
        "nodesMin": 1897,
        "nodesMax": 1897,
        "listenersMin": 145,
        "listenersMax": 145
      },
      "runs": 3,
      "hookTiming": 134
    },
    "source-data-validator-load": {
      "rangeStart": 0,
      "rangeEnd": 571,
      "total": 571,
      "categories": {
        "other": 549.7143333333923,
        "rendering": 0.4769999999552965,
        "scripting": 19.56701666667064,
        "painting": 0,
        "idle": 1.3139999999742333
      },
      "updateCounters": {
        "sampleCount": 13,
        "jsHeapMinBytes": 274543294.6666667,
        "jsHeapMaxBytes": 287706908,
        "jsHeapMinLabel": "274543 kB",
        "jsHeapMaxLabel": "287.7 MB",
        "documentsMin": 1,
        "documentsMax": 1,
        "nodesMin": 3614,
        "nodesMax": 4774,
        "listenersMin": 383,
        "listenersMax": 459
      },
      "runs": 3
    }
  }
}