{
  "timestamp": "2026-05-05T12:06:46.690Z",
  "scenarios": {
    "cell-editing": {
      "rangeStart": 0,
      "rangeEnd": 2767,
      "total": 2767,
      "categories": {
        "other": 226.04766666699038,
        "rendering": 247.44866666646945,
        "scripting": 411.66166666684643,
        "painting": 47.33833333330889,
        "idle": 1835.1106666663836
      },
      "updateCounters": {
        "sampleCount": 2102,
        "jsHeapMinBytes": 15271245.333333334,
        "jsHeapMaxBytes": 28894850.666666668,
        "jsHeapMinLabel": "15271 kb",
        "jsHeapMaxLabel": "28.9 Mb",
        "documentsMin": 2,
        "documentsMax": 2,
        "nodesMin": 1030,
        "nodesMax": 1111,
        "listenersMin": 175,
        "listenersMax": 335
      },
      "runs": 3
    },
    "filtering": {
      "rangeStart": 0,
      "rangeEnd": 359,
      "total": 359,
      "categories": {
        "other": 343.7993833333231,
        "rendering": 2.0103333333390765,
        "scripting": 11.0465,
        "painting": 0,
        "idle": 2.2286666666720216
      },
      "updateCounters": {
        "sampleCount": 1,
        "jsHeapMinBytes": 143469940,
        "jsHeapMaxBytes": 143469940,
        "jsHeapMinLabel": "143470 kb",
        "jsHeapMaxLabel": "143.5 Mb",
        "documentsMin": 4,
        "documentsMax": 4,
        "nodesMin": 1987,
        "nodesMax": 1987,
        "listenersMin": 201,
        "listenersMax": 201
      },
      "runs": 3,
      "hookTiming": 4.7666666666676365
    },
    "scroll-down": {
      "rangeStart": 0,
      "rangeEnd": 16728,
      "total": 16728,
      "categories": {
        "other": 168.60299999928648,
        "rendering": 22.604333333312145,
        "painting": 24.93266666677179,
        "scripting": 133.15200000001482,
        "idle": 16378.369000000617
      },
      "updateCounters": {
        "sampleCount": 501,
        "jsHeapMinBytes": 26905429.333333332,
        "jsHeapMaxBytes": 30938616,
        "jsHeapMinLabel": "26905 kb",
        "jsHeapMaxLabel": "30.9 Mb",
        "documentsMin": 2,
        "documentsMax": 2,
        "nodesMin": 150268,
        "nodesMax": 150307,
        "listenersMin": 158,
        "listenersMax": 158
      },
      "runs": 3
    },
    "scroll-left": {
      "rangeStart": 0,
      "rangeEnd": 16703,
      "total": 16703,
      "categories": {
        "other": 511.17366666743425,
        "rendering": 2298.7423333326296,
        "scripting": 2334.3983333338706,
        "painting": 626.7373333333138,
        "idle": 10931.64233333276
      },
      "updateCounters": {
        "sampleCount": 3041,
        "jsHeapMinBytes": 16028761.333333334,
        "jsHeapMaxBytes": 30273154.666666668,
        "jsHeapMinLabel": "16029 kb",
        "jsHeapMaxLabel": "30.3 Mb",
        "documentsMin": 2,
        "documentsMax": 2,
        "nodesMin": 1078,
        "nodesMax": 1172,
        "listenersMin": 158,
        "listenersMax": 158
      },
      "runs": 3
    },
    "scroll-right": {
      "rangeStart": 0,
      "rangeEnd": 13614,
      "total": 13614,
      "categories": {
        "rendering": 345.35133333374205,
        "scripting": 387.02099999963156,
        "painting": 106.2479999999244,
        "other": 168.91733333304293,
        "idle": 12606.910316666967
      },
      "updateCounters": {
        "sampleCount": 861,
        "jsHeapMinBytes": 16410880,
        "jsHeapMaxBytes": 21402592,
        "jsHeapMinLabel": "16411 kb",
        "jsHeapMaxLabel": "21.4 Mb",
        "documentsMin": 2,
        "documentsMax": 2,
        "nodesMin": 1078,
        "nodesMax": 1109,
        "listenersMin": 158,
        "listenersMax": 158
      },
      "runs": 3
    },
    "scroll-up": {
      "rangeStart": 0,
      "rangeEnd": 14539,
      "total": 14539,
      "categories": {
        "other": 273.5523333333343,
        "rendering": 1823.9096666627836,
        "scripting": 1804.0423333343558,
        "painting": 395.9023333338361,
        "idle": 10242.13293333569
      },
      "updateCounters": {
        "sampleCount": 927,
        "jsHeapMinBytes": 28073981.333333332,
        "jsHeapMaxBytes": 56632049.333333336,
        "jsHeapMinLabel": "28074 kb",
        "jsHeapMaxLabel": "56.6 Mb",
        "documentsMin": 2,
        "documentsMax": 2,
        "nodesMin": 150274,
        "nodesMax": 150753,
        "listenersMin": 158,
        "listenersMax": 158
      },
      "runs": 3
    },
    "sorting": {
      "rangeStart": 0,
      "rangeEnd": 346,
      "total": 346,
      "categories": {
        "other": 339.2990833332536,
        "rendering": 0.08600000001024455,
        "scripting": 5.275049999992053,
        "painting": 0,
        "idle": 1.6506666667216148
      },
      "updateCounters": {
        "sampleCount": 2,
        "jsHeapMinBytes": 141748900,
        "jsHeapMaxBytes": 147110144,
        "jsHeapMinLabel": "141749 kb",
        "jsHeapMaxLabel": "147.1 Mb",
        "documentsMin": 4,
        "documentsMax": 4,
        "nodesMin": 1913,
        "nodesMax": 1915,
        "listenersMin": 145,
        "listenersMax": 145
      },
      "runs": 3,
      "hookTiming": 13.200000000011642
    }
  }
}