{
  "timestamp": "2026-06-29T09:24:22.487Z",
  "scenarios": {
    "cell-editing": {
      "rangeStart": 0,
      "rangeEnd": 2891,
      "total": 2891,
      "categories": {
        "other": 218.3723333330731,
        "rendering": 364.0086666667582,
        "scripting": 427.43366666684125,
        "painting": 44.9309999999435,
        "idle": 1836.281000000056
      },
      "updateCounters": {
        "sampleCount": 2126,
        "jsHeapMinBytes": 11697045.333333334,
        "jsHeapMaxBytes": 20571030.666666668,
        "jsHeapMinLabel": "11697 kB",
        "jsHeapMaxLabel": "20.6 MB",
        "documentsMin": 1,
        "documentsMax": 1,
        "nodesMin": 816,
        "nodesMax": 1098,
        "listenersMin": 176,
        "listenersMax": 337
      },
      "runs": 3
    },
    "filtering": {
      "rangeStart": 0,
      "rangeEnd": 659,
      "total": 659,
      "categories": {
        "other": 566.3857333333843,
        "scripting": 78.260666666662,
        "rendering": 10.045333333323166,
        "painting": 1.1696666666442372,
        "idle": 3.859999999976329
      },
      "updateCounters": {
        "sampleCount": 2,
        "jsHeapMinBytes": 345134393.3333333,
        "jsHeapMaxBytes": 362705509.3333333,
        "jsHeapMinLabel": "345134 kB",
        "jsHeapMaxLabel": "362.7 MB",
        "documentsMin": 3,
        "documentsMax": 3,
        "nodesMin": 1967,
        "nodesMax": 1967,
        "listenersMin": 206,
        "listenersMax": 206
      },
      "runs": 3,
      "hookTiming": 88.56666666668025
    },
    "initial-load": {
      "rangeStart": 0,
      "rangeEnd": 573,
      "total": 573,
      "categories": {
        "other": 549.8453333333165,
        "rendering": 0.4920000000080715,
        "scripting": 21.499449999998017,
        "idle": 1.5860000000102445
      },
      "updateCounters": {
        "sampleCount": 1,
        "jsHeapMinBytes": 286815032,
        "jsHeapMaxBytes": 286815032,
        "jsHeapMinLabel": "286815 kB",
        "jsHeapMaxLabel": "286.8 MB",
        "documentsMin": 1,
        "documentsMax": 1,
        "nodesMin": 3602,
        "nodesMax": 3602,
        "listenersMin": 541,
        "listenersMax": 541
      },
      "runs": 3
    },
    "scroll-down": {
      "rangeStart": 0,
      "rangeEnd": 10018,
      "total": 10018,
      "categories": {
        "rendering": 923.8070000002141,
        "scripting": 879.653666666119,
        "painting": 283.51466666629614,
        "other": 245.92866666761321,
        "idle": 7685.384116666421
      },
      "updateCounters": {
        "sampleCount": 900,
        "jsHeapMinBytes": 22225261.333333332,
        "jsHeapMaxBytes": 33069133.333333332,
        "jsHeapMinLabel": "22225 kB",
        "jsHeapMaxLabel": "33.1 MB",
        "documentsMin": 1,
        "documentsMax": 1,
        "nodesMin": 1754,
        "nodesMax": 1898,
        "listenersMin": 158,
        "listenersMax": 158
      },
      "runs": 3
    },
    "scroll-left": {
      "rangeStart": 0,
      "rangeEnd": 16695,
      "total": 16695,
      "categories": {
        "other": 501.7763333327451,
        "rendering": 2046.8116666676942,
        "painting": 699.0543333337215,
        "scripting": 2480.2303333332097,
        "idle": 10967.47366666598
      },
      "updateCounters": {
        "sampleCount": 3060,
        "jsHeapMinBytes": 14320204,
        "jsHeapMaxBytes": 24343465.333333332,
        "jsHeapMinLabel": "14320 kB",
        "jsHeapMaxLabel": "24.3 MB",
        "documentsMin": 1,
        "documentsMax": 1,
        "nodesMin": 1071,
        "nodesMax": 1101,
        "listenersMin": 158,
        "listenersMax": 158
      },
      "runs": 3
    },
    "scroll-right": {
      "rangeStart": 0,
      "rangeEnd": 13596,
      "total": 13596,
      "categories": {
        "rendering": 312.23099999997066,
        "scripting": 417.1393333334873,
        "painting": 120.6773333332191,
        "other": 172.67900000066638,
        "idle": 12573.736149999313
      },
      "updateCounters": {
        "sampleCount": 863,
        "jsHeapMinBytes": 15253970.666666666,
        "jsHeapMaxBytes": 20233400,
        "jsHeapMinLabel": "15254 kB",
        "jsHeapMaxLabel": "20.2 MB",
        "documentsMin": 1,
        "documentsMax": 1,
        "nodesMin": 1051,
        "nodesMax": 1061,
        "listenersMin": 158,
        "listenersMax": 158
      },
      "runs": 3
    },
    "scroll-up": {
      "rangeStart": 0,
      "rangeEnd": 16758,
      "total": 16758,
      "categories": {
        "other": 791.8599999989087,
        "rendering": 4119.665000001318,
        "painting": 1234.4443333328236,
        "scripting": 3561.974333332008,
        "idle": 7050.224000001598
      },
      "updateCounters": {
        "sampleCount": 2314,
        "jsHeapMinBytes": 22298692,
        "jsHeapMaxBytes": 50893934.666666664,
        "jsHeapMinLabel": "22299 kB",
        "jsHeapMaxLabel": "50.9 MB",
        "documentsMin": 1,
        "documentsMax": 1,
        "nodesMin": 1795,
        "nodesMax": 2064,
        "listenersMin": 158,
        "listenersMax": 158
      },
      "runs": 3
    },
    "sorting": {
      "rangeStart": 0,
      "rangeEnd": 741,
      "total": 741,
      "categories": {
        "other": 634.0196666666319,
        "scripting": 100.04276666665946,
        "rendering": 4.783666666635933,
        "painting": 0.8746666666702367,
        "idle": 1.7046666667447425
      },
      "updateCounters": {
        "sampleCount": 3,
        "jsHeapMinBytes": 395046298.6666667,
        "jsHeapMaxBytes": 401152598.6666667,
        "jsHeapMinLabel": "395046 kB",
        "jsHeapMaxLabel": "401.2 MB",
        "documentsMin": 2,
        "documentsMax": 2,
        "nodesMin": 1868,
        "nodesMax": 1868,
        "listenersMin": 145,
        "listenersMax": 145
      },
      "runs": 3,
      "hookTiming": 194.43333333332944
    },
    "source-data-validator-load": {
      "rangeStart": 0,
      "rangeEnd": 9057,
      "total": 9057,
      "categories": {
        "other": 1649.988999999854,
        "rendering": 23.115000000048894,
        "scripting": 7380.799000000089,
        "idle": 3.4610000000102445
      },
      "updateCounters": {
        "sampleCount": 61,
        "jsHeapMinBytes": 594793412,
        "jsHeapMaxBytes": 1381052032,
        "jsHeapMinLabel": "594793 kB",
        "jsHeapMaxLabel": "1381.1 MB",
        "documentsMin": 1,
        "documentsMax": 1,
        "nodesMin": 3600,
        "nodesMax": 4767,
        "listenersMin": 383,
        "listenersMax": 478
      },
      "runs": 3
    }
  }
}