{
  "timestamp": "2026-06-29T08:54:21.424Z",
  "scenarios": {
    "cell-editing": {
      "rangeStart": 0,
      "rangeEnd": 3104,
      "total": 3104,
      "categories": {
        "other": 259.96933333325944,
        "rendering": 442.9790000001473,
        "scripting": 489.65233333326825,
        "painting": 60.01499999990725,
        "idle": 1851.6550000000861
      },
      "updateCounters": {
        "sampleCount": 2126,
        "jsHeapMinBytes": 11951558.666666666,
        "jsHeapMaxBytes": 19828612,
        "jsHeapMinLabel": "11952 kB",
        "jsHeapMaxLabel": "19.8 MB",
        "documentsMin": 1,
        "documentsMax": 1,
        "nodesMin": 836,
        "nodesMax": 1198,
        "listenersMin": 175,
        "listenersMax": 410
      },
      "runs": 3
    },
    "filtering": {
      "rangeStart": 0,
      "rangeEnd": 711,
      "total": 711,
      "categories": {
        "other": 615.7378166666133,
        "scripting": 77.09341666665907,
        "rendering": 11.837000000028638,
        "painting": 2.87599999998929,
        "idle": 3.162333333370043
      },
      "updateCounters": {
        "sampleCount": 3,
        "jsHeapMinBytes": 324926842.6666667,
        "jsHeapMaxBytes": 344456248,
        "jsHeapMinLabel": "324927 kB",
        "jsHeapMaxLabel": "344.5 MB",
        "documentsMin": 3,
        "documentsMax": 3,
        "nodesMin": 1967,
        "nodesMax": 1968,
        "listenersMin": 206,
        "listenersMax": 206
      },
      "runs": 3,
      "hookTiming": 98.26666666666279
    },
    "initial-load": {
      "rangeStart": 0,
      "rangeEnd": 632,
      "total": 632,
      "categories": {
        "other": 604.7892666666897,
        "rendering": 0.5606666666668995,
        "scripting": 23.86175,
        "painting": 0,
        "idle": 2.4306666666622427
      },
      "updateCounters": {
        "sampleCount": 3,
        "jsHeapMinBytes": 332700812,
        "jsHeapMaxBytes": 332700900,
        "jsHeapMinLabel": "332701 kB",
        "jsHeapMaxLabel": "332.7 MB",
        "documentsMin": 1,
        "documentsMax": 1,
        "nodesMin": 5389,
        "nodesMax": 5389,
        "listenersMin": 673,
        "listenersMax": 673
      },
      "runs": 3
    },
    "scroll-down": {
      "rangeStart": 0,
      "rangeEnd": 14998,
      "total": 14998,
      "categories": {
        "rendering": 983.2313333334556,
        "scripting": 930.4146666663356,
        "painting": 322.3783333328902,
        "other": 353.03500000057903,
        "idle": 12408.972566666731
      },
      "updateCounters": {
        "sampleCount": 900,
        "jsHeapMinBytes": 22381182.666666668,
        "jsHeapMaxBytes": 32965169.333333332,
        "jsHeapMinLabel": "22381 kB",
        "jsHeapMaxLabel": "33.0 MB",
        "documentsMin": 1,
        "documentsMax": 1,
        "nodesMin": 1754,
        "nodesMax": 1878,
        "listenersMin": 158,
        "listenersMax": 158
      },
      "runs": 3
    },
    "scroll-left": {
      "rangeStart": 0,
      "rangeEnd": 16709,
      "total": 16709,
      "categories": {
        "other": 586.4916666643602,
        "rendering": 2368.2813333336576,
        "painting": 804.3580000006283,
        "scripting": 2651.7826666672086,
        "idle": 10297.791666667481
      },
      "updateCounters": {
        "sampleCount": 3060,
        "jsHeapMinBytes": 14560494.666666666,
        "jsHeapMaxBytes": 24438626.666666668,
        "jsHeapMinLabel": "14560 kB",
        "jsHeapMaxLabel": "24.4 MB",
        "documentsMin": 1,
        "documentsMax": 1,
        "nodesMin": 1081,
        "nodesMax": 1111,
        "listenersMin": 158,
        "listenersMax": 158
      },
      "runs": 3
    },
    "scroll-right": {
      "rangeStart": 0,
      "rangeEnd": 13606,
      "total": 13606,
      "categories": {
        "rendering": 355.8669999999499,
        "scripting": 455.0649999994241,
        "painting": 135.61300000032256,
        "other": 208.34766666608243,
        "idle": 12450.81120000089
      },
      "updateCounters": {
        "sampleCount": 863,
        "jsHeapMinBytes": 15244802.666666666,
        "jsHeapMaxBytes": 20220441.333333332,
        "jsHeapMinLabel": "15245 kB",
        "jsHeapMaxLabel": "20.2 MB",
        "documentsMin": 1,
        "documentsMax": 1,
        "nodesMin": 1051,
        "nodesMax": 1061,
        "listenersMin": 158,
        "listenersMax": 158
      },
      "runs": 3
    },
    "scroll-up": {
      "rangeStart": 0,
      "rangeEnd": 16749,
      "total": 16749,
      "categories": {
        "other": 852.4196666665206,
        "rendering": 4336.769333334232,
        "painting": 1355.012000000046,
        "scripting": 3792.0823333332446,
        "idle": 6412.526999999284
      },
      "updateCounters": {
        "sampleCount": 2314,
        "jsHeapMinBytes": 22721585.333333332,
        "jsHeapMaxBytes": 50843204,
        "jsHeapMinLabel": "22722 kB",
        "jsHeapMaxLabel": "50.8 MB",
        "documentsMin": 1,
        "documentsMax": 1,
        "nodesMin": 1795,
        "nodesMax": 2084,
        "listenersMin": 158,
        "listenersMax": 158
      },
      "runs": 3
    },
    "sorting": {
      "rangeStart": 0,
      "rangeEnd": 834,
      "total": 834,
      "categories": {
        "painting": 1.1053333333111368,
        "rendering": 2.9236666666693054,
        "other": 720.2966666666625,
        "scripting": 108.05834999999605,
        "idle": 1.538333333369034
      },
      "updateCounters": {
        "sampleCount": 3,
        "jsHeapMinBytes": 403595169.3333333,
        "jsHeapMaxBytes": 408790917.3333333,
        "jsHeapMinLabel": "403595 kB",
        "jsHeapMaxLabel": "408.8 MB",
        "documentsMin": 2,
        "documentsMax": 2,
        "nodesMin": 1868,
        "nodesMax": 1868,
        "listenersMin": 145,
        "listenersMax": 145
      },
      "runs": 3,
      "hookTiming": 237.30000000000777
    },
    "source-data-validator-load": {
      "rangeStart": 0,
      "rangeEnd": 8719,
      "total": 8719,
      "categories": {
        "other": 1727.5266666667146,
        "rendering": 25.240666666533798,
        "scripting": 6962.532000000119,
        "idle": 4.024666666635312,
        "painting": 0.022999999986495823
      },
      "updateCounters": {
        "sampleCount": 60,
        "jsHeapMinBytes": 732984540,
        "jsHeapMaxBytes": 1523358352,
        "jsHeapMinLabel": "732985 kB",
        "jsHeapMaxLabel": "1523.4 MB",
        "documentsMin": 1,
        "documentsMax": 1,
        "nodesMin": 3600,
        "nodesMax": 4759,
        "listenersMin": 383,
        "listenersMax": 459
      },
      "runs": 3
    }
  }
}