{
  "timestamp": "2026-05-08T07:02:10.583Z",
  "scenarios": {
    "cell-editing": {
      "rangeStart": 0,
      "rangeEnd": 2744,
      "total": 2744,
      "categories": {
        "other": 224.84666666661985,
        "rendering": 233.04733333371405,
        "scripting": 402.3183333328402,
        "painting": 44.45566666666127,
        "idle": 1839.177000000166
      },
      "updateCounters": {
        "sampleCount": 2103,
        "jsHeapMinBytes": 15395341.333333334,
        "jsHeapMaxBytes": 28572761.333333332,
        "jsHeapMinLabel": "15395 kb",
        "jsHeapMaxLabel": "28.6 Mb",
        "documentsMin": 2,
        "documentsMax": 2,
        "nodesMin": 1030,
        "nodesMax": 1109,
        "listenersMin": 176,
        "listenersMax": 330
      },
      "runs": 3
    },
    "filtering": {
      "rangeStart": 0,
      "rangeEnd": 352,
      "total": 352,
      "categories": {
        "other": 337.2509999999991,
        "rendering": 2.2573500000095614,
        "scripting": 11.296833333331199,
        "painting": 0,
        "idle": 1.2863333333322469
      },
      "updateCounters": {
        "sampleCount": 1,
        "jsHeapMinBytes": 149310084,
        "jsHeapMaxBytes": 149310084,
        "jsHeapMinLabel": "149310 kb",
        "jsHeapMaxLabel": "149.3 Mb",
        "documentsMin": 4,
        "documentsMax": 4,
        "nodesMin": 1984,
        "nodesMax": 1984,
        "listenersMin": 201,
        "listenersMax": 201
      },
      "runs": 3,
      "hookTiming": 4.20000000000194
    },
    "scroll-down": {
      "rangeStart": 0,
      "rangeEnd": 16714,
      "total": 16714,
      "categories": {
        "other": 145.5329999991481,
        "rendering": 20.39366666718949,
        "painting": 20.647000000133023,
        "scripting": 114.89533333325022,
        "idle": 16412.938666666945
      },
      "updateCounters": {
        "sampleCount": 501,
        "jsHeapMinBytes": 26915818.666666668,
        "jsHeapMaxBytes": 30954202.666666668,
        "jsHeapMinLabel": "26916 kb",
        "jsHeapMaxLabel": "31.0 Mb",
        "documentsMin": 2,
        "documentsMax": 2,
        "nodesMin": 150268,
        "nodesMax": 150307,
        "listenersMin": 158,
        "listenersMax": 158
      },
      "runs": 3
    },
    "scroll-left": {
      "rangeStart": 0,
      "rangeEnd": 16700,
      "total": 16700,
      "categories": {
        "other": 490.07600000113126,
        "rendering": 2178.7503333342515,
        "scripting": 2241.3776666661674,
        "painting": 593.5609999990556,
        "idle": 11196.486999999383
      },
      "updateCounters": {
        "sampleCount": 3041,
        "jsHeapMinBytes": 16041952,
        "jsHeapMaxBytes": 30573414.666666668,
        "jsHeapMinLabel": "16042 kb",
        "jsHeapMaxLabel": "30.6 Mb",
        "documentsMin": 2,
        "documentsMax": 2,
        "nodesMin": 1078,
        "nodesMax": 1171,
        "listenersMin": 158,
        "listenersMax": 158
      },
      "runs": 3
    },
    "scroll-right": {
      "rangeStart": 0,
      "rangeEnd": 13608,
      "total": 13608,
      "categories": {
        "rendering": 327.42533333337633,
        "scripting": 361.4206666664175,
        "painting": 99.56600000028266,
        "other": 148.76266666716415,
        "idle": 12670.483883332772
      },
      "updateCounters": {
        "sampleCount": 860,
        "jsHeapMinBytes": 16427834.666666666,
        "jsHeapMaxBytes": 21425158.666666668,
        "jsHeapMinLabel": "16428 kb",
        "jsHeapMaxLabel": "21.4 Mb",
        "documentsMin": 2,
        "documentsMax": 2,
        "nodesMin": 1078,
        "nodesMax": 1110,
        "listenersMin": 158,
        "listenersMax": 158
      },
      "runs": 3
    },
    "scroll-up": {
      "rangeStart": 0,
      "rangeEnd": 14546,
      "total": 14546,
      "categories": {
        "other": 257.75166666724317,
        "rendering": 1743.0650000000412,
        "scripting": 1691.438333333089,
        "painting": 382.64599999960046,
        "idle": 10471.139016666682
      },
      "updateCounters": {
        "sampleCount": 927,
        "jsHeapMinBytes": 28075054.666666668,
        "jsHeapMaxBytes": 56624450.666666664,
        "jsHeapMinLabel": "28075 kb",
        "jsHeapMaxLabel": "56.6 Mb",
        "documentsMin": 2,
        "documentsMax": 2,
        "nodesMin": 150274,
        "nodesMax": 150753,
        "listenersMin": 158,
        "listenersMax": 158
      },
      "runs": 3
    },
    "sorting": {
      "rangeStart": 0,
      "rangeEnd": 355,
      "total": 355,
      "categories": {
        "other": 168.40971666657893,
        "scripting": 179.98999999997145,
        "rendering": 4.052666666684672,
        "painting": 1.002333333347148,
        "idle": 1.731000000048283
      },
      "updateCounters": {
        "sampleCount": 2,
        "jsHeapMinBytes": 141580792,
        "jsHeapMaxBytes": 142643028,
        "jsHeapMinLabel": "141581 kb",
        "jsHeapMaxLabel": "142.6 Mb",
        "documentsMin": 4,
        "documentsMax": 4,
        "nodesMin": 1913,
        "nodesMax": 1913,
        "listenersMin": 145,
        "listenersMax": 145
      },
      "runs": 3,
      "hookTiming": 12.699999999992238
    }
  }
}