{
  "timestamp": "2026-06-24T06:44:25.051Z",
  "scenarios": {
    "cell-editing": {
      "rangeStart": 0,
      "rangeEnd": 2807,
      "total": 2807,
      "categories": {
        "other": 212.6469999999015,
        "rendering": 323.1853333329491,
        "scripting": 395.5233333341395,
        "painting": 43.219000000011874,
        "idle": 1832.2973333329912
      },
      "updateCounters": {
        "sampleCount": 2123,
        "jsHeapMinBytes": 15336632,
        "jsHeapMaxBytes": 28206566.666666668,
        "jsHeapMinLabel": "15337 kb",
        "jsHeapMaxLabel": "28.2 Mb",
        "documentsMin": 1,
        "documentsMax": 1,
        "nodesMin": 1032,
        "nodesMax": 1097,
        "listenersMin": 176,
        "listenersMax": 331
      },
      "runs": 3
    },
    "filtering": {
      "rangeStart": 0,
      "rangeEnd": 352,
      "total": 352,
      "categories": {
        "other": 328.45568333333136,
        "rendering": 9.12664999999106,
        "scripting": 13.185783333341279,
        "painting": 0,
        "idle": 1.5733333333337214
      },
      "updateCounters": {
        "sampleCount": 1,
        "jsHeapMinBytes": 157746817.33333334,
        "jsHeapMaxBytes": 157746817.33333334,
        "jsHeapMinLabel": "157747 kb",
        "jsHeapMaxLabel": "157.7 Mb",
        "documentsMin": 3,
        "documentsMax": 3,
        "nodesMin": 1980,
        "nodesMax": 1980,
        "listenersMin": 201,
        "listenersMax": 201
      },
      "runs": 3,
      "hookTiming": 1.9999999999902986
    },
    "scroll-down": {
      "rangeStart": 0,
      "rangeEnd": 16715,
      "total": 16715,
      "categories": {
        "other": 135.55899999859153,
        "rendering": 18.838666667725192,
        "painting": 19.688333332858747,
        "scripting": 116.37966666676266,
        "idle": 16424.788000000717
      },
      "updateCounters": {
        "sampleCount": 501,
        "jsHeapMinBytes": 26631816,
        "jsHeapMaxBytes": 28222885.333333332,
        "jsHeapMinLabel": "26632 kb",
        "jsHeapMaxLabel": "28.2 Mb",
        "documentsMin": 1,
        "documentsMax": 1,
        "nodesMin": 150271,
        "nodesMax": 150271,
        "listenersMin": 158,
        "listenersMax": 158
      },
      "runs": 3
    },
    "scroll-left": {
      "rangeStart": 0,
      "rangeEnd": 16713,
      "total": 16713,
      "categories": {
        "other": 472.8629999972672,
        "rendering": 1959.170333332615,
        "painting": 655.5276666662927,
        "scripting": 2334.8526666679045,
        "idle": 11290.340666669246
      },
      "updateCounters": {
        "sampleCount": 3042,
        "jsHeapMinBytes": 15819441.333333334,
        "jsHeapMaxBytes": 30719929.333333332,
        "jsHeapMinLabel": "15819 kb",
        "jsHeapMaxLabel": "30.7 Mb",
        "documentsMin": 1,
        "documentsMax": 1,
        "nodesMin": 1081,
        "nodesMax": 1081,
        "listenersMin": 158,
        "listenersMax": 158
      },
      "runs": 3
    },
    "scroll-right": {
      "rangeStart": 0,
      "rangeEnd": 13600,
      "total": 13600,
      "categories": {
        "rendering": 287.72333333284286,
        "scripting": 372.36833333282857,
        "painting": 107.5440000006347,
        "other": 141.8893333346097,
        "idle": 12690.497683332398
      },
      "updateCounters": {
        "sampleCount": 860,
        "jsHeapMinBytes": 16196601.333333334,
        "jsHeapMaxBytes": 21244574.666666668,
        "jsHeapMinLabel": "16197 kb",
        "jsHeapMaxLabel": "21.2 Mb",
        "documentsMin": 1,
        "documentsMax": 1,
        "nodesMin": 1081,
        "nodesMax": 1081,
        "listenersMin": 158,
        "listenersMax": 158
      },
      "runs": 3
    },
    "scroll-up": {
      "rangeStart": 0,
      "rangeEnd": 14541,
      "total": 14541,
      "categories": {
        "other": 332.53566666486006,
        "rendering": 1696.490666666689,
        "scripting": 1815.775000000381,
        "painting": 401.40433333416394,
        "idle": 10294.81140000055
      },
      "updateCounters": {
        "sampleCount": 953,
        "jsHeapMinBytes": 27867974.666666668,
        "jsHeapMaxBytes": 49804461.333333336,
        "jsHeapMinLabel": "27868 kb",
        "jsHeapMaxLabel": "49.8 Mb",
        "documentsMin": 1,
        "documentsMax": 1,
        "nodesMin": 150271,
        "nodesMax": 150273,
        "listenersMin": 158,
        "listenersMax": 158
      },
      "runs": 3
    },
    "sorting": {
      "rangeStart": 0,
      "rangeEnd": 348,
      "total": 348,
      "categories": {
        "other": 330.53631666666655,
        "rendering": 3.118350000023687,
        "scripting": 12.94701666667064,
        "painting": 0,
        "idle": 1.1496666666547146
      },
      "updateCounters": {
        "sampleCount": 1,
        "jsHeapMinBytes": 153292940,
        "jsHeapMaxBytes": 153292940,
        "jsHeapMinLabel": "153293 kb",
        "jsHeapMaxLabel": "153.3 Mb",
        "documentsMin": 3,
        "documentsMax": 3,
        "nodesMin": 1909,
        "nodesMax": 1909,
        "listenersMin": 145,
        "listenersMax": 145
      },
      "runs": 3,
      "hookTiming": 3.766666666662786
    }
  }
}