{
  "timestamp": "2026-04-29T09:14:20.363Z",
  "scenarios": {
    "cell-editing": {
      "rangeStart": 0,
      "rangeEnd": 2750,
      "total": 2750,
      "categories": {
        "other": 223.1523333352363,
        "rendering": 236.88866666556956,
        "scripting": 402.57366666775647,
        "painting": 46.46833333248893,
        "idle": 1840.807999998952
      },
      "updateCounters": {
        "sampleCount": 2101,
        "jsHeapMinBytes": 15275258.666666666,
        "jsHeapMaxBytes": 28210469.333333332,
        "jsHeapMinLabel": "15275 kb",
        "jsHeapMaxLabel": "28.2 Mb",
        "documentsMin": 2,
        "documentsMax": 2,
        "nodesMin": 1030,
        "nodesMax": 1107,
        "listenersMin": 176,
        "listenersMax": 326
      },
      "runs": 3
    },
    "filtering": {
      "rangeStart": 0,
      "rangeEnd": 360,
      "total": 360,
      "categories": {
        "other": 162.4266666667573,
        "scripting": 190.5625166666928,
        "rendering": 3.5969999999700426,
        "painting": 0.829333333337369,
        "idle": 2.250666666581916
      },
      "updateCounters": {
        "sampleCount": 1,
        "jsHeapMinBytes": 147798054,
        "jsHeapMaxBytes": 147798054,
        "jsHeapMinLabel": "147798 kb",
        "jsHeapMaxLabel": "147.8 Mb",
        "documentsMin": 4,
        "documentsMax": 4,
        "nodesMin": 1983,
        "nodesMax": 1983,
        "listenersMin": 201,
        "listenersMax": 201
      },
      "runs": 3,
      "hookTiming": 4.599999999996119
    },
    "scroll-down": {
      "rangeStart": 0,
      "rangeEnd": 16730,
      "total": 16730,
      "categories": {
        "other": 161.56233333124965,
        "rendering": 21.150333334691823,
        "painting": 23.14633333326007,
        "scripting": 131.31366666645013,
        "idle": 16392.689666667662
      },
      "updateCounters": {
        "sampleCount": 501,
        "jsHeapMinBytes": 27006558.666666668,
        "jsHeapMaxBytes": 35295800,
        "jsHeapMinLabel": "27007 kb",
        "jsHeapMaxLabel": "35.3 Mb",
        "documentsMin": 2,
        "documentsMax": 2,
        "nodesMin": 150268,
        "nodesMax": 150293,
        "listenersMin": 158,
        "listenersMax": 158
      },
      "runs": 3
    },
    "scroll-left": {
      "rangeStart": 0,
      "rangeEnd": 16707,
      "total": 16707,
      "categories": {
        "other": 493.15066666563604,
        "rendering": 2190.7139999968153,
        "scripting": 2280.56733333622,
        "painting": 598.677999999607,
        "idle": 11143.942333335019
      },
      "updateCounters": {
        "sampleCount": 3041,
        "jsHeapMinBytes": 16006724,
        "jsHeapMaxBytes": 30643762.666666668,
        "jsHeapMinLabel": "16007 kb",
        "jsHeapMaxLabel": "30.6 Mb",
        "documentsMin": 2,
        "documentsMax": 2,
        "nodesMin": 1078,
        "nodesMax": 1171,
        "listenersMin": 158,
        "listenersMax": 158
      },
      "runs": 3
    },
    "scroll-right": {
      "rangeStart": 0,
      "rangeEnd": 13606,
      "total": 13606,
      "categories": {
        "rendering": 317.1156666701427,
        "scripting": 365.15766666626706,
        "painting": 97.16599999853254,
        "other": 151.788999999729,
        "idle": 12674.617416665307
      },
      "updateCounters": {
        "sampleCount": 861,
        "jsHeapMinBytes": 16392617.333333334,
        "jsHeapMaxBytes": 21386432,
        "jsHeapMinLabel": "16393 kb",
        "jsHeapMaxLabel": "21.4 Mb",
        "documentsMin": 2,
        "documentsMax": 2,
        "nodesMin": 1078,
        "nodesMax": 1109,
        "listenersMin": 158,
        "listenersMax": 158
      },
      "runs": 3
    },
    "scroll-up": {
      "rangeStart": 0,
      "rangeEnd": 14557,
      "total": 14557,
      "categories": {
        "other": 276.6496666631261,
        "rendering": 1771.7179999963457,
        "scripting": 1738.2216666713136,
        "painting": 387.58566666642827,
        "idle": 10382.701416669452
      },
      "updateCounters": {
        "sampleCount": 927,
        "jsHeapMinBytes": 28179178.666666668,
        "jsHeapMaxBytes": 56903476,
        "jsHeapMinLabel": "28179 kb",
        "jsHeapMaxLabel": "56.9 Mb",
        "documentsMin": 2,
        "documentsMax": 2,
        "nodesMin": 150274,
        "nodesMax": 150754,
        "listenersMin": 158,
        "listenersMax": 158
      },
      "runs": 3
    },
    "sorting": {
      "rangeStart": 0,
      "rangeEnd": 355,
      "total": 355,
      "categories": {
        "other": 170.9198666666355,
        "scripting": 178.18871666664566,
        "rendering": 3.689000000090649,
        "painting": 0.7446666666849827,
        "idle": 1.5996666666275416
      },
      "updateCounters": {
        "sampleCount": 2,
        "jsHeapMinBytes": 141291128,
        "jsHeapMaxBytes": 142346924,
        "jsHeapMinLabel": "141291 kb",
        "jsHeapMaxLabel": "142.3 Mb",
        "documentsMin": 4,
        "documentsMax": 4,
        "nodesMin": 1913,
        "nodesMax": 1913,
        "listenersMin": 145,
        "listenersMax": 145
      },
      "runs": 3,
      "hookTiming": 12.599999999937912
    }
  }
}