{
  "timestamp": "2026-06-17T11:54:30.859Z",
  "scenarios": {
    "cell-editing": {
      "rangeStart": 0,
      "rangeEnd": 2636,
      "total": 2636,
      "categories": {
        "other": 179.21499999922375,
        "rendering": 277.8956666671923,
        "scripting": 330.00066666687934,
        "painting": 37.109666666617464,
        "idle": 1812.1813333334187
      },
      "updateCounters": {
        "sampleCount": 2122,
        "jsHeapMinBytes": 15022253.333333334,
        "jsHeapMaxBytes": 29511660,
        "jsHeapMinLabel": "15022 kb",
        "jsHeapMaxLabel": "29.5 Mb",
        "documentsMin": 1,
        "documentsMax": 1,
        "nodesMin": 1032,
        "nodesMax": 1106,
        "listenersMin": 175,
        "listenersMax": 344
      },
      "runs": 3
    },
    "filtering": {
      "rangeStart": 0,
      "rangeEnd": 296,
      "total": 296,
      "categories": {
        "other": 275.4136666666523,
        "rendering": 7.793666666684051,
        "scripting": 10.96748333332936,
        "painting": 0,
        "idle": 1.422333333340551
      },
      "updateCounters": {
        "sampleCount": 1,
        "jsHeapMinBytes": 157639172,
        "jsHeapMaxBytes": 157639221.33333334,
        "jsHeapMinLabel": "157639 kb",
        "jsHeapMaxLabel": "157.6 Mb",
        "documentsMin": 3,
        "documentsMax": 3,
        "nodesMin": 1980,
        "nodesMax": 1980,
        "listenersMin": 201,
        "listenersMax": 201
      },
      "runs": 3,
      "hookTiming": 1.5999999999961194
    },
    "scroll-down": {
      "rangeStart": 0,
      "rangeEnd": 16703,
      "total": 16703,
      "categories": {
        "other": 149.59433333286333,
        "rendering": 18.979000000089098,
        "painting": 20.326666666738067,
        "scripting": 111.39833333324161,
        "idle": 16402.60266666707
      },
      "updateCounters": {
        "sampleCount": 501,
        "jsHeapMinBytes": 26602730.666666668,
        "jsHeapMaxBytes": 28310077.333333332,
        "jsHeapMinLabel": "26603 kb",
        "jsHeapMaxLabel": "28.3 Mb",
        "documentsMin": 1,
        "documentsMax": 1,
        "nodesMin": 150271,
        "nodesMax": 150271,
        "listenersMin": 158,
        "listenersMax": 158
      },
      "runs": 3
    },
    "scroll-left": {
      "rangeStart": 0,
      "rangeEnd": 16687,
      "total": 16687,
      "categories": {
        "rendering": 1717.5676666680567,
        "scripting": 1860.0873333322859,
        "painting": 586.8610000003828,
        "other": 426.69733332974124,
        "idle": 12095.226666669516
      },
      "updateCounters": {
        "sampleCount": 3043,
        "jsHeapMinBytes": 15747697.333333334,
        "jsHeapMaxBytes": 30570650.666666668,
        "jsHeapMinLabel": "15748 kb",
        "jsHeapMaxLabel": "30.6 Mb",
        "documentsMin": 1,
        "documentsMax": 1,
        "nodesMin": 1081,
        "nodesMax": 1081,
        "listenersMin": 158,
        "listenersMax": 158
      },
      "runs": 3
    },
    "scroll-right": {
      "rangeStart": 0,
      "rangeEnd": 13595,
      "total": 13595,
      "categories": {
        "rendering": 256.1370000006088,
        "scripting": 315.953333333772,
        "painting": 97.60166666662553,
        "other": 144.5823333347828,
        "idle": 12781.00003333089
      },
      "updateCounters": {
        "sampleCount": 861,
        "jsHeapMinBytes": 16184405.333333334,
        "jsHeapMaxBytes": 21206358.666666668,
        "jsHeapMinLabel": "16184 kb",
        "jsHeapMaxLabel": "21.2 Mb",
        "documentsMin": 1,
        "documentsMax": 1,
        "nodesMin": 1081,
        "nodesMax": 1081,
        "listenersMin": 158,
        "listenersMax": 158
      },
      "runs": 3
    },
    "scroll-up": {
      "rangeStart": 0,
      "rangeEnd": 14532,
      "total": 14532,
      "categories": {
        "other": 269.0333333318631,
        "rendering": 1551.8396666685392,
        "scripting": 1463.975333333178,
        "painting": 376.38199999992503,
        "idle": 10871.112299999824
      },
      "updateCounters": {
        "sampleCount": 947,
        "jsHeapMinBytes": 27681532,
        "jsHeapMaxBytes": 49912548,
        "jsHeapMinLabel": "27682 kb",
        "jsHeapMaxLabel": "49.9 Mb",
        "documentsMin": 1,
        "documentsMax": 1,
        "nodesMin": 150271,
        "nodesMax": 150273,
        "listenersMin": 158,
        "listenersMax": 158
      },
      "runs": 3
    },
    "sorting": {
      "rangeStart": 0,
      "rangeEnd": 299,
      "total": 299,
      "categories": {
        "other": 284.00204999998135,
        "rendering": 3.7612833333356925,
        "scripting": 10.51528333334097,
        "painting": 0.2268499999966783,
        "idle": 0.803666666673962
      },
      "updateCounters": {
        "sampleCount": 1,
        "jsHeapMinBytes": 153571924,
        "jsHeapMaxBytes": 153571924,
        "jsHeapMinLabel": "153572 kb",
        "jsHeapMaxLabel": "153.6 Mb",
        "documentsMin": 3,
        "documentsMax": 3,
        "nodesMin": 1909,
        "nodesMax": 1909,
        "listenersMin": 145,
        "listenersMax": 145
      },
      "runs": 3,
      "hookTiming": 2.7999999999689558
    }
  }
}