{
  "timestamp": "2026-05-06T08:34:43.510Z",
  "scenarios": {
    "cell-editing": {
      "rangeStart": 0,
      "rangeEnd": 2841,
      "total": 2841,
      "categories": {
        "other": 241.69700000011775,
        "rendering": 274.4020000002153,
        "scripting": 427.9903333332659,
        "painting": 53.916666666632715,
        "idle": 1843.3269999997622
      },
      "updateCounters": {
        "sampleCount": 2101,
        "jsHeapMinBytes": 15279258.666666666,
        "jsHeapMaxBytes": 29449481.333333332,
        "jsHeapMinLabel": "15279 kb",
        "jsHeapMaxLabel": "29.4 Mb",
        "documentsMin": 2,
        "documentsMax": 2,
        "nodesMin": 1030,
        "nodesMax": 1115,
        "listenersMin": 176,
        "listenersMax": 342
      },
      "runs": 3
    },
    "filtering": {
      "rangeStart": 0,
      "rangeEnd": 395,
      "total": 395,
      "categories": {
        "other": 378.9525666666477,
        "rendering": 2.1831666666839737,
        "scripting": 11.74166666666589,
        "painting": 0,
        "idle": 2.5790000000076057
      },
      "updateCounters": {
        "sampleCount": 1,
        "jsHeapMinBytes": 143085252,
        "jsHeapMaxBytes": 143085252,
        "jsHeapMinLabel": "143085 kb",
        "jsHeapMaxLabel": "143.1 Mb",
        "documentsMin": 4,
        "documentsMax": 4,
        "nodesMin": 1987,
        "nodesMax": 1987,
        "listenersMin": 201,
        "listenersMax": 201
      },
      "runs": 3,
      "hookTiming": 5.166666666666667
    },
    "scroll-down": {
      "rangeStart": 0,
      "rangeEnd": 16729,
      "total": 16729,
      "categories": {
        "other": 178.9599999995706,
        "rendering": 23.843666666463832,
        "painting": 25.170333333332866,
        "scripting": 135.55166666675285,
        "idle": 16365.139333333893
      },
      "updateCounters": {
        "sampleCount": 501,
        "jsHeapMinBytes": 26908161.333333332,
        "jsHeapMaxBytes": 30500148,
        "jsHeapMinLabel": "26908 kb",
        "jsHeapMaxLabel": "30.5 Mb",
        "documentsMin": 2,
        "documentsMax": 2,
        "nodesMin": 150268,
        "nodesMax": 150305,
        "listenersMin": 158,
        "listenersMax": 158
      },
      "runs": 3
    },
    "scroll-left": {
      "rangeStart": 0,
      "rangeEnd": 16715,
      "total": 16715,
      "categories": {
        "other": 532.043999999693,
        "rendering": 2379.263333333278,
        "scripting": 2367.3883333337344,
        "painting": 662.4349999998909,
        "idle": 10773.675666666744
      },
      "updateCounters": {
        "sampleCount": 3041,
        "jsHeapMinBytes": 16031596,
        "jsHeapMaxBytes": 30670782.666666668,
        "jsHeapMinLabel": "16032 kb",
        "jsHeapMaxLabel": "30.7 Mb",
        "documentsMin": 2,
        "documentsMax": 2,
        "nodesMin": 1078,
        "nodesMax": 1171,
        "listenersMin": 158,
        "listenersMax": 158
      },
      "runs": 3
    },
    "scroll-right": {
      "rangeStart": 0,
      "rangeEnd": 13605,
      "total": 13605,
      "categories": {
        "rendering": 357.39933333501295,
        "scripting": 386.55333333259506,
        "painting": 112.53066666600837,
        "other": 178.81866666695194,
        "idle": 12569.868333332755
      },
      "updateCounters": {
        "sampleCount": 860,
        "jsHeapMinBytes": 16420637.333333334,
        "jsHeapMaxBytes": 21418496,
        "jsHeapMinLabel": "16421 kb",
        "jsHeapMaxLabel": "21.4 Mb",
        "documentsMin": 2,
        "documentsMax": 2,
        "nodesMin": 1078,
        "nodesMax": 1109,
        "listenersMin": 158,
        "listenersMax": 158
      },
      "runs": 3
    },
    "scroll-up": {
      "rangeStart": 0,
      "rangeEnd": 14551,
      "total": 14551,
      "categories": {
        "other": 324.44633333551127,
        "rendering": 2002.4100000014878,
        "scripting": 1864.3403333314225,
        "painting": 480.89066666640184,
        "idle": 9879.235783331815
      },
      "updateCounters": {
        "sampleCount": 927,
        "jsHeapMinBytes": 28081464,
        "jsHeapMaxBytes": 56640262.666666664,
        "jsHeapMinLabel": "28081 kb",
        "jsHeapMaxLabel": "56.6 Mb",
        "documentsMin": 2,
        "documentsMax": 2,
        "nodesMin": 150276,
        "nodesMax": 150755,
        "listenersMin": 158,
        "listenersMax": 158
      },
      "runs": 3
    },
    "sorting": {
      "rangeStart": 0,
      "rangeEnd": 384,
      "total": 384,
      "categories": {
        "other": 372.98916666665747,
        "rendering": 1.7758333333185874,
        "scripting": 5.9718333333333335,
        "painting": 0,
        "idle": 2.641666666682189
      },
      "updateCounters": {
        "sampleCount": 2,
        "jsHeapMinBytes": 141755956,
        "jsHeapMaxBytes": 147126308,
        "jsHeapMinLabel": "141756 kb",
        "jsHeapMaxLabel": "147.1 Mb",
        "documentsMin": 4,
        "documentsMax": 4,
        "nodesMin": 1913,
        "nodesMax": 1915,
        "listenersMin": 145,
        "listenersMax": 145
      },
      "runs": 3,
      "hookTiming": 13
    }
  }
}