{
  "timestamp": "2026-05-28T09:55:10.553Z",
  "scenarios": {
    "cell-editing": {
      "rangeStart": 0,
      "rangeEnd": 2740,
      "total": 2740,
      "categories": {
        "other": 224.52899999923878,
        "rendering": 252.20433333408437,
        "scripting": 400.93933333287185,
        "painting": 47.87733333336655,
        "idle": 1814.394666667106
      },
      "updateCounters": {
        "sampleCount": 2103,
        "jsHeapMinBytes": 15311750.666666666,
        "jsHeapMaxBytes": 29383833.333333332,
        "jsHeapMinLabel": "15312 kb",
        "jsHeapMaxLabel": "29.4 Mb",
        "documentsMin": 2,
        "documentsMax": 2,
        "nodesMin": 1032,
        "nodesMax": 1117,
        "listenersMin": 176,
        "listenersMax": 342
      },
      "runs": 3
    },
    "filtering": {
      "rangeStart": 0,
      "rangeEnd": 346,
      "total": 346,
      "categories": {
        "other": 332.49699999999126,
        "rendering": 1.6513333333423361,
        "scripting": 10.754616666674615,
        "painting": 0,
        "idle": 1.3650000000100893
      },
      "updateCounters": null,
      "runs": 3,
      "hookTiming": 5.733333333317812
    },
    "scroll-down": {
      "rangeStart": 0,
      "rangeEnd": 16723,
      "total": 16723,
      "categories": {
        "other": 183.1076666671378,
        "rendering": 21.537333332448423,
        "painting": 24.02666666706985,
        "scripting": 138.81799999999512,
        "idle": 16355.278666666689
      },
      "updateCounters": {
        "sampleCount": 501,
        "jsHeapMinBytes": 26952286.666666668,
        "jsHeapMaxBytes": 30492041.333333332,
        "jsHeapMinLabel": "26952 kb",
        "jsHeapMaxLabel": "30.5 Mb",
        "documentsMin": 2,
        "documentsMax": 2,
        "nodesMin": 150270,
        "nodesMax": 150307,
        "listenersMin": 158,
        "listenersMax": 158
      },
      "runs": 3
    },
    "scroll-left": {
      "rangeStart": 0,
      "rangeEnd": 16706,
      "total": 16706,
      "categories": {
        "other": 542.1393333350261,
        "rendering": 2198.9793333328657,
        "painting": 652.0016666664936,
        "scripting": 2471.3846666667346,
        "idle": 10842.097666665542
      },
      "updateCounters": {
        "sampleCount": 3042,
        "jsHeapMinBytes": 16017628,
        "jsHeapMaxBytes": 30868812,
        "jsHeapMinLabel": "16018 kb",
        "jsHeapMaxLabel": "30.9 Mb",
        "documentsMin": 2,
        "documentsMax": 2,
        "nodesMin": 1080,
        "nodesMax": 1172,
        "listenersMin": 158,
        "listenersMax": 158
      },
      "runs": 3
    },
    "scroll-right": {
      "rangeStart": 0,
      "rangeEnd": 13603,
      "total": 13603,
      "categories": {
        "rendering": 324.50399999900645,
        "scripting": 407.6486666671508,
        "painting": 107.5456666664686,
        "other": 187.44133333520313,
        "idle": 12575.655049998817
      },
      "updateCounters": {
        "sampleCount": 861,
        "jsHeapMinBytes": 16526977.333333334,
        "jsHeapMaxBytes": 21526104,
        "jsHeapMinLabel": "16527 kb",
        "jsHeapMaxLabel": "21.5 Mb",
        "documentsMin": 2,
        "documentsMax": 2,
        "nodesMin": 1080,
        "nodesMax": 1113,
        "listenersMin": 158,
        "listenersMax": 158
      },
      "runs": 3
    },
    "scroll-up": {
      "rangeStart": 0,
      "rangeEnd": 14547,
      "total": 14547,
      "categories": {
        "other": 298.5186666678499,
        "rendering": 1762.333666666081,
        "scripting": 1688.5613333325546,
        "painting": 392.10966666628764,
        "idle": 10405.661466667254
      },
      "updateCounters": {
        "sampleCount": 926,
        "jsHeapMinBytes": 28356041.333333332,
        "jsHeapMaxBytes": 56997781.333333336,
        "jsHeapMinLabel": "28356 kb",
        "jsHeapMaxLabel": "57.0 Mb",
        "documentsMin": 2,
        "documentsMax": 2,
        "nodesMin": 150277,
        "nodesMax": 150759,
        "listenersMin": 158,
        "listenersMax": 158
      },
      "runs": 3
    },
    "sorting": {
      "rangeStart": 0,
      "rangeEnd": 336,
      "total": 336,
      "categories": {
        "other": 328.1882333333292,
        "rendering": 1.413999999970353,
        "scripting": 5.31171666665872,
        "painting": 0,
        "idle": 1.2470000000127281
      },
      "updateCounters": {
        "sampleCount": 1,
        "jsHeapMinBytes": 160026764,
        "jsHeapMaxBytes": 160026764,
        "jsHeapMinLabel": "160027 kb",
        "jsHeapMaxLabel": "160.0 Mb",
        "documentsMin": 4,
        "documentsMax": 4,
        "nodesMin": 1917,
        "nodesMax": 1917,
        "listenersMin": 145,
        "listenersMax": 145
      },
      "runs": 3,
      "hookTiming": 12.466666666655025
    }
  }
}