{
  "timestamp": "2026-05-25T09:08:01.632Z",
  "scenarios": {
    "cell-editing": {
      "rangeStart": 0,
      "rangeEnd": 2808,
      "total": 2808,
      "categories": {
        "other": 237.23699999854776,
        "rendering": 264.9603333338164,
        "scripting": 422.2083333341681,
        "painting": 52.772999999889485,
        "idle": 1830.6606666669056
      },
      "updateCounters": {
        "sampleCount": 2101,
        "jsHeapMinBytes": 15289005.333333334,
        "jsHeapMaxBytes": 29542620,
        "jsHeapMinLabel": "15289 kb",
        "jsHeapMaxLabel": "29.5 Mb",
        "documentsMin": 2,
        "documentsMax": 2,
        "nodesMin": 1030,
        "nodesMax": 1115,
        "listenersMin": 175,
        "listenersMax": 343
      },
      "runs": 3
    },
    "filtering": {
      "rangeStart": 0,
      "rangeEnd": 389,
      "total": 389,
      "categories": {
        "other": 184.00678333338567,
        "scripting": 201.31595000000684,
        "rendering": 2.3893333332962357,
        "painting": 0.018733333330601454,
        "idle": 1.1559999999784243
      },
      "updateCounters": {
        "sampleCount": 1,
        "jsHeapMinBytes": 152398096,
        "jsHeapMaxBytes": 152398096,
        "jsHeapMinLabel": "152398 kb",
        "jsHeapMaxLabel": "152.4 Mb",
        "documentsMin": 4,
        "documentsMax": 4,
        "nodesMin": 1979,
        "nodesMax": 1979,
        "listenersMin": 201,
        "listenersMax": 201
      },
      "runs": 3,
      "hookTiming": 5.133333333341095
    },
    "scroll-down": {
      "rangeStart": 0,
      "rangeEnd": 16724,
      "total": 16724,
      "categories": {
        "other": 166.8176666675539,
        "rendering": 22.020666666367713,
        "painting": 23.309999999939464,
        "scripting": 128.8296666667238,
        "idle": 16383.394999999417
      },
      "updateCounters": {
        "sampleCount": 501,
        "jsHeapMinBytes": 26926609.333333332,
        "jsHeapMaxBytes": 30281652,
        "jsHeapMinLabel": "26927 kb",
        "jsHeapMaxLabel": "30.3 Mb",
        "documentsMin": 2,
        "documentsMax": 2,
        "nodesMin": 150268,
        "nodesMax": 150305,
        "listenersMin": 158,
        "listenersMax": 158
      },
      "runs": 3
    },
    "scroll-left": {
      "rangeStart": 0,
      "rangeEnd": 16700,
      "total": 16700,
      "categories": {
        "other": 504.45200000350025,
        "rendering": 2207.552666666801,
        "scripting": 2097.605333331916,
        "painting": 615.1166666669693,
        "idle": 11275.697999997492
      },
      "updateCounters": {
        "sampleCount": 3042,
        "jsHeapMinBytes": 16038142.666666666,
        "jsHeapMaxBytes": 30662542.666666668,
        "jsHeapMinLabel": "16038 kb",
        "jsHeapMaxLabel": "30.7 Mb",
        "documentsMin": 2,
        "documentsMax": 2,
        "nodesMin": 1078,
        "nodesMax": 1171,
        "listenersMin": 158,
        "listenersMax": 158
      },
      "runs": 3
    },
    "scroll-right": {
      "rangeStart": 0,
      "rangeEnd": 13609,
      "total": 13609,
      "categories": {
        "rendering": 322.63566666678526,
        "scripting": 348.74299999942986,
        "painting": 101.82666666673806,
        "other": 162.79133333495213,
        "idle": 12672.913833332112
      },
      "updateCounters": {
        "sampleCount": 860,
        "jsHeapMinBytes": 16439584,
        "jsHeapMaxBytes": 21437858.666666668,
        "jsHeapMinLabel": "16440 kb",
        "jsHeapMaxLabel": "21.4 Mb",
        "documentsMin": 2,
        "documentsMax": 2,
        "nodesMin": 1078,
        "nodesMax": 1109,
        "listenersMin": 158,
        "listenersMax": 158
      },
      "runs": 3
    },
    "scroll-up": {
      "rangeStart": 0,
      "rangeEnd": 14552,
      "total": 14552,
      "categories": {
        "other": 282.501666667639,
        "rendering": 1788.7089999992943,
        "scripting": 1646.3119999996459,
        "painting": 413.2233333340846,
        "idle": 10421.318566666005
      },
      "updateCounters": {
        "sampleCount": 927,
        "jsHeapMinBytes": 28050220,
        "jsHeapMaxBytes": 56628569.333333336,
        "jsHeapMinLabel": "28050 kb",
        "jsHeapMaxLabel": "56.6 Mb",
        "documentsMin": 2,
        "documentsMax": 2,
        "nodesMin": 150275,
        "nodesMax": 150754,
        "listenersMin": 158,
        "listenersMax": 158
      },
      "runs": 3
    },
    "sorting": {
      "rangeStart": 0,
      "rangeEnd": 380,
      "total": 380,
      "categories": {
        "other": 372.2769666665684,
        "rendering": 0.5737000001051152,
        "scripting": 5.79455000003179,
        "painting": 0,
        "idle": 1.1606666666533176
      },
      "updateCounters": {
        "sampleCount": 2,
        "jsHeapMinBytes": 141881720,
        "jsHeapMaxBytes": 147255424,
        "jsHeapMinLabel": "141882 kb",
        "jsHeapMaxLabel": "147.3 Mb",
        "documentsMin": 4,
        "documentsMax": 4,
        "nodesMin": 1913,
        "nodesMax": 1915,
        "listenersMin": 145,
        "listenersMax": 145
      },
      "runs": 3,
      "hookTiming": 12.166666666666666
    }
  }
}