{
  "timestamp": "2026-06-24T09:43:00.802Z",
  "scenarios": {
    "cell-editing": {
      "rangeStart": 0,
      "rangeEnd": 2831,
      "total": 2831,
      "categories": {
        "other": 216.38533333322115,
        "rendering": 340.17800000035396,
        "scripting": 401.99266666629563,
        "painting": 46.61133333329053,
        "idle": 1825.523000000171
      },
      "updateCounters": {
        "sampleCount": 2123,
        "jsHeapMinBytes": 15338181.333333334,
        "jsHeapMaxBytes": 28032494.666666668,
        "jsHeapMinLabel": "15338 kb",
        "jsHeapMaxLabel": "28.0 Mb",
        "documentsMin": 1,
        "documentsMax": 1,
        "nodesMin": 1032,
        "nodesMax": 1104,
        "listenersMin": 176,
        "listenersMax": 341
      },
      "runs": 3
    },
    "filtering": {
      "rangeStart": 0,
      "rangeEnd": 392,
      "total": 392,
      "categories": {
        "other": 365.38078333334096,
        "rendering": 10.427999999995032,
        "scripting": 14.724300000001987,
        "painting": 0,
        "idle": 1.3656666666647652
      },
      "updateCounters": {
        "sampleCount": 1,
        "jsHeapMinBytes": 157799150.66666666,
        "jsHeapMaxBytes": 157799150.66666666,
        "jsHeapMinLabel": "157799 kb",
        "jsHeapMaxLabel": "157.8 Mb",
        "documentsMin": 3,
        "documentsMax": 3,
        "nodesMin": 1980,
        "nodesMax": 1980,
        "listenersMin": 201,
        "listenersMax": 201
      },
      "runs": 3,
      "hookTiming": 2.1999999999970896
    },
    "scroll-down": {
      "rangeStart": 0,
      "rangeEnd": 16739,
      "total": 16739,
      "categories": {
        "other": 160.0606666667958,
        "rendering": 22.282333332972485,
        "painting": 23.591333333339815,
        "scripting": 132.81033333349924,
        "idle": 16400.535000000065
      },
      "updateCounters": {
        "sampleCount": 501,
        "jsHeapMinBytes": 26622417.333333332,
        "jsHeapMaxBytes": 28219397.333333332,
        "jsHeapMinLabel": "26622 kb",
        "jsHeapMaxLabel": "28.2 Mb",
        "documentsMin": 1,
        "documentsMax": 1,
        "nodesMin": 150271,
        "nodesMax": 150271,
        "listenersMin": 158,
        "listenersMax": 158
      },
      "runs": 3
    },
    "scroll-left": {
      "rangeStart": 0,
      "rangeEnd": 16706,
      "total": 16706,
      "categories": {
        "other": 509.8453333335981,
        "rendering": 2078.9196666666344,
        "scripting": 2316.4006666670175,
        "painting": 712.6026666664208,
        "idle": 11088.04833333299
      },
      "updateCounters": {
        "sampleCount": 3043,
        "jsHeapMinBytes": 15822125.333333334,
        "jsHeapMaxBytes": 30881596,
        "jsHeapMinLabel": "15822 kb",
        "jsHeapMaxLabel": "30.9 Mb",
        "documentsMin": 1,
        "documentsMax": 1,
        "nodesMin": 1081,
        "nodesMax": 1081,
        "listenersMin": 158,
        "listenersMax": 158
      },
      "runs": 3
    },
    "scroll-right": {
      "rangeStart": 0,
      "rangeEnd": 13601,
      "total": 13601,
      "categories": {
        "rendering": 311.10300000118633,
        "scripting": 382.19233333343226,
        "painting": 120.52166666672565,
        "other": 167.83566666639402,
        "idle": 12619.752183332273
      },
      "updateCounters": {
        "sampleCount": 860,
        "jsHeapMinBytes": 16190393.333333334,
        "jsHeapMaxBytes": 21239502.666666668,
        "jsHeapMinLabel": "16190 kb",
        "jsHeapMaxLabel": "21.2 Mb",
        "documentsMin": 1,
        "documentsMax": 1,
        "nodesMin": 1081,
        "nodesMax": 1081,
        "listenersMin": 158,
        "listenersMax": 158
      },
      "runs": 3
    },
    "scroll-up": {
      "rangeStart": 0,
      "rangeEnd": 14547,
      "total": 14547,
      "categories": {
        "other": 359.30366666651906,
        "rendering": 1810.0806666679175,
        "scripting": 1878.3526666647713,
        "painting": 434.8406666664717,
        "idle": 10064.509483334317
      },
      "updateCounters": {
        "sampleCount": 953,
        "jsHeapMinBytes": 27859788,
        "jsHeapMaxBytes": 50009768,
        "jsHeapMinLabel": "27860 kb",
        "jsHeapMaxLabel": "50.0 Mb",
        "documentsMin": 1,
        "documentsMax": 1,
        "nodesMin": 150271,
        "nodesMax": 150273,
        "listenersMin": 158,
        "listenersMax": 158
      },
      "runs": 3
    },
    "sorting": {
      "rangeStart": 0,
      "rangeEnd": 388,
      "total": 388,
      "categories": {
        "other": 187.51109999991036,
        "scripting": 194.45156666667108,
        "rendering": 5.158433333407932,
        "painting": 0.5699999999875823,
        "idle": 0.7440000000060536
      },
      "updateCounters": {
        "sampleCount": 1,
        "jsHeapMinBytes": 149341272,
        "jsHeapMaxBytes": 149341272,
        "jsHeapMinLabel": "149341 kb",
        "jsHeapMaxLabel": "149.3 Mb",
        "documentsMin": 3,
        "documentsMax": 3,
        "nodesMin": 1909,
        "nodesMax": 1909,
        "listenersMin": 145,
        "listenersMax": 145
      },
      "runs": 3,
      "hookTiming": 3.300000000007761
    }
  }
}