{
  "timestamp": "2026-05-27T06:42:00.986Z",
  "scenarios": {
    "cell-editing": {
      "rangeStart": 0,
      "rangeEnd": 2795,
      "total": 2795,
      "categories": {
        "other": 258.0916666663823,
        "rendering": 248.90966666672225,
        "scripting": 410.2889999997968,
        "painting": 49.67033333346868,
        "idle": 1828.18333333364
      },
      "updateCounters": {
        "sampleCount": 2103,
        "jsHeapMinBytes": 18398466.666666668,
        "jsHeapMaxBytes": 39431125.333333336,
        "jsHeapMinLabel": "18398 kb",
        "jsHeapMaxLabel": "39.4 Mb",
        "documentsMin": 2,
        "documentsMax": 2,
        "nodesMin": 1045,
        "nodesMax": 1194,
        "listenersMin": 191,
        "listenersMax": 514
      },
      "runs": 3
    },
    "filtering": {
      "rangeStart": 0,
      "rangeEnd": 406,
      "total": 406,
      "categories": {
        "other": 192.9273666666628,
        "scripting": 207.753516666657,
        "rendering": 3.146966666681692,
        "painting": 0.22318333333047732,
        "idle": 1.349333333297788
      },
      "updateCounters": {
        "sampleCount": 1,
        "jsHeapMinBytes": 149655868,
        "jsHeapMaxBytes": 149655868,
        "jsHeapMinLabel": "149656 kb",
        "jsHeapMaxLabel": "149.7 Mb",
        "documentsMin": 4,
        "documentsMax": 4,
        "nodesMin": 1981,
        "nodesMax": 1981,
        "listenersMin": 201,
        "listenersMax": 201
      },
      "runs": 3,
      "hookTiming": 4.2999999999883585
    },
    "scroll-down": {
      "rangeStart": 0,
      "rangeEnd": 16745,
      "total": 16745,
      "categories": {
        "other": 174.50966666523243,
        "rendering": 23.072333334072027,
        "painting": 24.267333333496936,
        "scripting": 147.68100000012944,
        "idle": 16375.134333333757
      },
      "updateCounters": {
        "sampleCount": 501,
        "jsHeapMinBytes": 27205177.333333332,
        "jsHeapMaxBytes": 34500962.666666664,
        "jsHeapMinLabel": "27205 kb",
        "jsHeapMaxLabel": "34.5 Mb",
        "documentsMin": 2,
        "documentsMax": 2,
        "nodesMin": 150270,
        "nodesMax": 150293,
        "listenersMin": 158,
        "listenersMax": 158
      },
      "runs": 3
    },
    "scroll-left": {
      "rangeStart": 0,
      "rangeEnd": 16724,
      "total": 16724,
      "categories": {
        "other": 538.282666665298,
        "rendering": 2363.6303333345954,
        "painting": 669.326333333583,
        "scripting": 2590.680666666973,
        "idle": 10561.648333332889
      },
      "updateCounters": {
        "sampleCount": 3041,
        "jsHeapMinBytes": 16115269.333333334,
        "jsHeapMaxBytes": 30334733.333333332,
        "jsHeapMinLabel": "16115 kb",
        "jsHeapMaxLabel": "30.3 Mb",
        "documentsMin": 2,
        "documentsMax": 2,
        "nodesMin": 1080,
        "nodesMax": 1174,
        "listenersMin": 158,
        "listenersMax": 158
      },
      "runs": 3
    },
    "scroll-right": {
      "rangeStart": 0,
      "rangeEnd": 13611,
      "total": 13611,
      "categories": {
        "rendering": 368.7230000008324,
        "scripting": 473.48466666622227,
        "painting": 117.95999999994335,
        "other": 221.1749999986955,
        "idle": 12429.715483334303
      },
      "updateCounters": {
        "sampleCount": 861,
        "jsHeapMinBytes": 16477184,
        "jsHeapMaxBytes": 24448678.666666668,
        "jsHeapMinLabel": "16477 kb",
        "jsHeapMaxLabel": "24.4 Mb",
        "documentsMin": 2,
        "documentsMax": 2,
        "nodesMin": 1080,
        "nodesMax": 1119,
        "listenersMin": 158,
        "listenersMax": 158
      },
      "runs": 3
    },
    "scroll-up": {
      "rangeStart": 0,
      "rangeEnd": 14558,
      "total": 14558,
      "categories": {
        "other": 316.2099999960099,
        "rendering": 1975.724000002568,
        "scripting": 1889.4999999980546,
        "painting": 447.52900000087294,
        "idle": 9929.20136666917
      },
      "updateCounters": {
        "sampleCount": 927,
        "jsHeapMinBytes": 28340076,
        "jsHeapMaxBytes": 57118270.666666664,
        "jsHeapMinLabel": "28340 kb",
        "jsHeapMaxLabel": "57.1 Mb",
        "documentsMin": 2,
        "documentsMax": 2,
        "nodesMin": 150277,
        "nodesMax": 150757,
        "listenersMin": 158,
        "listenersMax": 158
      },
      "runs": 3
    },
    "sorting": {
      "rangeStart": 0,
      "rangeEnd": 394,
      "total": 394,
      "categories": {
        "other": 385.0688166666698,
        "rendering": 1.2697499999776483,
        "scripting": 6.730400000015894,
        "painting": 0,
        "idle": 1.2443333333358169
      },
      "updateCounters": {
        "sampleCount": 1,
        "jsHeapMinBytes": 160348756,
        "jsHeapMaxBytes": 160348756,
        "jsHeapMinLabel": "160349 kb",
        "jsHeapMaxLabel": "160.3 Mb",
        "documentsMin": 4,
        "documentsMax": 4,
        "nodesMin": 1917,
        "nodesMax": 1917,
        "listenersMin": 145,
        "listenersMax": 145
      },
      "runs": 3,
      "hookTiming": 12.266666666643383
    }
  }
}