{
  "timestamp": "2026-06-08T06:41:25.018Z",
  "scenarios": {
    "cell-editing": {
      "rangeStart": 0,
      "rangeEnd": 2712,
      "total": 2712,
      "categories": {
        "other": 221.7166666662046,
        "rendering": 225.48033333347607,
        "scripting": 393.2376666668368,
        "painting": 42.942333333388284,
        "idle": 1828.3620000000956
      },
      "updateCounters": {
        "sampleCount": 2122,
        "jsHeapMinBytes": 15424713.333333334,
        "jsHeapMaxBytes": 27894885.333333332,
        "jsHeapMinLabel": "15425 kb",
        "jsHeapMaxLabel": "27.9 Mb",
        "documentsMin": 2,
        "documentsMax": 2,
        "nodesMin": 1032,
        "nodesMax": 1107,
        "listenersMin": 176,
        "listenersMax": 322
      },
      "runs": 3
    },
    "filtering": {
      "rangeStart": 0,
      "rangeEnd": 366,
      "total": 366,
      "categories": {
        "other": 349.8226333333253,
        "rendering": 1.9620000000092357,
        "scripting": 12.32911666666468,
        "painting": 0,
        "idle": 1.2923333333310438
      },
      "updateCounters": {
        "sampleCount": 1,
        "jsHeapMinBytes": 158479618.66666666,
        "jsHeapMaxBytes": 158479618.66666666,
        "jsHeapMinLabel": "158480 kb",
        "jsHeapMaxLabel": "158.5 Mb",
        "documentsMin": 4,
        "documentsMax": 4,
        "nodesMin": 1985,
        "nodesMax": 1985,
        "listenersMin": 201,
        "listenersMax": 201
      },
      "runs": 3,
      "hookTiming": 4.233333333337214
    },
    "scroll-down": {
      "rangeStart": 0,
      "rangeEnd": 16718,
      "total": 16718,
      "categories": {
        "other": 168.52966666580696,
        "rendering": 21.156000000351924,
        "painting": 22.731333333518705,
        "scripting": 122.99233333343841,
        "idle": 16382.606333333542
      },
      "updateCounters": {
        "sampleCount": 501,
        "jsHeapMinBytes": 26998726.666666668,
        "jsHeapMaxBytes": 30081841.333333332,
        "jsHeapMinLabel": "26999 kb",
        "jsHeapMaxLabel": "30.1 Mb",
        "documentsMin": 2,
        "documentsMax": 2,
        "nodesMin": 150270,
        "nodesMax": 150270,
        "listenersMin": 158,
        "listenersMax": 158
      },
      "runs": 3
    },
    "scroll-left": {
      "rangeStart": 0,
      "rangeEnd": 16694,
      "total": 16694,
      "categories": {
        "other": 490.17866666644505,
        "rendering": 2115.152000000002,
        "scripting": 2426.030666666577,
        "painting": 696.5969999999797,
        "idle": 10966.25833333366
      },
      "updateCounters": {
        "sampleCount": 3040,
        "jsHeapMinBytes": 16165414.666666666,
        "jsHeapMaxBytes": 30198104,
        "jsHeapMinLabel": "16165 kb",
        "jsHeapMaxLabel": "30.2 Mb",
        "documentsMin": 2,
        "documentsMax": 2,
        "nodesMin": 1080,
        "nodesMax": 1080,
        "listenersMin": 158,
        "listenersMax": 158
      },
      "runs": 3
    },
    "scroll-right": {
      "rangeStart": 0,
      "rangeEnd": 13613,
      "total": 13613,
      "categories": {
        "rendering": 336.1036666686414,
        "scripting": 423.17633333252303,
        "painting": 121.53233333335568,
        "other": 166.6759999993844,
        "idle": 12565.91088333272
      },
      "updateCounters": {
        "sampleCount": 861,
        "jsHeapMinBytes": 16542949.333333334,
        "jsHeapMaxBytes": 21578657.333333332,
        "jsHeapMinLabel": "16543 kb",
        "jsHeapMaxLabel": "21.6 Mb",
        "documentsMin": 2,
        "documentsMax": 2,
        "nodesMin": 1080,
        "nodesMax": 1080,
        "listenersMin": 158,
        "listenersMax": 158
      },
      "runs": 3
    },
    "scroll-up": {
      "rangeStart": 0,
      "rangeEnd": 14537,
      "total": 14537,
      "categories": {
        "other": 338.77466666514954,
        "rendering": 1684.2036666681524,
        "scripting": 1811.1849999983986,
        "painting": 445.31366666650865,
        "idle": 10257.913033335159
      },
      "updateCounters": {
        "sampleCount": 953,
        "jsHeapMinBytes": 28111174.666666668,
        "jsHeapMaxBytes": 49766654.666666664,
        "jsHeapMinLabel": "28111 kb",
        "jsHeapMaxLabel": "49.8 Mb",
        "documentsMin": 2,
        "documentsMax": 2,
        "nodesMin": 150270,
        "nodesMax": 150274,
        "listenersMin": 158,
        "listenersMax": 158
      },
      "runs": 3
    },
    "sorting": {
      "rangeStart": 0,
      "rangeEnd": 367,
      "total": 367,
      "categories": {
        "other": 358.8129666666771,
        "rendering": 0.5213666666725961,
        "scripting": 6.131816666662693,
        "painting": 0,
        "idle": 1.118333333346527
      },
      "updateCounters": {
        "sampleCount": 1,
        "jsHeapMinBytes": 154099256,
        "jsHeapMaxBytes": 154099256,
        "jsHeapMinLabel": "154099 kb",
        "jsHeapMaxLabel": "154.1 Mb",
        "documentsMin": 4,
        "documentsMax": 4,
        "nodesMin": 1911,
        "nodesMax": 1911,
        "listenersMin": 145,
        "listenersMax": 145
      },
      "runs": 3,
      "hookTiming": 12.23333333331781
    }
  }
}