{
  "timestamp": "2026-06-12T11:31:59.285Z",
  "scenarios": {
    "cell-editing": {
      "rangeStart": 0,
      "rangeEnd": 2733,
      "total": 2733,
      "categories": {
        "other": 220.92066666690252,
        "rendering": 251.11633333395972,
        "scripting": 394.0003333330317,
        "painting": 48.04700000021452,
        "idle": 1818.61933333255
      },
      "updateCounters": {
        "sampleCount": 2123,
        "jsHeapMinBytes": 15009660,
        "jsHeapMaxBytes": 28062598.666666668,
        "jsHeapMinLabel": "15010 kb",
        "jsHeapMaxLabel": "28.1 Mb",
        "documentsMin": 1,
        "documentsMax": 1,
        "nodesMin": 1029,
        "nodesMax": 1114,
        "listenersMin": 176,
        "listenersMax": 338
      },
      "runs": 3
    },
    "filtering": {
      "rangeStart": 0,
      "rangeEnd": 327,
      "total": 327,
      "categories": {
        "other": 313.29351666665633,
        "rendering": 2.402483333319348,
        "scripting": 10.159933333334822,
        "painting": 0.20475000000442378,
        "idle": 1.21500000001591
      },
      "updateCounters": {
        "sampleCount": 1,
        "jsHeapMinBytes": 157599286.66666666,
        "jsHeapMaxBytes": 157599336,
        "jsHeapMinLabel": "157599 kb",
        "jsHeapMaxLabel": "157.6 Mb",
        "documentsMin": 3,
        "documentsMax": 3,
        "nodesMin": 1983,
        "nodesMax": 1983,
        "listenersMin": 201,
        "listenersMax": 201
      },
      "runs": 3,
      "hookTiming": 2.499999999990299
    },
    "scroll-down": {
      "rangeStart": 0,
      "rangeEnd": 16722,
      "total": 16722,
      "categories": {
        "other": 162.71933333396348,
        "rendering": 19.728999999468215,
        "painting": 21.79766666716508,
        "scripting": 137.23166666653222,
        "idle": 16380.85833333288
      },
      "updateCounters": {
        "sampleCount": 501,
        "jsHeapMinBytes": 26741290.666666668,
        "jsHeapMaxBytes": 34881596,
        "jsHeapMinLabel": "26741 kb",
        "jsHeapMaxLabel": "34.9 Mb",
        "documentsMin": 1,
        "documentsMax": 1,
        "nodesMin": 150268,
        "nodesMax": 150268,
        "listenersMin": 158,
        "listenersMax": 158
      },
      "runs": 3
    },
    "scroll-left": {
      "rangeStart": 0,
      "rangeEnd": 16701,
      "total": 16701,
      "categories": {
        "other": 527.6049999952721,
        "rendering": 2077.614000002252,
        "scripting": 2319.0389999990725,
        "painting": 708.7380000013509,
        "idle": 11067.942333335386
      },
      "updateCounters": {
        "sampleCount": 3042,
        "jsHeapMinBytes": 15787797.333333334,
        "jsHeapMaxBytes": 30570428,
        "jsHeapMinLabel": "15788 kb",
        "jsHeapMaxLabel": "30.6 Mb",
        "documentsMin": 1,
        "documentsMax": 1,
        "nodesMin": 1078,
        "nodesMax": 1078,
        "listenersMin": 158,
        "listenersMax": 158
      },
      "runs": 3
    },
    "scroll-right": {
      "rangeStart": 0,
      "rangeEnd": 13606,
      "total": 13606,
      "categories": {
        "rendering": 298.9920000000857,
        "scripting": 399.3046666668627,
        "painting": 115.28399999955825,
        "other": 180.23033333379075,
        "idle": 12612.205316666377
      },
      "updateCounters": {
        "sampleCount": 860,
        "jsHeapMinBytes": 16152522.666666666,
        "jsHeapMaxBytes": 25737433.333333332,
        "jsHeapMinLabel": "16153 kb",
        "jsHeapMaxLabel": "25.7 Mb",
        "documentsMin": 1,
        "documentsMax": 1,
        "nodesMin": 1078,
        "nodesMax": 1078,
        "listenersMin": 158,
        "listenersMax": 158
      },
      "runs": 3
    },
    "scroll-up": {
      "rangeStart": 0,
      "rangeEnd": 14527,
      "total": 14527,
      "categories": {
        "other": 357.3513333320927,
        "rendering": 1686.977333333324,
        "scripting": 1843.2073333341202,
        "painting": 447.9123333331275,
        "idle": 10191.790100000702
      },
      "updateCounters": {
        "sampleCount": 953,
        "jsHeapMinBytes": 27881928,
        "jsHeapMaxBytes": 49522073.333333336,
        "jsHeapMinLabel": "27882 kb",
        "jsHeapMaxLabel": "49.5 Mb",
        "documentsMin": 1,
        "documentsMax": 1,
        "nodesMin": 150268,
        "nodesMax": 150272,
        "listenersMin": 158,
        "listenersMax": 158
      },
      "runs": 3
    },
    "sorting": {
      "rangeStart": 0,
      "rangeEnd": 326,
      "total": 326,
      "categories": {
        "other": 308.8249333334138,
        "rendering": 3.442399999980504,
        "scripting": 12.024633333325385,
        "painting": 0.002999999987271925,
        "idle": 1.6036666666041128
      },
      "updateCounters": {
        "sampleCount": 1,
        "jsHeapMinBytes": 153368128,
        "jsHeapMaxBytes": 153368128,
        "jsHeapMinLabel": "153368 kb",
        "jsHeapMaxLabel": "153.4 Mb",
        "documentsMin": 3,
        "documentsMax": 3,
        "nodesMin": 1909,
        "nodesMax": 1909,
        "listenersMin": 145,
        "listenersMax": 145
      },
      "runs": 3,
      "hookTiming": 3.5
    }
  }
}