{
  "timestamp": "2026-06-24T07:00:46.475Z",
  "scenarios": {
    "cell-editing": {
      "rangeStart": 0,
      "rangeEnd": 2865,
      "total": 2865,
      "categories": {
        "other": 221.51433333341038,
        "rendering": 339.3886666673643,
        "scripting": 403.690999999761,
        "painting": 49.82033333364719,
        "idle": 1850.8396666658034
      },
      "updateCounters": {
        "sampleCount": 2123,
        "jsHeapMinBytes": 15051621.333333334,
        "jsHeapMaxBytes": 27499309.333333332,
        "jsHeapMinLabel": "15052 kb",
        "jsHeapMaxLabel": "27.5 Mb",
        "documentsMin": 1,
        "documentsMax": 1,
        "nodesMin": 1032,
        "nodesMax": 1094,
        "listenersMin": 175,
        "listenersMax": 323
      },
      "runs": 3
    },
    "filtering": {
      "rangeStart": 0,
      "rangeEnd": 389,
      "total": 389,
      "categories": {
        "other": 362.5587333332658,
        "rendering": 10.354000000030888,
        "scripting": 14.521016666670642,
        "painting": 0,
        "idle": 1.3380000000276293
      },
      "updateCounters": {
        "sampleCount": 1,
        "jsHeapMinBytes": 157921746.66666666,
        "jsHeapMaxBytes": 157921746.66666666,
        "jsHeapMinLabel": "157922 kb",
        "jsHeapMaxLabel": "157.9 Mb",
        "documentsMin": 3,
        "documentsMax": 3,
        "nodesMin": 1980,
        "nodesMax": 1980,
        "listenersMin": 201,
        "listenersMax": 201
      },
      "runs": 3,
      "hookTiming": 1.9999999999805975
    },
    "scroll-down": {
      "rangeStart": 0,
      "rangeEnd": 16745,
      "total": 16745,
      "categories": {
        "other": 160.17399999886675,
        "rendering": 22.229999999981374,
        "painting": 23.24966666731052,
        "scripting": 140.32133333350762,
        "idle": 16398.961666667
      },
      "updateCounters": {
        "sampleCount": 501,
        "jsHeapMinBytes": 26645334.666666668,
        "jsHeapMaxBytes": 31766168,
        "jsHeapMinLabel": "26645 kb",
        "jsHeapMaxLabel": "31.8 Mb",
        "documentsMin": 1,
        "documentsMax": 1,
        "nodesMin": 150271,
        "nodesMax": 150271,
        "listenersMin": 158,
        "listenersMax": 158
      },
      "runs": 3
    },
    "scroll-left": {
      "rangeStart": 0,
      "rangeEnd": 16701,
      "total": 16701,
      "categories": {
        "other": 495.7030000007014,
        "rendering": 2034.5316666659394,
        "scripting": 2243.3746666660845,
        "painting": 698.1049999988172,
        "idle": 11229.239666668445
      },
      "updateCounters": {
        "sampleCount": 3041,
        "jsHeapMinBytes": 15823013.333333334,
        "jsHeapMaxBytes": 30658086.666666668,
        "jsHeapMinLabel": "15823 kb",
        "jsHeapMaxLabel": "30.7 Mb",
        "documentsMin": 1,
        "documentsMax": 1,
        "nodesMin": 1081,
        "nodesMax": 1081,
        "listenersMin": 158,
        "listenersMax": 158
      },
      "runs": 3
    },
    "scroll-right": {
      "rangeStart": 0,
      "rangeEnd": 13606,
      "total": 13606,
      "categories": {
        "rendering": 302.5223333329777,
        "scripting": 369.0140000002996,
        "painting": 115.92933333315887,
        "other": 168.0469999990277,
        "idle": 12650.915383334524
      },
      "updateCounters": {
        "sampleCount": 861,
        "jsHeapMinBytes": 16210392,
        "jsHeapMaxBytes": 21227936,
        "jsHeapMinLabel": "16210 kb",
        "jsHeapMaxLabel": "21.2 Mb",
        "documentsMin": 1,
        "documentsMax": 1,
        "nodesMin": 1081,
        "nodesMax": 1081,
        "listenersMin": 158,
        "listenersMax": 158
      },
      "runs": 3
    },
    "scroll-up": {
      "rangeStart": 0,
      "rangeEnd": 14564,
      "total": 14564,
      "categories": {
        "other": 361.1903333404857,
        "rendering": 1750.5519999999476,
        "scripting": 1784.7956666651942,
        "painting": 419.7063333335488,
        "idle": 10247.397466660826
      },
      "updateCounters": {
        "sampleCount": 953,
        "jsHeapMinBytes": 27883720,
        "jsHeapMaxBytes": 49825896,
        "jsHeapMinLabel": "27884 kb",
        "jsHeapMaxLabel": "49.8 Mb",
        "documentsMin": 1,
        "documentsMax": 1,
        "nodesMin": 150271,
        "nodesMax": 150273,
        "listenersMin": 158,
        "listenersMax": 158
      },
      "runs": 3
    },
    "sorting": {
      "rangeStart": 0,
      "rangeEnd": 383,
      "total": 383,
      "categories": {
        "other": 186.38331666666053,
        "scripting": 190.63068333334476,
        "rendering": 4.822683333302848,
        "painting": 0.555849999965479,
        "idle": 0.6433333333892127
      },
      "updateCounters": {
        "sampleCount": 1,
        "jsHeapMinBytes": 149190504,
        "jsHeapMaxBytes": 149190504,
        "jsHeapMinLabel": "149191 kb",
        "jsHeapMaxLabel": "149.2 Mb",
        "documentsMin": 3,
        "documentsMax": 3,
        "nodesMin": 1909,
        "nodesMax": 1909,
        "listenersMin": 145,
        "listenersMax": 145
      },
      "runs": 3,
      "hookTiming": 3.633333333341094
    }
  }
}