{
  "timestamp": "2026-05-12T06:56:47.550Z",
  "scenarios": {
    "cell-editing": {
      "rangeStart": 0,
      "rangeEnd": 2810,
      "total": 2810,
      "categories": {
        "other": 226.2816666662835,
        "rendering": 277.4936666668218,
        "scripting": 417.54599999986175,
        "painting": 51.967000000178814,
        "idle": 1837.1953333335114
      },
      "updateCounters": {
        "sampleCount": 2101,
        "jsHeapMinBytes": 15285632,
        "jsHeapMaxBytes": 28183469.333333332,
        "jsHeapMinLabel": "15286 kb",
        "jsHeapMaxLabel": "28.2 Mb",
        "documentsMin": 2,
        "documentsMax": 2,
        "nodesMin": 1030,
        "nodesMax": 1112,
        "listenersMin": 176,
        "listenersMax": 333
      },
      "runs": 3
    },
    "filtering": {
      "rangeStart": 0,
      "rangeEnd": 311,
      "total": 311,
      "categories": {
        "other": 297.0213333333392,
        "rendering": 1.9680833333113696,
        "scripting": 10.677583333336129,
        "painting": 0,
        "idle": 1.649333333344354
      },
      "updateCounters": {
        "sampleCount": 1,
        "jsHeapMinBytes": 155317536,
        "jsHeapMaxBytes": 155317536,
        "jsHeapMinLabel": "155318 kb",
        "jsHeapMaxLabel": "155.3 Mb",
        "documentsMin": 4,
        "documentsMax": 4,
        "nodesMin": 1981,
        "nodesMax": 1981,
        "listenersMin": 201,
        "listenersMax": 201
      },
      "runs": 3,
      "hookTiming": 3.5666666666705473
    },
    "scroll-down": {
      "rangeStart": 0,
      "rangeEnd": 16721,
      "total": 16721,
      "categories": {
        "other": 227.76333333360242,
        "rendering": 27.894333332990453,
        "painting": 29.70300000027055,
        "scripting": 140.22799999998867,
        "idle": 16295.492999999813
      },
      "updateCounters": {
        "sampleCount": 501,
        "jsHeapMinBytes": 26913432,
        "jsHeapMaxBytes": 31054189.333333332,
        "jsHeapMinLabel": "26913 kb",
        "jsHeapMaxLabel": "31.1 Mb",
        "documentsMin": 2,
        "documentsMax": 2,
        "nodesMin": 150268,
        "nodesMax": 150307,
        "listenersMin": 158,
        "listenersMax": 158
      },
      "runs": 3
    },
    "scroll-left": {
      "rangeStart": 0,
      "rangeEnd": 16720,
      "total": 16720,
      "categories": {
        "other": 549.5936666703082,
        "rendering": 2215.3269999977783,
        "scripting": 2169.5386666678555,
        "painting": 607.8553333335827,
        "idle": 11177.756666663821
      },
      "updateCounters": {
        "sampleCount": 3041,
        "jsHeapMinBytes": 16035945.333333334,
        "jsHeapMaxBytes": 30574289.333333332,
        "jsHeapMinLabel": "16036 kb",
        "jsHeapMaxLabel": "30.6 Mb",
        "documentsMin": 2,
        "documentsMax": 2,
        "nodesMin": 1078,
        "nodesMax": 1171,
        "listenersMin": 158,
        "listenersMax": 158
      },
      "runs": 3
    },
    "scroll-right": {
      "rangeStart": 0,
      "rangeEnd": 13613,
      "total": 13613,
      "categories": {
        "rendering": 312.78699999964255,
        "scripting": 370.90600000001456,
        "painting": 104.49966666647622,
        "other": 214.62866666721212,
        "idle": 12610.116566666655
      },
      "updateCounters": {
        "sampleCount": 860,
        "jsHeapMinBytes": 16430586.666666666,
        "jsHeapMaxBytes": 25459260,
        "jsHeapMinLabel": "16431 kb",
        "jsHeapMaxLabel": "25.5 Mb",
        "documentsMin": 2,
        "documentsMax": 2,
        "nodesMin": 1078,
        "nodesMax": 1132,
        "listenersMin": 158,
        "listenersMax": 158
      },
      "runs": 3
    },
    "scroll-up": {
      "rangeStart": 0,
      "rangeEnd": 14542,
      "total": 14542,
      "categories": {
        "other": 334.30166666551787,
        "rendering": 1679.2620000044699,
        "scripting": 1646.9746666639828,
        "painting": 401.62733333328896,
        "idle": 10480.230449999412
      },
      "updateCounters": {
        "sampleCount": 927,
        "jsHeapMinBytes": 27933661.333333332,
        "jsHeapMaxBytes": 56541202.666666664,
        "jsHeapMinLabel": "27934 kb",
        "jsHeapMaxLabel": "56.5 Mb",
        "documentsMin": 2,
        "documentsMax": 2,
        "nodesMin": 150273,
        "nodesMax": 150753,
        "listenersMin": 158,
        "listenersMax": 158
      },
      "runs": 3
    },
    "sorting": {
      "rangeStart": 0,
      "rangeEnd": 304,
      "total": 304,
      "categories": {
        "other": 297.14996666667645,
        "rendering": 0.5020333332940936,
        "scripting": 4.5232000000079475,
        "painting": 0,
        "idle": 1.8600000000248353
      },
      "updateCounters": {
        "sampleCount": 2,
        "jsHeapMinBytes": 141502684,
        "jsHeapMaxBytes": 146872908,
        "jsHeapMinLabel": "141503 kb",
        "jsHeapMaxLabel": "146.9 Mb",
        "documentsMin": 4,
        "documentsMax": 4,
        "nodesMin": 1913,
        "nodesMax": 1915,
        "listenersMin": 145,
        "listenersMax": 145
      },
      "runs": 3,
      "hookTiming": 10.466666666655025
    }
  }
}