{
  "timestamp": "2026-04-17T08:36:24.784Z",
  "scenarios": {
    "cell-editing": {
      "rangeStart": 0,
      "rangeEnd": 2919,
      "total": 2919,
      "categories": {
        "other": 257.23333333247837,
        "rendering": 267.27133333372575,
        "scripting": 486.84733333250944,
        "painting": 54.5486666673872,
        "idle": 1853.5823333339067
      },
      "updateCounters": {
        "sampleCount": 2103,
        "jsHeapMinBytes": 15429116,
        "jsHeapMaxBytes": 28363354.666666668,
        "jsHeapMinLabel": "15429 kb",
        "jsHeapMaxLabel": "28.4 Mb",
        "documentsMin": 2,
        "documentsMax": 2,
        "nodesMin": 1030,
        "nodesMax": 1129,
        "listenersMin": 174,
        "listenersMax": 376
      },
      "runs": 3
    },
    "filtering": {
      "rangeStart": 0,
      "rangeEnd": 381,
      "total": 381,
      "categories": {
        "other": 164.9596666667055,
        "scripting": 209.18881666662764,
        "rendering": 3.7100000000403575,
        "painting": 0.6126666666241363,
        "idle": 2.261999999987893
      },
      "updateCounters": {
        "sampleCount": 2,
        "jsHeapMinBytes": 141372732,
        "jsHeapMaxBytes": 142570424,
        "jsHeapMinLabel": "141373 kb",
        "jsHeapMaxLabel": "142.6 Mb",
        "documentsMin": 4,
        "documentsMax": 4,
        "nodesMin": 1979,
        "nodesMax": 1979,
        "listenersMin": 199,
        "listenersMax": 199
      },
      "runs": 3,
      "hookTiming": 4.699999999953434
    },
    "scroll-down": {
      "rangeStart": 0,
      "rangeEnd": 16724,
      "total": 16724,
      "categories": {
        "other": 157.90166666372957,
        "rendering": 20.454000003635883,
        "painting": 21.428666666382924,
        "scripting": 125.55466666745208,
        "idle": 16398.579999998834
      },
      "updateCounters": {
        "sampleCount": 501,
        "jsHeapMinBytes": 26769016,
        "jsHeapMaxBytes": 32981226.666666668,
        "jsHeapMinLabel": "26769 kb",
        "jsHeapMaxLabel": "33.0 Mb",
        "documentsMin": 2,
        "documentsMax": 2,
        "nodesMin": 150268,
        "nodesMax": 150329,
        "listenersMin": 156,
        "listenersMax": 156
      },
      "runs": 3
    },
    "scroll-left": {
      "rangeStart": 0,
      "rangeEnd": 16693,
      "total": 16693,
      "categories": {
        "other": 523.008333331384,
        "rendering": 2256.6963333302024,
        "scripting": 2437.5453333368228,
        "painting": 628.1846666676769,
        "idle": 10848.075666667273
      },
      "updateCounters": {
        "sampleCount": 3081,
        "jsHeapMinBytes": 15713694.666666666,
        "jsHeapMaxBytes": 27631758.666666668,
        "jsHeapMinLabel": "15714 kb",
        "jsHeapMaxLabel": "27.6 Mb",
        "documentsMin": 2,
        "documentsMax": 2,
        "nodesMin": 1078,
        "nodesMax": 1171,
        "listenersMin": 156,
        "listenersMax": 156
      },
      "runs": 3
    },
    "scroll-right": {
      "rangeStart": 0,
      "rangeEnd": 13610,
      "total": 13610,
      "categories": {
        "rendering": 333.3950000000962,
        "scripting": 408.1116666663677,
        "painting": 103.92033333339107,
        "other": 169.47566667026,
        "idle": 12594.792983329933
      },
      "updateCounters": {
        "sampleCount": 861,
        "jsHeapMinBytes": 16121765.333333334,
        "jsHeapMaxBytes": 24976578.666666668,
        "jsHeapMinLabel": "16122 kb",
        "jsHeapMaxLabel": "25.0 Mb",
        "documentsMin": 2,
        "documentsMax": 2,
        "nodesMin": 1078,
        "nodesMax": 1119,
        "listenersMin": 156,
        "listenersMax": 156
      },
      "runs": 3
    },
    "scroll-up": {
      "rangeStart": 0,
      "rangeEnd": 14550,
      "total": 14550,
      "categories": {
        "other": 293.78900000064914,
        "rendering": 1783.773666664143,
        "scripting": 1870.3396666703827,
        "painting": 391.82066666777246,
        "idle": 10209.72968333032
      },
      "updateCounters": {
        "sampleCount": 944,
        "jsHeapMinBytes": 27587600,
        "jsHeapMaxBytes": 53790541.333333336,
        "jsHeapMinLabel": "27588 kb",
        "jsHeapMaxLabel": "53.8 Mb",
        "documentsMin": 2,
        "documentsMax": 2,
        "nodesMin": 150271,
        "nodesMax": 150688,
        "listenersMin": 156,
        "listenersMax": 156
      },
      "runs": 3
    },
    "sorting": {
      "rangeStart": 0,
      "rangeEnd": 366,
      "total": 366,
      "categories": {
        "other": 358.7578499999413,
        "rendering": 0.53035000001546,
        "scripting": 5.710349999984106,
        "painting": 0,
        "idle": 1.2493333333792787
      },
      "updateCounters": {
        "sampleCount": 2,
        "jsHeapMinBytes": 141895444,
        "jsHeapMaxBytes": 147506008,
        "jsHeapMinLabel": "141895 kb",
        "jsHeapMaxLabel": "147.5 Mb",
        "documentsMin": 4,
        "documentsMax": 4,
        "nodesMin": 1913,
        "nodesMax": 1915,
        "listenersMin": 143,
        "listenersMax": 143
      },
      "runs": 3,
      "hookTiming": 12.666666666705472
    }
  }
}