{
  "timestamp": "2026-06-29T07:56:58.522Z",
  "scenarios": {
    "cell-editing": {
      "rangeStart": 0,
      "rangeEnd": 2856,
      "total": 2856,
      "categories": {
        "other": 222.240000002411,
        "rendering": 355.56366666359827,
        "scripting": 408.16400000139174,
        "painting": 45.04333333317967,
        "idle": 1825.1269999994354
      },
      "updateCounters": {
        "sampleCount": 2125,
        "jsHeapMinBytes": 12123237.333333334,
        "jsHeapMaxBytes": 20229037.333333332,
        "jsHeapMinLabel": "12123 kB",
        "jsHeapMaxLabel": "20.2 MB",
        "documentsMin": 1,
        "documentsMax": 1,
        "nodesMin": 830,
        "nodesMax": 1240,
        "listenersMin": 176,
        "listenersMax": 411
      },
      "runs": 3
    },
    "filtering": {
      "rangeStart": 0,
      "rangeEnd": 657,
      "total": 657,
      "categories": {
        "other": 636.1199333333298,
        "scripting": 19.33206666666052,
        "rendering": 0,
        "painting": 0,
        "idle": 1.2326666666776873
      },
      "updateCounters": {
        "sampleCount": 2,
        "jsHeapMinBytes": 371435584,
        "jsHeapMaxBytes": 390608905.3333333,
        "jsHeapMinLabel": "371436 kB",
        "jsHeapMaxLabel": "390.6 MB",
        "documentsMin": 3,
        "documentsMax": 3,
        "nodesMin": 1939,
        "nodesMax": 1940,
        "listenersMin": 204,
        "listenersMax": 204
      },
      "runs": 3,
      "hookTiming": 80.16666666666667
    },
    "initial-load": {
      "rangeStart": 0,
      "rangeEnd": 616,
      "total": 616,
      "categories": {
        "other": 591.4743333333168,
        "rendering": 0.5246666666935198,
        "scripting": 23.22173333334923,
        "idle": 1.2839999999850988,
        "painting": 0
      },
      "updateCounters": {
        "sampleCount": 2,
        "jsHeapMinBytes": 326486633.3333333,
        "jsHeapMaxBytes": 326486692,
        "jsHeapMinLabel": "326487 kB",
        "jsHeapMaxLabel": "326.5 MB",
        "documentsMin": 1,
        "documentsMax": 1,
        "nodesMin": 5389,
        "nodesMax": 5389,
        "listenersMin": 673,
        "listenersMax": 673
      },
      "runs": 3
    },
    "scroll-down": {
      "rangeStart": 0,
      "rangeEnd": 15091,
      "total": 15091,
      "categories": {
        "rendering": 921.7336666666282,
        "scripting": 845.8339999998433,
        "painting": 294.6566666668514,
        "other": 295.4599999981333,
        "idle": 12733.382733335215
      },
      "updateCounters": {
        "sampleCount": 901,
        "jsHeapMinBytes": 22214676,
        "jsHeapMaxBytes": 33442729.333333332,
        "jsHeapMinLabel": "22215 kB",
        "jsHeapMaxLabel": "33.4 MB",
        "documentsMin": 1,
        "documentsMax": 1,
        "nodesMin": 1754,
        "nodesMax": 1878,
        "listenersMin": 158,
        "listenersMax": 158
      },
      "runs": 3
    },
    "scroll-left": {
      "rangeStart": 0,
      "rangeEnd": 16695,
      "total": 16695,
      "categories": {
        "other": 488.6059999982949,
        "rendering": 2000.7423333375675,
        "scripting": 2257.652999998194,
        "painting": 705.1126666681375,
        "idle": 11243.029333331118
      },
      "updateCounters": {
        "sampleCount": 3056,
        "jsHeapMinBytes": 14625189.333333334,
        "jsHeapMaxBytes": 26639182.666666668,
        "jsHeapMinLabel": "14625 kB",
        "jsHeapMaxLabel": "26.6 MB",
        "documentsMin": 1,
        "documentsMax": 1,
        "nodesMin": 1081,
        "nodesMax": 1111,
        "listenersMin": 158,
        "listenersMax": 158
      },
      "runs": 3
    },
    "scroll-right": {
      "rangeStart": 0,
      "rangeEnd": 13591,
      "total": 13591,
      "categories": {
        "rendering": 303.36433333337,
        "scripting": 383.92100000080154,
        "painting": 118.04366666746016,
        "other": 167.2643333319438,
        "idle": 12617.969799999768
      },
      "updateCounters": {
        "sampleCount": 863,
        "jsHeapMinBytes": 15244105.333333334,
        "jsHeapMaxBytes": 20215308,
        "jsHeapMinLabel": "15244 kB",
        "jsHeapMaxLabel": "20.2 MB",
        "documentsMin": 1,
        "documentsMax": 1,
        "nodesMin": 1051,
        "nodesMax": 1061,
        "listenersMin": 158,
        "listenersMax": 158
      },
      "runs": 3
    },
    "scroll-up": {
      "rangeStart": 0,
      "rangeEnd": 16718,
      "total": 16718,
      "categories": {
        "other": 769.615666664832,
        "rendering": 3764.608333334521,
        "painting": 1193.0550000001288,
        "scripting": 3285.4199999960006,
        "idle": 7705.590666671206
      },
      "updateCounters": {
        "sampleCount": 2316,
        "jsHeapMinBytes": 22315037.333333332,
        "jsHeapMaxBytes": 50860941.333333336,
        "jsHeapMinLabel": "22315 kB",
        "jsHeapMaxLabel": "50.9 MB",
        "documentsMin": 1,
        "documentsMax": 1,
        "nodesMin": 1795,
        "nodesMax": 2064,
        "listenersMin": 158,
        "listenersMax": 158
      },
      "runs": 3
    },
    "sorting": {
      "rangeStart": 0,
      "rangeEnd": 821,
      "total": 821,
      "categories": {
        "other": 707.0616666666532,
        "scripting": 108.34333333333613,
        "rendering": 3.100999999868994,
        "painting": 0.7066666667039195,
        "idle": 1.609333333442919
      },
      "updateCounters": {
        "sampleCount": 3,
        "jsHeapMinBytes": 394415274.6666667,
        "jsHeapMaxBytes": 409815696,
        "jsHeapMinLabel": "394415 kB",
        "jsHeapMaxLabel": "409.8 MB",
        "documentsMin": 3,
        "documentsMax": 3,
        "nodesMin": 1869,
        "nodesMax": 1869,
        "listenersMin": 145,
        "listenersMax": 145
      },
      "runs": 3,
      "hookTiming": 234.4999999999612
    },
    "source-data-validator-load": {
      "rangeStart": 0,
      "rangeEnd": 8570,
      "total": 8570,
      "categories": {
        "other": 1611.3606666664864,
        "rendering": 23.09199999979076,
        "scripting": 6931.782666667174,
        "painting": 0.01999999996041879,
        "idle": 3.1646666665328667
      },
      "updateCounters": {
        "sampleCount": 62,
        "jsHeapMinBytes": 285024490.6666667,
        "jsHeapMaxBytes": 880698709.3333334,
        "jsHeapMinLabel": "285024 kB",
        "jsHeapMaxLabel": "880.7 MB",
        "documentsMin": 1,
        "documentsMax": 1,
        "nodesMin": 3590,
        "nodesMax": 4739,
        "listenersMin": 230,
        "listenersMax": 295
      },
      "runs": 3
    }
  }
}