{
  "timestamp": "2026-05-13T12:35:10.821Z",
  "scenarios": {
    "cell-editing": {
      "rangeStart": 0,
      "rangeEnd": 2743,
      "total": 2743,
      "categories": {
        "other": 223.97433333329892,
        "rendering": 235.36733333346396,
        "scripting": 401.47966666669896,
        "painting": 46.88800000025852,
        "idle": 1835.3089999996203
      },
      "updateCounters": {
        "sampleCount": 2104,
        "jsHeapMinBytes": 15294174.666666666,
        "jsHeapMaxBytes": 29200042.666666668,
        "jsHeapMinLabel": "15294 kb",
        "jsHeapMaxLabel": "29.2 Mb",
        "documentsMin": 2,
        "documentsMax": 2,
        "nodesMin": 1030,
        "nodesMax": 1113,
        "listenersMin": 176,
        "listenersMax": 338
      },
      "runs": 3
    },
    "filtering": {
      "rangeStart": 0,
      "rangeEnd": 354,
      "total": 354,
      "categories": {
        "other": 162.82366666669316,
        "scripting": 187.6870000000048,
        "rendering": 1.7389999999916956,
        "painting": 0,
        "idle": 1.4556666666564222
      },
      "updateCounters": {
        "sampleCount": 1,
        "jsHeapMinBytes": 152580696,
        "jsHeapMaxBytes": 152580696,
        "jsHeapMinLabel": "152581 kb",
        "jsHeapMaxLabel": "152.6 Mb",
        "documentsMin": 4,
        "documentsMax": 4,
        "nodesMin": 1979,
        "nodesMax": 1979,
        "listenersMin": 201,
        "listenersMax": 201
      },
      "runs": 3,
      "hookTiming": 4.466666666664726
    },
    "scroll-down": {
      "rangeStart": 0,
      "rangeEnd": 16709,
      "total": 16709,
      "categories": {
        "other": 142.85666666584135,
        "rendering": 19.618333333084593,
        "painting": 20.487333333556307,
        "scripting": 109.53566666680187,
        "idle": 16416.465333334043
      },
      "updateCounters": {
        "sampleCount": 501,
        "jsHeapMinBytes": 26921357.333333332,
        "jsHeapMaxBytes": 29855176,
        "jsHeapMinLabel": "26921 kb",
        "jsHeapMaxLabel": "29.9 Mb",
        "documentsMin": 2,
        "documentsMax": 2,
        "nodesMin": 150268,
        "nodesMax": 150303,
        "listenersMin": 158,
        "listenersMax": 158
      },
      "runs": 3
    },
    "scroll-left": {
      "rangeStart": 0,
      "rangeEnd": 16711,
      "total": 16711,
      "categories": {
        "other": 499.0849999978562,
        "rendering": 2232.663666667766,
        "scripting": 2326.006333332481,
        "painting": 607.1309999999163,
        "idle": 11045.399000001955
      },
      "updateCounters": {
        "sampleCount": 3090,
        "jsHeapMinBytes": 15977214.666666666,
        "jsHeapMaxBytes": 27291868,
        "jsHeapMinLabel": "15977 kb",
        "jsHeapMaxLabel": "27.3 Mb",
        "documentsMin": 2,
        "documentsMax": 2,
        "nodesMin": 1078,
        "nodesMax": 1179,
        "listenersMin": 158,
        "listenersMax": 158
      },
      "runs": 3
    },
    "scroll-right": {
      "rangeStart": 0,
      "rangeEnd": 13598,
      "total": 13598,
      "categories": {
        "rendering": 312.65133333320654,
        "scripting": 355.5729999998744,
        "painting": 96.36933333345223,
        "other": 144.40433333333303,
        "idle": 12688.587066666785
      },
      "updateCounters": {
        "sampleCount": 860,
        "jsHeapMinBytes": 16433769.333333334,
        "jsHeapMaxBytes": 21430886.666666668,
        "jsHeapMinLabel": "16434 kb",
        "jsHeapMaxLabel": "21.4 Mb",
        "documentsMin": 2,
        "documentsMax": 2,
        "nodesMin": 1078,
        "nodesMax": 1109,
        "listenersMin": 158,
        "listenersMax": 158
      },
      "runs": 3
    },
    "scroll-up": {
      "rangeStart": 0,
      "rangeEnd": 14543,
      "total": 14543,
      "categories": {
        "other": 256.827333332922,
        "rendering": 1693.6003333330543,
        "scripting": 1659.469333333206,
        "painting": 391.61133333351853,
        "idle": 10541.730550000639
      },
      "updateCounters": {
        "sampleCount": 927,
        "jsHeapMinBytes": 28080093.333333332,
        "jsHeapMaxBytes": 56648432,
        "jsHeapMinLabel": "28080 kb",
        "jsHeapMaxLabel": "56.6 Mb",
        "documentsMin": 2,
        "documentsMax": 2,
        "nodesMin": 150274,
        "nodesMax": 150754,
        "listenersMin": 158,
        "listenersMax": 158
      },
      "runs": 3
    },
    "sorting": {
      "rangeStart": 0,
      "rangeEnd": 352,
      "total": 352,
      "categories": {
        "other": 170.7023666666537,
        "scripting": 176.20504999999082,
        "rendering": 2.7190000000215755,
        "painting": 0.685333333327435,
        "idle": 2.1136666666910364
      },
      "updateCounters": {
        "sampleCount": 2,
        "jsHeapMinBytes": 141775764,
        "jsHeapMaxBytes": 142840372,
        "jsHeapMinLabel": "141776 kb",
        "jsHeapMaxLabel": "142.8 Mb",
        "documentsMin": 4,
        "documentsMax": 4,
        "nodesMin": 1913,
        "nodesMax": 1913,
        "listenersMin": 145,
        "listenersMax": 145
      },
      "runs": 3,
      "hookTiming": 13.433333333329452
    }
  }
}