{
  "timestamp": "2026-06-11T08:39:43.318Z",
  "scenarios": {
    "cell-editing": {
      "rangeStart": 0,
      "rangeEnd": 2743,
      "total": 2743,
      "categories": {
        "other": 222.67966666639458,
        "rendering": 237.8953333331398,
        "scripting": 400.81666666688585,
        "painting": 45.96333333334284,
        "idle": 1835.5056666669018
      },
      "updateCounters": {
        "sampleCount": 2124,
        "jsHeapMinBytes": 15011836,
        "jsHeapMaxBytes": 29526033.333333332,
        "jsHeapMinLabel": "15012 kb",
        "jsHeapMaxLabel": "29.5 Mb",
        "documentsMin": 1,
        "documentsMax": 1,
        "nodesMin": 1030,
        "nodesMax": 1117,
        "listenersMin": 175,
        "listenersMax": 346
      },
      "runs": 3
    },
    "filtering": {
      "rangeStart": 0,
      "rangeEnd": 348,
      "total": 348,
      "categories": {
        "other": 333.124666666676,
        "rendering": 1.8623333333234768,
        "scripting": 11.64556666666766,
        "painting": 0,
        "idle": 1.617666666667598
      },
      "updateCounters": {
        "sampleCount": 1,
        "jsHeapMinBytes": 157600872,
        "jsHeapMaxBytes": 157600872,
        "jsHeapMinLabel": "157601 kb",
        "jsHeapMaxLabel": "157.6 Mb",
        "documentsMin": 3,
        "documentsMax": 3,
        "nodesMin": 1983,
        "nodesMax": 1983,
        "listenersMin": 201,
        "listenersMax": 201
      },
      "runs": 3,
      "hookTiming": 3.866666666663756
    },
    "scroll-down": {
      "rangeStart": 0,
      "rangeEnd": 16717,
      "total": 16717,
      "categories": {
        "other": 139.255999999791,
        "rendering": 18.49833333368103,
        "painting": 19.449000000070857,
        "scripting": 116.01599999974054,
        "idle": 16423.762000000046
      },
      "updateCounters": {
        "sampleCount": 501,
        "jsHeapMinBytes": 26728964,
        "jsHeapMaxBytes": 34665890.666666664,
        "jsHeapMinLabel": "26729 kb",
        "jsHeapMaxLabel": "34.7 Mb",
        "documentsMin": 1,
        "documentsMax": 1,
        "nodesMin": 150268,
        "nodesMax": 150268,
        "listenersMin": 158,
        "listenersMax": 158
      },
      "runs": 3
    },
    "scroll-left": {
      "rangeStart": 0,
      "rangeEnd": 16706,
      "total": 16706,
      "categories": {
        "other": 475.44099999906757,
        "rendering": 2072.16933333281,
        "scripting": 2324.220000000683,
        "painting": 682.2649999999849,
        "idle": 11151.336666667456
      },
      "updateCounters": {
        "sampleCount": 3042,
        "jsHeapMinBytes": 15598309.333333334,
        "jsHeapMaxBytes": 30539854.666666668,
        "jsHeapMinLabel": "15598 kb",
        "jsHeapMaxLabel": "30.5 Mb",
        "documentsMin": 1,
        "documentsMax": 1,
        "nodesMin": 1078,
        "nodesMax": 1078,
        "listenersMin": 158,
        "listenersMax": 158
      },
      "runs": 3
    },
    "scroll-right": {
      "rangeStart": 0,
      "rangeEnd": 13602,
      "total": 13602,
      "categories": {
        "rendering": 303.09966666656936,
        "scripting": 371.41233333314705,
        "painting": 109.65899999967466,
        "other": 147.3173333322628,
        "idle": 12670.201500001675
      },
      "updateCounters": {
        "sampleCount": 861,
        "jsHeapMinBytes": 16169201.333333334,
        "jsHeapMaxBytes": 21193745.333333332,
        "jsHeapMinLabel": "16169 kb",
        "jsHeapMaxLabel": "21.2 Mb",
        "documentsMin": 1,
        "documentsMax": 1,
        "nodesMin": 1078,
        "nodesMax": 1078,
        "listenersMin": 158,
        "listenersMax": 158
      },
      "runs": 3
    },
    "scroll-up": {
      "rangeStart": 0,
      "rangeEnd": 14536,
      "total": 14536,
      "categories": {
        "other": 256.4653333319557,
        "rendering": 1661.9256666679478,
        "scripting": 1584.5099999994102,
        "painting": 410.468999999847,
        "idle": 10623.0974166675
      },
      "updateCounters": {
        "sampleCount": 928,
        "jsHeapMinBytes": 27822640,
        "jsHeapMaxBytes": 56641036,
        "jsHeapMinLabel": "27823 kb",
        "jsHeapMaxLabel": "56.6 Mb",
        "documentsMin": 1,
        "documentsMax": 1,
        "nodesMin": 150268,
        "nodesMax": 150272,
        "listenersMin": 158,
        "listenersMax": 158
      },
      "runs": 3
    },
    "sorting": {
      "rangeStart": 0,
      "rangeEnd": 348,
      "total": 348,
      "categories": {
        "other": 341.5890000000095,
        "rendering": 0,
        "scripting": 4.754383333345254,
        "painting": 0,
        "idle": 1.1553333333188978
      },
      "updateCounters": {
        "sampleCount": 1,
        "jsHeapMinBytes": 153879396,
        "jsHeapMaxBytes": 153879396,
        "jsHeapMinLabel": "153879 kb",
        "jsHeapMaxLabel": "153.9 Mb",
        "documentsMin": 3,
        "documentsMax": 3,
        "nodesMin": 1909,
        "nodesMax": 1909,
        "listenersMin": 145,
        "listenersMax": 145
      },
      "runs": 3,
      "hookTiming": 13.266666666662786
    }
  }
}