{
  "timestamp": "2026-06-15T11:50:39.732Z",
  "scenarios": {
    "cell-editing": {
      "rangeStart": 0,
      "rangeEnd": 2885,
      "total": 2885,
      "categories": {
        "other": 221.43766666698716,
        "rendering": 344.3579999997989,
        "scripting": 427.0166666666946,
        "painting": 46.38633333340598,
        "idle": 1845.9943333331175
      },
      "updateCounters": {
        "sampleCount": 2123,
        "jsHeapMinBytes": 15994720,
        "jsHeapMaxBytes": 29648856,
        "jsHeapMinLabel": "15995 kb",
        "jsHeapMaxLabel": "29.6 Mb",
        "documentsMin": 1,
        "documentsMax": 1,
        "nodesMin": 1039,
        "nodesMax": 1130,
        "listenersMin": 179,
        "listenersMax": 430
      },
      "runs": 3
    },
    "filtering": {
      "rangeStart": 0,
      "rangeEnd": 358,
      "total": 358,
      "categories": {
        "other": 335.0521833333352,
        "rendering": 8.486483333331611,
        "scripting": 12.568483333329361,
        "painting": 0,
        "idle": 1.3776666666623594
      },
      "updateCounters": {
        "sampleCount": 1,
        "jsHeapMinBytes": 157825570.66666666,
        "jsHeapMaxBytes": 157825570.66666666,
        "jsHeapMinLabel": "157826 kb",
        "jsHeapMaxLabel": "157.8 Mb",
        "documentsMin": 3,
        "documentsMax": 3,
        "nodesMin": 1980,
        "nodesMax": 1980,
        "listenersMin": 201,
        "listenersMax": 201
      },
      "runs": 3,
      "hookTiming": 2.5
    },
    "scroll-down": {
      "rangeStart": 0,
      "rangeEnd": 16741,
      "total": 16741,
      "categories": {
        "other": 178.2890000009797,
        "rendering": 23.006333332828945,
        "painting": 26.274000000033993,
        "scripting": 144.927333333175,
        "idle": 16368.08699999965
      },
      "updateCounters": {
        "sampleCount": 501,
        "jsHeapMinBytes": 26609856,
        "jsHeapMaxBytes": 32058888,
        "jsHeapMinLabel": "26610 kb",
        "jsHeapMaxLabel": "32.1 Mb",
        "documentsMin": 1,
        "documentsMax": 1,
        "nodesMin": 150271,
        "nodesMax": 150271,
        "listenersMin": 158,
        "listenersMax": 158
      },
      "runs": 3
    },
    "scroll-left": {
      "rangeStart": 0,
      "rangeEnd": 16708,
      "total": 16708,
      "categories": {
        "other": 544.7266666652225,
        "rendering": 2221.142333333293,
        "scripting": 2615.9180000004962,
        "painting": 735.8826666670308,
        "idle": 10590.884333333961
      },
      "updateCounters": {
        "sampleCount": 3042,
        "jsHeapMinBytes": 15626845.333333334,
        "jsHeapMaxBytes": 30569356,
        "jsHeapMinLabel": "15627 kb",
        "jsHeapMaxLabel": "30.6 Mb",
        "documentsMin": 1,
        "documentsMax": 1,
        "nodesMin": 1081,
        "nodesMax": 1081,
        "listenersMin": 158,
        "listenersMax": 158
      },
      "runs": 3
    },
    "scroll-right": {
      "rangeStart": 0,
      "rangeEnd": 8905,
      "total": 8905,
      "categories": {
        "rendering": 300.23099999985425,
        "scripting": 412.6133333326666,
        "painting": 108.52099999946465,
        "other": 129.3090000001791,
        "idle": 7954.398316667823
      },
      "updateCounters": {
        "sampleCount": 860,
        "jsHeapMinBytes": 16161925.333333334,
        "jsHeapMaxBytes": 25224202.666666668,
        "jsHeapMinLabel": "16162 kb",
        "jsHeapMaxLabel": "25.2 Mb",
        "documentsMin": 1,
        "documentsMax": 1,
        "nodesMin": 1081,
        "nodesMax": 1081,
        "listenersMin": 158,
        "listenersMax": 158
      },
      "runs": 3
    },
    "scroll-up": {
      "rangeStart": 0,
      "rangeEnd": 14551,
      "total": 14551,
      "categories": {
        "other": 306.84800000235754,
        "rendering": 1866.8460000009316,
        "scripting": 1903.7833333309272,
        "painting": 456.35333333377883,
        "idle": 10017.485816665323
      },
      "updateCounters": {
        "sampleCount": 928,
        "jsHeapMinBytes": 27761892,
        "jsHeapMaxBytes": 56560460,
        "jsHeapMinLabel": "27762 kb",
        "jsHeapMaxLabel": "56.6 Mb",
        "documentsMin": 1,
        "documentsMax": 1,
        "nodesMin": 150271,
        "nodesMax": 150273,
        "listenersMin": 158,
        "listenersMax": 158
      },
      "runs": 3
    },
    "sorting": {
      "rangeStart": 0,
      "rangeEnd": 356,
      "total": 356,
      "categories": {
        "other": 169.2907166666705,
        "rendering": 3.3246166666892045,
        "scripting": 12.203200000007946,
        "painting": 0,
        "idle": 170.6929999999896
      },
      "updateCounters": {
        "sampleCount": 1,
        "jsHeapMinBytes": 149441168,
        "jsHeapMaxBytes": 149441168,
        "jsHeapMinLabel": "149441 kb",
        "jsHeapMaxLabel": "149.4 Mb",
        "documentsMin": 3,
        "documentsMax": 3,
        "nodesMin": 1909,
        "nodesMax": 1909,
        "listenersMin": 145,
        "listenersMax": 145
      },
      "runs": 3,
      "hookTiming": 3.266666666662786
    }
  }
}