{
  "timestamp": "2026-05-05T13:27:35.420Z",
  "scenarios": {
    "cell-editing": {
      "rangeStart": 0,
      "rangeEnd": 2562,
      "total": 2562,
      "categories": {
        "other": 199.24533333353364,
        "rendering": 193.837333333339,
        "scripting": 322.5463333333901,
        "painting": 38.021666666599536,
        "idle": 1808.2023333331356
      },
      "updateCounters": {
        "sampleCount": 2103,
        "jsHeapMinBytes": 15208532,
        "jsHeapMaxBytes": 28561270.666666668,
        "jsHeapMinLabel": "15209 kb",
        "jsHeapMaxLabel": "28.6 Mb",
        "documentsMin": 2,
        "documentsMax": 2,
        "nodesMin": 1029,
        "nodesMax": 1098,
        "listenersMin": 175,
        "listenersMax": 310
      },
      "runs": 3
    },
    "filtering": {
      "rangeStart": 0,
      "rangeEnd": 310,
      "total": 310,
      "categories": {
        "other": 297.0145666666821,
        "rendering": 1.6956666666616609,
        "scripting": 10.231749999998836,
        "painting": 0,
        "idle": 1.732999999988048
      },
      "updateCounters": {
        "sampleCount": 1,
        "jsHeapMinBytes": 155094392,
        "jsHeapMaxBytes": 155094392,
        "jsHeapMinLabel": "155094 kb",
        "jsHeapMaxLabel": "155.1 Mb",
        "documentsMin": 4,
        "documentsMax": 4,
        "nodesMin": 1981,
        "nodesMax": 1981,
        "listenersMin": 201,
        "listenersMax": 201
      },
      "runs": 3,
      "hookTiming": 3.60000000000097
    },
    "scroll-down": {
      "rangeStart": 0,
      "rangeEnd": 16707,
      "total": 16707,
      "categories": {
        "other": 140.67333333273962,
        "rendering": 19.1390000001896,
        "painting": 18.70266666644602,
        "scripting": 110.67300000019254,
        "idle": 16417.60233333378
      },
      "updateCounters": {
        "sampleCount": 501,
        "jsHeapMinBytes": 26904317.333333332,
        "jsHeapMaxBytes": 30381321.333333332,
        "jsHeapMinLabel": "26904 kb",
        "jsHeapMaxLabel": "30.4 Mb",
        "documentsMin": 2,
        "documentsMax": 2,
        "nodesMin": 150268,
        "nodesMax": 150305,
        "listenersMin": 158,
        "listenersMax": 158
      },
      "runs": 3
    },
    "scroll-left": {
      "rangeStart": 0,
      "rangeEnd": 16692,
      "total": 16692,
      "categories": {
        "other": 427.18066666732693,
        "rendering": 1852.3739999999623,
        "scripting": 1785.798666666422,
        "painting": 519.1686666667229,
        "idle": 12106.759333332893
      },
      "updateCounters": {
        "sampleCount": 3041,
        "jsHeapMinBytes": 16019466.666666666,
        "jsHeapMaxBytes": 30598364,
        "jsHeapMinLabel": "16019 kb",
        "jsHeapMaxLabel": "30.6 Mb",
        "documentsMin": 2,
        "documentsMax": 2,
        "nodesMin": 1078,
        "nodesMax": 1170,
        "listenersMin": 158,
        "listenersMax": 158
      },
      "runs": 3
    },
    "scroll-right": {
      "rangeStart": 0,
      "rangeEnd": 13590,
      "total": 13590,
      "categories": {
        "rendering": 265.42833333394566,
        "scripting": 300.7233333330782,
        "painting": 84.29733333303982,
        "other": 140.90733333269353,
        "idle": 12798.681966667218
      },
      "updateCounters": {
        "sampleCount": 861,
        "jsHeapMinBytes": 16320320,
        "jsHeapMaxBytes": 21417789.333333332,
        "jsHeapMinLabel": "16320 kb",
        "jsHeapMaxLabel": "21.4 Mb",
        "documentsMin": 2,
        "documentsMax": 2,
        "nodesMin": 1078,
        "nodesMax": 1109,
        "listenersMin": 158,
        "listenersMax": 158
      },
      "runs": 3
    },
    "scroll-up": {
      "rangeStart": 0,
      "rangeEnd": 14537,
      "total": 14537,
      "categories": {
        "other": 263.7769999980656,
        "rendering": 1481.4656666670344,
        "scripting": 1442.926033334453,
        "painting": 343.8523333327806,
        "idle": 11004.723866667677
      },
      "updateCounters": {
        "sampleCount": 948,
        "jsHeapMinBytes": 27656394.666666668,
        "jsHeapMaxBytes": 50334804,
        "jsHeapMinLabel": "27656 kb",
        "jsHeapMaxLabel": "50.3 Mb",
        "documentsMin": 2,
        "documentsMax": 2,
        "nodesMin": 150271,
        "nodesMax": 150745,
        "listenersMin": 158,
        "listenersMax": 158
      },
      "runs": 3
    },
    "sorting": {
      "rangeStart": 0,
      "rangeEnd": 298,
      "total": 298,
      "categories": {
        "other": 291.18041666666,
        "rendering": 1.0578500000022661,
        "scripting": 4.346366666674613,
        "painting": 0,
        "idle": 1.2673333333611179
      },
      "updateCounters": {
        "sampleCount": 2,
        "jsHeapMinBytes": 141917552,
        "jsHeapMaxBytes": 147287380,
        "jsHeapMinLabel": "141918 kb",
        "jsHeapMaxLabel": "147.3 Mb",
        "documentsMin": 4,
        "documentsMax": 4,
        "nodesMin": 1913,
        "nodesMax": 1915,
        "listenersMin": 145,
        "listenersMax": 145
      },
      "runs": 3,
      "hookTiming": 10.299999999988358
    }
  }
}