{
  "timestamp": "2026-04-28T13:02:29.692Z",
  "scenarios": {
    "cell-editing": {
      "rangeStart": 0,
      "rangeEnd": 2961,
      "total": 2961,
      "categories": {
        "other": 257.5433333331437,
        "rendering": 300.809666666891,
        "scripting": 479.62033333319613,
        "painting": 62.6906666666279,
        "idle": 1860.8283333334741
      },
      "updateCounters": {
        "sampleCount": 2101,
        "jsHeapMinBytes": 15904302.666666666,
        "jsHeapMaxBytes": 31864352,
        "jsHeapMinLabel": "15904 kb",
        "jsHeapMaxLabel": "31.9 Mb",
        "documentsMin": 2,
        "documentsMax": 2,
        "nodesMin": 1031,
        "nodesMax": 1127,
        "listenersMin": 174,
        "listenersMax": 361
      },
      "runs": 3
    },
    "filtering": {
      "rangeStart": 0,
      "rangeEnd": 391,
      "total": 391,
      "categories": {
        "other": 373.6870000000056,
        "rendering": 1.9710000000001553,
        "scripting": 13.89454999999702,
        "painting": 0,
        "idle": 1.4536666666632907
      },
      "updateCounters": {
        "sampleCount": 1,
        "jsHeapMinBytes": 143215700,
        "jsHeapMaxBytes": 143215700,
        "jsHeapMinLabel": "143216 kb",
        "jsHeapMaxLabel": "143.2 Mb",
        "documentsMin": 4,
        "documentsMax": 4,
        "nodesMin": 1987,
        "nodesMax": 1987,
        "listenersMin": 199,
        "listenersMax": 199
      },
      "runs": 3,
      "hookTiming": 5.233333333337214
    },
    "scroll-down": {
      "rangeStart": 0,
      "rangeEnd": 16744,
      "total": 16744,
      "categories": {
        "other": 217.18399999980542,
        "rendering": 28.290666666657973,
        "painting": 29.520333333523013,
        "scripting": 158.76333333335467,
        "idle": 16309.92833333333
      },
      "updateCounters": {
        "sampleCount": 501,
        "jsHeapMinBytes": 26871069.333333332,
        "jsHeapMaxBytes": 30671808,
        "jsHeapMinLabel": "26871 kb",
        "jsHeapMaxLabel": "30.7 Mb",
        "documentsMin": 2,
        "documentsMax": 2,
        "nodesMin": 150268,
        "nodesMax": 150306,
        "listenersMin": 156,
        "listenersMax": 156
      },
      "runs": 3
    },
    "scroll-left": {
      "rangeStart": 0,
      "rangeEnd": 16713,
      "total": 16713,
      "categories": {
        "other": 594.4166666673697,
        "rendering": 2596.304666666974,
        "painting": 719.3359999999326,
        "scripting": 2515.8203333322845,
        "idle": 10286.64100000011
      },
      "updateCounters": {
        "sampleCount": 3042,
        "jsHeapMinBytes": 15974146.666666666,
        "jsHeapMaxBytes": 30510404,
        "jsHeapMinLabel": "15974 kb",
        "jsHeapMaxLabel": "30.5 Mb",
        "documentsMin": 2,
        "documentsMax": 2,
        "nodesMin": 1078,
        "nodesMax": 1171,
        "listenersMin": 156,
        "listenersMax": 156
      },
      "runs": 3
    },
    "scroll-right": {
      "rangeStart": 0,
      "rangeEnd": 8997,
      "total": 8997,
      "categories": {
        "rendering": 375.7876666668647,
        "scripting": 427.4603333331451,
        "painting": 114.3423333336056,
        "other": 170.33766666610802,
        "idle": 7908.738716666955
      },
      "updateCounters": {
        "sampleCount": 860,
        "jsHeapMinBytes": 16358201.333333334,
        "jsHeapMaxBytes": 24870712,
        "jsHeapMinLabel": "16358 kb",
        "jsHeapMaxLabel": "24.9 Mb",
        "documentsMin": 2,
        "documentsMax": 2,
        "nodesMin": 1078,
        "nodesMax": 1130,
        "listenersMin": 156,
        "listenersMax": 156
      },
      "runs": 3
    },
    "scroll-up": {
      "rangeStart": 0,
      "rangeEnd": 14559,
      "total": 14559,
      "categories": {
        "other": 321.45266666660706,
        "rendering": 1948.5666666660884,
        "scripting": 1838.0046666671053,
        "painting": 439.0189999997577,
        "idle": 10011.907066667123
      },
      "updateCounters": {
        "sampleCount": 927,
        "jsHeapMinBytes": 28009513.333333332,
        "jsHeapMaxBytes": 56563929.333333336,
        "jsHeapMinLabel": "28010 kb",
        "jsHeapMaxLabel": "56.6 Mb",
        "documentsMin": 2,
        "documentsMax": 2,
        "nodesMin": 150275,
        "nodesMax": 150755,
        "listenersMin": 156,
        "listenersMax": 156
      },
      "runs": 3
    },
    "sorting": {
      "rangeStart": 0,
      "rangeEnd": 388,
      "total": 388,
      "categories": {
        "other": 379.8207833333099,
        "rendering": 1.0198666666595575,
        "scripting": 5.619083333333333,
        "painting": 0,
        "idle": 1.282333333355685
      },
      "updateCounters": {
        "sampleCount": 2,
        "jsHeapMinBytes": 141820256,
        "jsHeapMaxBytes": 147172260,
        "jsHeapMinLabel": "141820 kb",
        "jsHeapMaxLabel": "147.2 Mb",
        "documentsMin": 4,
        "documentsMax": 4,
        "nodesMin": 1913,
        "nodesMax": 1915,
        "listenersMin": 143,
        "listenersMax": 143
      },
      "runs": 3,
      "hookTiming": 13.733333333337214
    }
  }
}