{
  "timestamp": "2026-04-20T19:41:50.939Z",
  "scenarios": {
    "cell-editing": {
      "rangeStart": 0,
      "rangeEnd": 2916,
      "total": 2916,
      "categories": {
        "other": 251.33666666677024,
        "rendering": 285.70199999994173,
        "scripting": 469.45233333336984,
        "painting": 58.326999999995074,
        "idle": 1851.573333333261
      },
      "updateCounters": {
        "sampleCount": 2102,
        "jsHeapMinBytes": 15531393.333333334,
        "jsHeapMaxBytes": 27518936,
        "jsHeapMinLabel": "15531 kb",
        "jsHeapMaxLabel": "27.5 Mb",
        "documentsMin": 2,
        "documentsMax": 2,
        "nodesMin": 1030,
        "nodesMax": 1103,
        "listenersMin": 173,
        "listenersMax": 316
      },
      "runs": 3
    },
    "filtering": {
      "rangeStart": 0,
      "rangeEnd": 365,
      "total": 365,
      "categories": {
        "other": 348.9851500000023,
        "rendering": 2.0530000000047344,
        "scripting": 12.25904999999865,
        "painting": 0,
        "idle": 1.605666666670004
      },
      "updateCounters": {
        "sampleCount": 1,
        "jsHeapMinBytes": 154829076,
        "jsHeapMaxBytes": 154829076,
        "jsHeapMinLabel": "154829 kb",
        "jsHeapMaxLabel": "154.8 Mb",
        "documentsMin": 4,
        "documentsMax": 4,
        "nodesMin": 1981,
        "nodesMax": 1981,
        "listenersMin": 199,
        "listenersMax": 199
      },
      "runs": 3,
      "hookTiming": 5.166666666661816
    },
    "scroll-down": {
      "rangeStart": 0,
      "rangeEnd": 16717,
      "total": 16717,
      "categories": {
        "other": 201.79233333215788,
        "rendering": 25.997000000497792,
        "painting": 27.40200000006007,
        "scripting": 136.83133333340257,
        "idle": 16324.547000000544
      },
      "updateCounters": {
        "sampleCount": 501,
        "jsHeapMinBytes": 26864564,
        "jsHeapMaxBytes": 30902544,
        "jsHeapMinLabel": "26865 kb",
        "jsHeapMaxLabel": "30.9 Mb",
        "documentsMin": 2,
        "documentsMax": 2,
        "nodesMin": 150268,
        "nodesMax": 150307,
        "listenersMin": 156,
        "listenersMax": 156
      },
      "runs": 3
    },
    "scroll-left": {
      "rangeStart": 0,
      "rangeEnd": 16720,
      "total": 16720,
      "categories": {
        "other": 533.8613333311482,
        "rendering": 2296.8313333340725,
        "scripting": 2440.0193333332263,
        "painting": 637.3730000007781,
        "idle": 10811.608000000764
      },
      "updateCounters": {
        "sampleCount": 3090,
        "jsHeapMinBytes": 15976944,
        "jsHeapMaxBytes": 30672877.333333332,
        "jsHeapMinLabel": "15977 kb",
        "jsHeapMaxLabel": "30.7 Mb",
        "documentsMin": 2,
        "documentsMax": 2,
        "nodesMin": 1078,
        "nodesMax": 1178,
        "listenersMin": 156,
        "listenersMax": 156
      },
      "runs": 3
    },
    "scroll-right": {
      "rangeStart": 0,
      "rangeEnd": 13611,
      "total": 13611,
      "categories": {
        "rendering": 341.7860000009338,
        "scripting": 398.52199999967047,
        "painting": 109.47466666577384,
        "other": 192.64333333439504,
        "idle": 12568.576483332552
      },
      "updateCounters": {
        "sampleCount": 860,
        "jsHeapMinBytes": 16366960,
        "jsHeapMaxBytes": 21363140,
        "jsHeapMinLabel": "16367 kb",
        "jsHeapMaxLabel": "21.4 Mb",
        "documentsMin": 2,
        "documentsMax": 2,
        "nodesMin": 1078,
        "nodesMax": 1109,
        "listenersMin": 156,
        "listenersMax": 156
      },
      "runs": 3
    },
    "scroll-up": {
      "rangeStart": 0,
      "rangeEnd": 14542,
      "total": 14542,
      "categories": {
        "other": 318.1613333322504,
        "rendering": 1905.5850000002345,
        "scripting": 1816.82433333457,
        "painting": 440.7086666659452,
        "idle": 10060.505850000307
      },
      "updateCounters": {
        "sampleCount": 926,
        "jsHeapMinBytes": 27983393.333333332,
        "jsHeapMaxBytes": 56483705.333333336,
        "jsHeapMinLabel": "27983 kb",
        "jsHeapMaxLabel": "56.5 Mb",
        "documentsMin": 2,
        "documentsMax": 2,
        "nodesMin": 150274,
        "nodesMax": 150753,
        "listenersMin": 156,
        "listenersMax": 156
      },
      "runs": 3
    },
    "sorting": {
      "rangeStart": 0,
      "rangeEnd": 362,
      "total": 362,
      "categories": {
        "other": 164.61600000002576,
        "scripting": 191.82685000000524,
        "rendering": 3.0160000000032596,
        "painting": 0.7369999999840123,
        "idle": 1.649333333344354
      },
      "updateCounters": {
        "sampleCount": 1,
        "jsHeapMinBytes": 159369804,
        "jsHeapMaxBytes": 159369804,
        "jsHeapMinLabel": "159370 kb",
        "jsHeapMaxLabel": "159.4 Mb",
        "documentsMin": 4,
        "documentsMax": 4,
        "nodesMin": 1913,
        "nodesMax": 1913,
        "listenersMin": 143,
        "listenersMax": 143
      },
      "runs": 3,
      "hookTiming": 12.033333333344975
    }
  }
}