{
  "timestamp": "2026-05-06T12:38:37.418Z",
  "scenarios": {
    "cell-editing": {
      "rangeStart": 0,
      "rangeEnd": 2702,
      "total": 2702,
      "categories": {
        "other": 220.04733333396803,
        "rendering": 236.57900000025015,
        "scripting": 383.77833333264493,
        "painting": 45.00899999957377,
        "idle": 1816.255666666897
      },
      "updateCounters": {
        "sampleCount": 2103,
        "jsHeapMinBytes": 15253162.666666666,
        "jsHeapMaxBytes": 28128506.666666668,
        "jsHeapMinLabel": "15253 kb",
        "jsHeapMaxLabel": "28.1 Mb",
        "documentsMin": 2,
        "documentsMax": 2,
        "nodesMin": 1030,
        "nodesMax": 1111,
        "listenersMin": 175,
        "listenersMax": 331
      },
      "runs": 3
    },
    "filtering": {
      "rangeStart": 0,
      "rangeEnd": 328,
      "total": 328,
      "categories": {
        "other": 314.01800000000384,
        "rendering": 1.503666666666201,
        "scripting": 10.779716666678587,
        "painting": 0,
        "idle": 1.4019999999921613
      },
      "updateCounters": {
        "sampleCount": 1,
        "jsHeapMinBytes": 155148056,
        "jsHeapMaxBytes": 155148056,
        "jsHeapMinLabel": "155148 kb",
        "jsHeapMaxLabel": "155.1 Mb",
        "documentsMin": 4,
        "documentsMax": 4,
        "nodesMin": 1981,
        "nodesMax": 1981,
        "listenersMin": 201,
        "listenersMax": 201
      },
      "runs": 3,
      "hookTiming": 4.566666666660846
    },
    "scroll-down": {
      "rangeStart": 0,
      "rangeEnd": 16722,
      "total": 16722,
      "categories": {
        "other": 151.68100000161576,
        "rendering": 18.69366666531035,
        "painting": 19.039333333057584,
        "scripting": 126.81033333323649,
        "idle": 16405.408333333442
      },
      "updateCounters": {
        "sampleCount": 501,
        "jsHeapMinBytes": 26918341.333333332,
        "jsHeapMaxBytes": 30056522.666666668,
        "jsHeapMinLabel": "26918 kb",
        "jsHeapMaxLabel": "30.1 Mb",
        "documentsMin": 2,
        "documentsMax": 2,
        "nodesMin": 150268,
        "nodesMax": 150304,
        "listenersMin": 158,
        "listenersMax": 158
      },
      "runs": 3
    },
    "scroll-left": {
      "rangeStart": 0,
      "rangeEnd": 16702,
      "total": 16702,
      "categories": {
        "other": 516.4949999963201,
        "rendering": 2141.5433333336455,
        "scripting": 2143.4230000013176,
        "painting": 605.3653333337279,
        "idle": 11294.75066666831
      },
      "updateCounters": {
        "sampleCount": 3042,
        "jsHeapMinBytes": 16006324,
        "jsHeapMaxBytes": 30795772,
        "jsHeapMinLabel": "16006 kb",
        "jsHeapMaxLabel": "30.8 Mb",
        "documentsMin": 2,
        "documentsMax": 2,
        "nodesMin": 1078,
        "nodesMax": 1171,
        "listenersMin": 158,
        "listenersMax": 158
      },
      "runs": 3
    },
    "scroll-right": {
      "rangeStart": 0,
      "rangeEnd": 13611,
      "total": 13611,
      "categories": {
        "rendering": 307.7080000012259,
        "scripting": 345.62266666710485,
        "painting": 97.93433333329934,
        "other": 154.8793333302156,
        "idle": 12704.498733334845
      },
      "updateCounters": {
        "sampleCount": 860,
        "jsHeapMinBytes": 16420085.333333334,
        "jsHeapMaxBytes": 21410830.666666668,
        "jsHeapMinLabel": "16420 kb",
        "jsHeapMaxLabel": "21.4 Mb",
        "documentsMin": 2,
        "documentsMax": 2,
        "nodesMin": 1078,
        "nodesMax": 1109,
        "listenersMin": 158,
        "listenersMax": 158
      },
      "runs": 3
    },
    "scroll-up": {
      "rangeStart": 0,
      "rangeEnd": 14546,
      "total": 14546,
      "categories": {
        "other": 279.63099999801506,
        "rendering": 1678.7046666687238,
        "scripting": 1609.4213333328953,
        "painting": 382.51533333340194,
        "idle": 10595.72266666698
      },
      "updateCounters": {
        "sampleCount": 927,
        "jsHeapMinBytes": 28084910.666666668,
        "jsHeapMaxBytes": 56654961.333333336,
        "jsHeapMinLabel": "28085 kb",
        "jsHeapMaxLabel": "56.7 Mb",
        "documentsMin": 2,
        "documentsMax": 2,
        "nodesMin": 150275,
        "nodesMax": 150755,
        "listenersMin": 158,
        "listenersMax": 158
      },
      "runs": 3
    },
    "sorting": {
      "rangeStart": 0,
      "rangeEnd": 322,
      "total": 322,
      "categories": {
        "other": 314.93766666662725,
        "rendering": 0.7940000000138147,
        "scripting": 5.136666666666667,
        "painting": 0,
        "idle": 1.0713333333648432
      },
      "updateCounters": {
        "sampleCount": 2,
        "jsHeapMinBytes": 141960072,
        "jsHeapMaxBytes": 147329660,
        "jsHeapMinLabel": "141960 kb",
        "jsHeapMaxLabel": "147.3 Mb",
        "documentsMin": 4,
        "documentsMax": 4,
        "nodesMin": 1913,
        "nodesMax": 1915,
        "listenersMin": 145,
        "listenersMax": 145
      },
      "runs": 3,
      "hookTiming": 12.466666666655025
    }
  }
}