{
  "timestamp": "2026-04-21T08:54:15.978Z",
  "scenarios": {
    "cell-editing": {
      "rangeStart": 0,
      "rangeEnd": 2795,
      "total": 2795,
      "categories": {
        "other": 232.2280000002189,
        "rendering": 259.488666666822,
        "scripting": 421.234333333057,
        "painting": 52.76033333321296,
        "idle": 1829.884666666694
      },
      "updateCounters": {
        "sampleCount": 2102,
        "jsHeapMinBytes": 15193924,
        "jsHeapMaxBytes": 29056590.666666668,
        "jsHeapMinLabel": "15194 kb",
        "jsHeapMaxLabel": "29.1 Mb",
        "documentsMin": 2,
        "documentsMax": 2,
        "nodesMin": 1030,
        "nodesMax": 1113,
        "listenersMin": 173,
        "listenersMax": 337
      },
      "runs": 3
    },
    "filtering": {
      "rangeStart": 0,
      "rangeEnd": 359,
      "total": 359,
      "categories": {
        "other": 342.0350666666552,
        "rendering": 2.5493333333336827,
        "scripting": 12.576233333334327,
        "painting": 0,
        "idle": 1.5520000000105938
      },
      "updateCounters": {
        "sampleCount": 1,
        "jsHeapMinBytes": 149317940,
        "jsHeapMaxBytes": 149317940,
        "jsHeapMinLabel": "149318 kb",
        "jsHeapMaxLabel": "149.3 Mb",
        "documentsMin": 4,
        "documentsMax": 4,
        "nodesMin": 1984,
        "nodesMax": 1984,
        "listenersMin": 199,
        "listenersMax": 199
      },
      "runs": 3,
      "hookTiming": 5.433333333329453
    },
    "scroll-down": {
      "rangeStart": 0,
      "rangeEnd": 16720,
      "total": 16720,
      "categories": {
        "other": 197.37633333313144,
        "rendering": 24.542999999956617,
        "painting": 27.39833333332596,
        "scripting": 139.62133333340014,
        "idle": 16331.12833333351
      },
      "updateCounters": {
        "sampleCount": 501,
        "jsHeapMinBytes": 26866622.666666668,
        "jsHeapMaxBytes": 30236337.333333332,
        "jsHeapMinLabel": "26867 kb",
        "jsHeapMaxLabel": "30.2 Mb",
        "documentsMin": 2,
        "documentsMax": 2,
        "nodesMin": 150268,
        "nodesMax": 150305,
        "listenersMin": 156,
        "listenersMax": 156
      },
      "runs": 3
    },
    "scroll-left": {
      "rangeStart": 0,
      "rangeEnd": 16702,
      "total": 16702,
      "categories": {
        "other": 559.2126666674803,
        "rendering": 2391.4249999998815,
        "scripting": 2499.1576666660094,
        "painting": 656.6343333332819,
        "idle": 10595.130000000014
      },
      "updateCounters": {
        "sampleCount": 3091,
        "jsHeapMinBytes": 15978462.666666666,
        "jsHeapMaxBytes": 30623026.666666668,
        "jsHeapMinLabel": "15978 kb",
        "jsHeapMaxLabel": "30.6 Mb",
        "documentsMin": 2,
        "documentsMax": 2,
        "nodesMin": 1078,
        "nodesMax": 1178,
        "listenersMin": 156,
        "listenersMax": 156
      },
      "runs": 3
    },
    "scroll-right": {
      "rangeStart": 0,
      "rangeEnd": 13603,
      "total": 13603,
      "categories": {
        "rendering": 357.7679999993513,
        "scripting": 404.938333334001,
        "painting": 113.28733333323423,
        "other": 199.4773333334525,
        "idle": 12527.29568333331
      },
      "updateCounters": {
        "sampleCount": 860,
        "jsHeapMinBytes": 16367710.666666666,
        "jsHeapMaxBytes": 21364078.666666668,
        "jsHeapMinLabel": "16368 kb",
        "jsHeapMaxLabel": "21.4 Mb",
        "documentsMin": 2,
        "documentsMax": 2,
        "nodesMin": 1078,
        "nodesMax": 1109,
        "listenersMin": 156,
        "listenersMax": 156
      },
      "runs": 3
    },
    "scroll-up": {
      "rangeStart": 0,
      "rangeEnd": 14553,
      "total": 14553,
      "categories": {
        "other": 307.27799999950713,
        "rendering": 1858.5353333366802,
        "scripting": 1828.0123333304064,
        "painting": 448.9026666673599,
        "idle": 10110.099083332732
      },
      "updateCounters": {
        "sampleCount": 927,
        "jsHeapMinBytes": 28008486.666666668,
        "jsHeapMaxBytes": 56554698.666666664,
        "jsHeapMinLabel": "28008 kb",
        "jsHeapMaxLabel": "56.6 Mb",
        "documentsMin": 2,
        "documentsMax": 2,
        "nodesMin": 150274,
        "nodesMax": 150754,
        "listenersMin": 156,
        "listenersMax": 156
      },
      "runs": 3
    },
    "sorting": {
      "rangeStart": 0,
      "rangeEnd": 349,
      "total": 349,
      "categories": {
        "other": 342.3953499999934,
        "rendering": 0.32265000000673655,
        "scripting": 4.951649999996026,
        "painting": 0,
        "idle": 1.5986666666576639
      },
      "updateCounters": {
        "sampleCount": 2,
        "jsHeapMinBytes": 141836320,
        "jsHeapMaxBytes": 147191860,
        "jsHeapMinLabel": "141836 kb",
        "jsHeapMaxLabel": "147.2 Mb",
        "documentsMin": 4,
        "documentsMax": 4,
        "nodesMin": 1913,
        "nodesMax": 1915,
        "listenersMin": 143,
        "listenersMax": 143
      },
      "runs": 3,
      "hookTiming": 13.400000000042686
    }
  }
}