{
  "timestamp": "2026-04-16T09:29:16.803Z",
  "scenarios": {
    "cell-editing": {
      "rangeStart": 0,
      "rangeEnd": 2923,
      "total": 2923,
      "categories": {
        "other": 262.13633333330523,
        "rendering": 266.2720000001088,
        "scripting": 489.76066666653196,
        "painting": 54.94866666666834,
        "idle": 1849.8260000000544
      },
      "updateCounters": {
        "sampleCount": 2102,
        "jsHeapMinBytes": 15180914.666666666,
        "jsHeapMaxBytes": 28859029.333333332,
        "jsHeapMinLabel": "15181 kb",
        "jsHeapMaxLabel": "28.9 Mb",
        "documentsMin": 2,
        "documentsMax": 2,
        "nodesMin": 1031,
        "nodesMax": 1112,
        "listenersMin": 174,
        "listenersMax": 330
      },
      "runs": 3
    },
    "filtering": {
      "rangeStart": 0,
      "rangeEnd": 377,
      "total": 377,
      "categories": {
        "other": 360.1043333333242,
        "rendering": 2.22593333334468,
        "scripting": 12.751683333333311,
        "painting": 0,
        "idle": 2.697999999994257
      },
      "updateCounters": {
        "sampleCount": 2,
        "jsHeapMinBytes": 141233704,
        "jsHeapMaxBytes": 145835956,
        "jsHeapMinLabel": "141234 kb",
        "jsHeapMaxLabel": "145.8 Mb",
        "documentsMin": 4,
        "documentsMax": 4,
        "nodesMin": 1979,
        "nodesMax": 1981,
        "listenersMin": 199,
        "listenersMax": 199
      },
      "runs": 3,
      "hookTiming": 5.29999999999806
    },
    "scroll-down": {
      "rangeStart": 0,
      "rangeEnd": 16723,
      "total": 16723,
      "categories": {
        "other": 175.3663333333163,
        "rendering": 21.453000000260847,
        "painting": 24.284000000033604,
        "scripting": 134.16400000007536,
        "idle": 16367.51099999965
      },
      "updateCounters": {
        "sampleCount": 501,
        "jsHeapMinBytes": 26812109.333333332,
        "jsHeapMaxBytes": 33322002.666666668,
        "jsHeapMinLabel": "26812 kb",
        "jsHeapMaxLabel": "33.3 Mb",
        "documentsMin": 2,
        "documentsMax": 2,
        "nodesMin": 150268,
        "nodesMax": 150329,
        "listenersMin": 156,
        "listenersMax": 156
      },
      "runs": 3
    },
    "scroll-left": {
      "rangeStart": 0,
      "rangeEnd": 16701,
      "total": 16701,
      "categories": {
        "other": 513.8299999982918,
        "rendering": 2218.218999999595,
        "painting": 627.9173333330158,
        "scripting": 2402.0326666677597,
        "idle": 10939.444333334677
      },
      "updateCounters": {
        "sampleCount": 3041,
        "jsHeapMinBytes": 15705261.333333334,
        "jsHeapMaxBytes": 34241153.333333336,
        "jsHeapMinLabel": "15705 kb",
        "jsHeapMaxLabel": "34.2 Mb",
        "documentsMin": 2,
        "documentsMax": 2,
        "nodesMin": 1078,
        "nodesMax": 1170,
        "listenersMin": 156,
        "listenersMax": 156
      },
      "runs": 3
    },
    "scroll-right": {
      "rangeStart": 0,
      "rangeEnd": 13605,
      "total": 13605,
      "categories": {
        "rendering": 330.69366666705656,
        "scripting": 400.7456666676351,
        "painting": 104.54000000009546,
        "other": 166.6596666669062,
        "idle": 12602.113049998297
      },
      "updateCounters": {
        "sampleCount": 861,
        "jsHeapMinBytes": 16068740,
        "jsHeapMaxBytes": 21178534.666666668,
        "jsHeapMinLabel": "16069 kb",
        "jsHeapMaxLabel": "21.2 Mb",
        "documentsMin": 2,
        "documentsMax": 2,
        "nodesMin": 1078,
        "nodesMax": 1109,
        "listenersMin": 156,
        "listenersMax": 156
      },
      "runs": 3
    },
    "scroll-up": {
      "rangeStart": 0,
      "rangeEnd": 14549,
      "total": 14549,
      "categories": {
        "other": 299.9529999972189,
        "rendering": 1791.0693333344534,
        "scripting": 1884.0123333341573,
        "painting": 427.94366666742525,
        "idle": 10145.507866666749
      },
      "updateCounters": {
        "sampleCount": 929,
        "jsHeapMinBytes": 27619262.666666668,
        "jsHeapMaxBytes": 58620010.666666664,
        "jsHeapMinLabel": "27619 kb",
        "jsHeapMaxLabel": "58.6 Mb",
        "documentsMin": 2,
        "documentsMax": 2,
        "nodesMin": 150273,
        "nodesMax": 150747,
        "listenersMin": 156,
        "listenersMax": 156
      },
      "runs": 3
    },
    "sorting": {
      "rangeStart": 0,
      "rangeEnd": 375,
      "total": 375,
      "categories": {
        "other": 365.78556666678145,
        "rendering": 1.563383333326783,
        "scripting": 5.635066666662694,
        "painting": 0.0366666666426075,
        "idle": 2.0646666665949547
      },
      "updateCounters": {
        "sampleCount": 2,
        "jsHeapMinBytes": 142081564,
        "jsHeapMaxBytes": 147698292,
        "jsHeapMinLabel": "142082 kb",
        "jsHeapMaxLabel": "147.7 Mb",
        "documentsMin": 4,
        "documentsMax": 4,
        "nodesMin": 1913,
        "nodesMax": 1915,
        "listenersMin": 143,
        "listenersMax": 143
      },
      "runs": 3,
      "hookTiming": 12.633333333321692
    }
  }
}