{
  "timestamp": "2026-06-10T07:40:56.509Z",
  "scenarios": {
    "cell-editing": {
      "rangeStart": 0,
      "rangeEnd": 2977,
      "total": 2977,
      "categories": {
        "other": 253.6086666665459,
        "rendering": 296.5606666663177,
        "scripting": 445.9860000005815,
        "painting": 65.64300000004975,
        "idle": 1914.9533333331735
      },
      "updateCounters": {
        "sampleCount": 2123,
        "jsHeapMinBytes": 14991469.333333334,
        "jsHeapMaxBytes": 28094652,
        "jsHeapMinLabel": "14991 kb",
        "jsHeapMaxLabel": "28.1 Mb",
        "documentsMin": 1,
        "documentsMax": 1,
        "nodesMin": 1030,
        "nodesMax": 1109,
        "listenersMin": 175,
        "listenersMax": 331
      },
      "runs": 3
    },
    "filtering": {
      "rangeStart": 0,
      "rangeEnd": 368,
      "total": 368,
      "categories": {
        "other": 351.7579166666981,
        "rendering": 2.356816666637315,
        "scripting": 12.032166666666667,
        "painting": 0,
        "idle": 1.5773333333296857
      },
      "updateCounters": {
        "sampleCount": 1,
        "jsHeapMinBytes": 157733104,
        "jsHeapMaxBytes": 157733104,
        "jsHeapMinLabel": "157733 kb",
        "jsHeapMaxLabel": "157.7 Mb",
        "documentsMin": 3,
        "documentsMax": 3,
        "nodesMin": 1983,
        "nodesMax": 1983,
        "listenersMin": 201,
        "listenersMax": 201
      },
      "runs": 3,
      "hookTiming": 4.466666666674428
    },
    "scroll-down": {
      "rangeStart": 0,
      "rangeEnd": 16725,
      "total": 16725,
      "categories": {
        "other": 235.62400000024135,
        "rendering": 27.725666666665347,
        "painting": 32.19133333332138,
        "scripting": 150.35233333328722,
        "idle": 16278.836333333145
      },
      "updateCounters": {
        "sampleCount": 501,
        "jsHeapMinBytes": 26585106.666666668,
        "jsHeapMaxBytes": 29886572,
        "jsHeapMinLabel": "26585 kb",
        "jsHeapMaxLabel": "29.9 Mb",
        "documentsMin": 1,
        "documentsMax": 1,
        "nodesMin": 150268,
        "nodesMax": 150268,
        "listenersMin": 158,
        "listenersMax": 158
      },
      "runs": 3
    },
    "scroll-left": {
      "rangeStart": 0,
      "rangeEnd": 16703,
      "total": 16703,
      "categories": {
        "other": 600.1096666651648,
        "rendering": 2417.158333334936,
        "painting": 802.6236666669041,
        "scripting": 2709.0566666666105,
        "idle": 10173.788333333048
      },
      "updateCounters": {
        "sampleCount": 3041,
        "jsHeapMinBytes": 15689518.666666666,
        "jsHeapMaxBytes": 30579093.333333332,
        "jsHeapMinLabel": "15690 kb",
        "jsHeapMaxLabel": "30.6 Mb",
        "documentsMin": 1,
        "documentsMax": 1,
        "nodesMin": 1078,
        "nodesMax": 1078,
        "listenersMin": 158,
        "listenersMax": 158
      },
      "runs": 3
    },
    "scroll-right": {
      "rangeStart": 0,
      "rangeEnd": 13609,
      "total": 13609,
      "categories": {
        "rendering": 356.54666666672955,
        "scripting": 462.7770000003536,
        "painting": 136.0663333343109,
        "other": 242.58366666631136,
        "idle": 12411.575683332281
      },
      "updateCounters": {
        "sampleCount": 860,
        "jsHeapMinBytes": 16129534.666666666,
        "jsHeapMaxBytes": 21186354.666666668,
        "jsHeapMinLabel": "16130 kb",
        "jsHeapMaxLabel": "21.2 Mb",
        "documentsMin": 1,
        "documentsMax": 1,
        "nodesMin": 1078,
        "nodesMax": 1078,
        "listenersMin": 158,
        "listenersMax": 158
      },
      "runs": 3
    },
    "scroll-up": {
      "rangeStart": 0,
      "rangeEnd": 14542,
      "total": 14542,
      "categories": {
        "other": 344.6953333338649,
        "rendering": 1862.0239999980356,
        "scripting": 1859.150333335813,
        "painting": 512.2283333338564,
        "idle": 9963.893983331742
      },
      "updateCounters": {
        "sampleCount": 928,
        "jsHeapMinBytes": 27853326.666666668,
        "jsHeapMaxBytes": 56461393.333333336,
        "jsHeapMinLabel": "27853 kb",
        "jsHeapMaxLabel": "56.5 Mb",
        "documentsMin": 1,
        "documentsMax": 1,
        "nodesMin": 150268,
        "nodesMax": 150272,
        "listenersMin": 158,
        "listenersMax": 158
      },
      "runs": 3
    },
    "sorting": {
      "rangeStart": 0,
      "rangeEnd": 352,
      "total": 352,
      "categories": {
        "other": 345.4018333333431,
        "rendering": 0.6912000000205202,
        "scripting": 4.778650000015895,
        "painting": 0,
        "idle": 1.2199999999914628
      },
      "updateCounters": null,
      "runs": 3,
      "hookTiming": 13.200000000011642
    }
  }
}