{
  "timestamp": "2026-06-09T06:01:55.151Z",
  "scenarios": {
    "cell-editing": {
      "rangeStart": 0,
      "rangeEnd": 2351,
      "total": 2351,
      "categories": {
        "other": 157.247999999546,
        "rendering": 144.54533333350506,
        "scripting": 231.709000000056,
        "painting": 30.424000000020897,
        "idle": 1787.0773333335383
      },
      "updateCounters": {
        "sampleCount": 2123,
        "jsHeapMinBytes": 15418082.666666666,
        "jsHeapMaxBytes": 28774850.666666668,
        "jsHeapMinLabel": "15418 kb",
        "jsHeapMaxLabel": "28.8 Mb",
        "documentsMin": 2,
        "documentsMax": 2,
        "nodesMin": 1032,
        "nodesMax": 1101,
        "listenersMin": 176,
        "listenersMax": 312
      },
      "runs": 3
    },
    "filtering": {
      "rangeStart": 0,
      "rangeEnd": 249,
      "total": 249,
      "categories": {
        "other": 237.87293333334333,
        "rendering": 2.156233333327691,
        "scripting": 7.5285166666663725,
        "painting": 0,
        "idle": 0.833666666658246
      },
      "updateCounters": {
        "sampleCount": 2,
        "jsHeapMinBytes": 155743752,
        "jsHeapMaxBytes": 155743826,
        "jsHeapMinLabel": "155744 kb",
        "jsHeapMaxLabel": "155.7 Mb",
        "documentsMin": 4,
        "documentsMax": 4,
        "nodesMin": 1983,
        "nodesMax": 1983,
        "listenersMin": 201,
        "listenersMax": 201
      },
      "runs": 3,
      "hookTiming": 3.0666666666656965
    },
    "scroll-down": {
      "rangeStart": 0,
      "rangeEnd": 16685,
      "total": 16685,
      "categories": {
        "other": 100.46466666663287,
        "rendering": 13.61166666674641,
        "painting": 13.933666666630112,
        "scripting": 85.53900000001393,
        "idle": 16470.986999999976
      },
      "updateCounters": {
        "sampleCount": 501,
        "jsHeapMinBytes": 26856450.666666668,
        "jsHeapMaxBytes": 29205710.666666668,
        "jsHeapMinLabel": "26856 kb",
        "jsHeapMaxLabel": "29.2 Mb",
        "documentsMin": 2,
        "documentsMax": 2,
        "nodesMin": 150270,
        "nodesMax": 150270,
        "listenersMin": 158,
        "listenersMax": 158
      },
      "runs": 3
    },
    "scroll-left": {
      "rangeStart": 0,
      "rangeEnd": 16683,
      "total": 16683,
      "categories": {
        "other": 360.9659999995424,
        "rendering": 1435.9466666674416,
        "scripting": 1454.1789999997293,
        "painting": 486.4839999993371,
        "idle": 12945.071666667267
      },
      "updateCounters": {
        "sampleCount": 3042,
        "jsHeapMinBytes": 16170090.666666666,
        "jsHeapMaxBytes": 30303832,
        "jsHeapMinLabel": "16170 kb",
        "jsHeapMaxLabel": "30.3 Mb",
        "documentsMin": 2,
        "documentsMax": 2,
        "nodesMin": 1080,
        "nodesMax": 1080,
        "listenersMin": 158,
        "listenersMax": 158
      },
      "runs": 3
    },
    "scroll-right": {
      "rangeStart": 0,
      "rangeEnd": 13581,
      "total": 13581,
      "categories": {
        "rendering": 196.39266666664238,
        "scripting": 228.40066666666726,
        "painting": 73.82733333311626,
        "other": 98.0083333332402,
        "idle": 12984.246450000335
      },
      "updateCounters": {
        "sampleCount": 861,
        "jsHeapMinBytes": 16512337.333333334,
        "jsHeapMaxBytes": 21429778.666666668,
        "jsHeapMinLabel": "16512 kb",
        "jsHeapMaxLabel": "21.4 Mb",
        "documentsMin": 2,
        "documentsMax": 2,
        "nodesMin": 1080,
        "nodesMax": 1080,
        "listenersMin": 158,
        "listenersMax": 158
      },
      "runs": 3
    },
    "scroll-up": {
      "rangeStart": 0,
      "rangeEnd": 14502,
      "total": 14502,
      "categories": {
        "other": 230.5843333354538,
        "rendering": 1152.2573333342054,
        "scripting": 1081.9349999992828,
        "painting": 307.5309999996486,
        "idle": 11729.797716664752
      },
      "updateCounters": {
        "sampleCount": 929,
        "jsHeapMinBytes": 27818922.666666668,
        "jsHeapMaxBytes": 56694813.333333336,
        "jsHeapMinLabel": "27819 kb",
        "jsHeapMaxLabel": "56.7 Mb",
        "documentsMin": 2,
        "documentsMax": 2,
        "nodesMin": 150270,
        "nodesMax": 150274,
        "listenersMin": 158,
        "listenersMax": 158
      },
      "runs": 3
    },
    "sorting": {
      "rangeStart": 0,
      "rangeEnd": 244,
      "total": 244,
      "categories": {
        "other": 238.3604166666538,
        "rendering": 0.8372500000017075,
        "scripting": 4.2236666666666665,
        "painting": 0.4380000000043462,
        "idle": 0.5256666666828096
      },
      "updateCounters": {
        "sampleCount": 1,
        "jsHeapMinBytes": 154744724,
        "jsHeapMaxBytes": 154744724,
        "jsHeapMinLabel": "154745 kb",
        "jsHeapMaxLabel": "154.7 Mb",
        "documentsMin": 4,
        "documentsMax": 4,
        "nodesMin": 1911,
        "nodesMax": 1911,
        "listenersMin": 145,
        "listenersMax": 145
      },
      "runs": 3,
      "hookTiming": 7.400000000003881
    }
  }
}