{
  "timestamp": "2026-06-15T10:54:11.588Z",
  "scenarios": {
    "cell-editing": {
      "rangeStart": 0,
      "rangeEnd": 2849,
      "total": 2849,
      "categories": {
        "other": 231.12766666690513,
        "rendering": 263.2903333334737,
        "scripting": 443.09499999983603,
        "painting": 53.90933333333911,
        "idle": 1857.3826666664488
      },
      "updateCounters": {
        "sampleCount": 2124,
        "jsHeapMinBytes": 14991634.666666666,
        "jsHeapMaxBytes": 28308693.333333332,
        "jsHeapMinLabel": "14992 kb",
        "jsHeapMaxLabel": "28.3 Mb",
        "documentsMin": 1,
        "documentsMax": 1,
        "nodesMin": 1029,
        "nodesMax": 1101,
        "listenersMin": 175,
        "listenersMax": 316
      },
      "runs": 3
    },
    "filtering": {
      "rangeStart": 0,
      "rangeEnd": 352,
      "total": 352,
      "categories": {
        "other": 336.5792000000104,
        "rendering": 2.5371833333289637,
        "scripting": 11.514666666666665,
        "painting": 0,
        "idle": 1.1983333333288708
      },
      "updateCounters": {
        "sampleCount": 1,
        "jsHeapMinBytes": 157542428,
        "jsHeapMaxBytes": 157542477.33333334,
        "jsHeapMinLabel": "157542 kb",
        "jsHeapMaxLabel": "157.5 Mb",
        "documentsMin": 3,
        "documentsMax": 3,
        "nodesMin": 1983,
        "nodesMax": 1983,
        "listenersMin": 201,
        "listenersMax": 201
      },
      "runs": 3,
      "hookTiming": 1.8333333333333333
    },
    "scroll-down": {
      "rangeStart": 0,
      "rangeEnd": 16727,
      "total": 16727,
      "categories": {
        "other": 143.36600000013723,
        "rendering": 19.389000000344822,
        "painting": 20.76866666631152,
        "scripting": 118.73966666676074,
        "idle": 16424.547666666444
      },
      "updateCounters": {
        "sampleCount": 501,
        "jsHeapMinBytes": 26719448,
        "jsHeapMaxBytes": 34653474.666666664,
        "jsHeapMinLabel": "26719 kb",
        "jsHeapMaxLabel": "34.7 Mb",
        "documentsMin": 1,
        "documentsMax": 1,
        "nodesMin": 150268,
        "nodesMax": 150268,
        "listenersMin": 158,
        "listenersMax": 158
      },
      "runs": 3
    },
    "scroll-left": {
      "rangeStart": 0,
      "rangeEnd": 16706,
      "total": 16706,
      "categories": {
        "other": 482.5343333326254,
        "scripting": 2393.213999999513,
        "rendering": 2054.156333333454,
        "painting": 673.4193333336734,
        "idle": 11102.705666667394
      },
      "updateCounters": {
        "sampleCount": 3042,
        "jsHeapMinBytes": 15465625.333333334,
        "jsHeapMaxBytes": 30561676,
        "jsHeapMinLabel": "15466 kb",
        "jsHeapMaxLabel": "30.6 Mb",
        "documentsMin": 1,
        "documentsMax": 1,
        "nodesMin": 1078,
        "nodesMax": 1078,
        "listenersMin": 158,
        "listenersMax": 158
      },
      "runs": 3
    },
    "scroll-right": {
      "rangeStart": 0,
      "rangeEnd": 13601,
      "total": 13601,
      "categories": {
        "rendering": 300.10033333534375,
        "scripting": 389.77733333372015,
        "painting": 110.1630000002721,
        "other": 150.77499999790794,
        "idle": 12650.074649999404
      },
      "updateCounters": {
        "sampleCount": 861,
        "jsHeapMinBytes": 16172962.666666666,
        "jsHeapMaxBytes": 21194724,
        "jsHeapMinLabel": "16173 kb",
        "jsHeapMaxLabel": "21.2 Mb",
        "documentsMin": 1,
        "documentsMax": 1,
        "nodesMin": 1078,
        "nodesMax": 1078,
        "listenersMin": 158,
        "listenersMax": 158
      },
      "runs": 3
    },
    "scroll-up": {
      "rangeStart": 0,
      "rangeEnd": 14537,
      "total": 14537,
      "categories": {
        "other": 260.2400000004405,
        "rendering": 1655.8143333326832,
        "scripting": 1654.8940000011123,
        "painting": 403.98133333291236,
        "idle": 10561.762799999502
      },
      "updateCounters": {
        "sampleCount": 928,
        "jsHeapMinBytes": 27862074.666666668,
        "jsHeapMaxBytes": 56656173.333333336,
        "jsHeapMinLabel": "27862 kb",
        "jsHeapMaxLabel": "56.7 Mb",
        "documentsMin": 1,
        "documentsMax": 1,
        "nodesMin": 150268,
        "nodesMax": 150272,
        "listenersMin": 158,
        "listenersMax": 158
      },
      "runs": 3
    },
    "sorting": {
      "rangeStart": 0,
      "rangeEnd": 349,
      "total": 349,
      "categories": {
        "other": 333.26020000003837,
        "rendering": 3.1537999999709427,
        "scripting": 11.478183333315577,
        "painting": 0.2883833333229025,
        "idle": 1.2686666666413657
      },
      "updateCounters": {
        "sampleCount": 1,
        "jsHeapMinBytes": 153803716,
        "jsHeapMaxBytes": 153803716,
        "jsHeapMinLabel": "153804 kb",
        "jsHeapMaxLabel": "153.8 Mb",
        "documentsMin": 3,
        "documentsMax": 3,
        "nodesMin": 1909,
        "nodesMax": 1909,
        "listenersMin": 145,
        "listenersMax": 145
      },
      "runs": 3,
      "hookTiming": 3.366666666639503
    }
  }
}