{
  "timestamp": "2026-05-13T08:15:07.499Z",
  "scenarios": {
    "cell-editing": {
      "rangeStart": 0,
      "rangeEnd": 2757,
      "total": 2757,
      "categories": {
        "other": 220.672333333178,
        "rendering": 241.16966666636776,
        "scripting": 411.4973333334323,
        "painting": 46.91833333337369,
        "idle": 1837.4293333336489
      },
      "updateCounters": {
        "sampleCount": 2102,
        "jsHeapMinBytes": 15298196,
        "jsHeapMaxBytes": 27619372,
        "jsHeapMinLabel": "15298 kb",
        "jsHeapMaxLabel": "27.6 Mb",
        "documentsMin": 2,
        "documentsMax": 2,
        "nodesMin": 1030,
        "nodesMax": 1103,
        "listenersMin": 176,
        "listenersMax": 319
      },
      "runs": 3
    },
    "filtering": {
      "rangeStart": 0,
      "rangeEnd": 355,
      "total": 355,
      "categories": {
        "other": 339.12900000000053,
        "rendering": 2.0130000000014356,
        "scripting": 12.40175,
        "painting": 0,
        "idle": 1.2943333333338767
      },
      "updateCounters": {
        "sampleCount": 1,
        "jsHeapMinBytes": 156165936,
        "jsHeapMaxBytes": 156165936,
        "jsHeapMinLabel": "156166 kb",
        "jsHeapMaxLabel": "156.2 Mb",
        "documentsMin": 4,
        "documentsMax": 4,
        "nodesMin": 1981,
        "nodesMax": 1981,
        "listenersMin": 201,
        "listenersMax": 201
      },
      "runs": 3,
      "hookTiming": 4.599999999996119
    },
    "scroll-down": {
      "rangeStart": 0,
      "rangeEnd": 16718,
      "total": 16718,
      "categories": {
        "other": 161.3320000001288,
        "rendering": 21.4816666667078,
        "painting": 23.00866666669026,
        "scripting": 122.83133333316262,
        "idle": 16389.49499999997
      },
      "updateCounters": {
        "sampleCount": 501,
        "jsHeapMinBytes": 26920846.666666668,
        "jsHeapMaxBytes": 30277060,
        "jsHeapMinLabel": "26921 kb",
        "jsHeapMaxLabel": "30.3 Mb",
        "documentsMin": 2,
        "documentsMax": 2,
        "nodesMin": 150268,
        "nodesMax": 150305,
        "listenersMin": 158,
        "listenersMax": 158
      },
      "runs": 3
    },
    "scroll-left": {
      "rangeStart": 0,
      "rangeEnd": 16681,
      "total": 16681,
      "categories": {
        "other": 501.47933333284027,
        "rendering": 2182.350999999869,
        "scripting": 2254.885333333578,
        "painting": 610.2590000004275,
        "idle": 11132.134666666621
      },
      "updateCounters": {
        "sampleCount": 3042,
        "jsHeapMinBytes": 16056198.666666666,
        "jsHeapMaxBytes": 30790830.666666668,
        "jsHeapMinLabel": "16056 kb",
        "jsHeapMaxLabel": "30.8 Mb",
        "documentsMin": 2,
        "documentsMax": 2,
        "nodesMin": 1078,
        "nodesMax": 1171,
        "listenersMin": 158,
        "listenersMax": 158
      },
      "runs": 3
    },
    "scroll-right": {
      "rangeStart": 0,
      "rangeEnd": 13605,
      "total": 13605,
      "categories": {
        "rendering": 331.02499999998446,
        "scripting": 383.39800000030937,
        "painting": 105.20400000047327,
        "other": 168.89233333400838,
        "idle": 12616.25896666524
      },
      "updateCounters": {
        "sampleCount": 860,
        "jsHeapMinBytes": 16433754.666666666,
        "jsHeapMaxBytes": 21430932,
        "jsHeapMinLabel": "16434 kb",
        "jsHeapMaxLabel": "21.4 Mb",
        "documentsMin": 2,
        "documentsMax": 2,
        "nodesMin": 1078,
        "nodesMax": 1110,
        "listenersMin": 158,
        "listenersMax": 158
      },
      "runs": 3
    },
    "scroll-up": {
      "rangeStart": 0,
      "rangeEnd": 14549,
      "total": 14549,
      "categories": {
        "other": 279.5796666662966,
        "rendering": 1802.4966666681382,
        "scripting": 1796.4726666644776,
        "painting": 428.7936666670527,
        "idle": 10241.281783334038
      },
      "updateCounters": {
        "sampleCount": 927,
        "jsHeapMinBytes": 28091574.666666668,
        "jsHeapMaxBytes": 56632465.333333336,
        "jsHeapMinLabel": "28092 kb",
        "jsHeapMaxLabel": "56.6 Mb",
        "documentsMin": 2,
        "documentsMax": 2,
        "nodesMin": 150274,
        "nodesMax": 150753,
        "listenersMin": 158,
        "listenersMax": 158
      },
      "runs": 3
    },
    "sorting": {
      "rangeStart": 0,
      "rangeEnd": 347,
      "total": 347,
      "categories": {
        "other": 340.19001666667515,
        "rendering": 0.08933333332727973,
        "scripting": 4.938466666658719,
        "painting": 0,
        "idle": 1.9309999999823049
      },
      "updateCounters": {
        "sampleCount": 2,
        "jsHeapMinBytes": 141832984,
        "jsHeapMaxBytes": 147203144,
        "jsHeapMinLabel": "141833 kb",
        "jsHeapMaxLabel": "147.2 Mb",
        "documentsMin": 4,
        "documentsMax": 4,
        "nodesMin": 1913,
        "nodesMax": 1915,
        "listenersMin": 145,
        "listenersMax": 145
      },
      "runs": 3,
      "hookTiming": 13.666666666666666
    }
  }
}