{
  "timestamp": "2026-04-20T11:31:32.551Z",
  "scenarios": {
    "cell-editing": {
      "rangeStart": 0,
      "rangeEnd": 2694,
      "total": 2694,
      "categories": {
        "other": 211.6719999999318,
        "rendering": 226.62833333357898,
        "scripting": 390.4263333334349,
        "painting": 43.16399999995095,
        "idle": 1822.181666666438
      },
      "updateCounters": {
        "sampleCount": 2102,
        "jsHeapMinBytes": 15169596,
        "jsHeapMaxBytes": 28135789.333333332,
        "jsHeapMinLabel": "15170 kb",
        "jsHeapMaxLabel": "28.1 Mb",
        "documentsMin": 2,
        "documentsMax": 2,
        "nodesMin": 1030,
        "nodesMax": 1107,
        "listenersMin": 173,
        "listenersMax": 325
      },
      "runs": 3
    },
    "filtering": {
      "rangeStart": 0,
      "rangeEnd": 355,
      "total": 355,
      "categories": {
        "other": 339.24066666663293,
        "rendering": 1.9516666666895617,
        "scripting": 12.025449999998015,
        "painting": 0,
        "idle": 1.5663333333368048
      },
      "updateCounters": {
        "sampleCount": 1,
        "jsHeapMinBytes": 149176714,
        "jsHeapMaxBytes": 149176714,
        "jsHeapMinLabel": "149177 kb",
        "jsHeapMaxLabel": "149.2 Mb",
        "documentsMin": 4,
        "documentsMax": 4,
        "nodesMin": 1984,
        "nodesMax": 1984,
        "listenersMin": 199,
        "listenersMax": 199
      },
      "runs": 3,
      "hookTiming": 4.399999999994179
    },
    "scroll-down": {
      "rangeStart": 0,
      "rangeEnd": 16710,
      "total": 16710,
      "categories": {
        "other": 141.63533333313543,
        "rendering": 19.160333334390696,
        "painting": 19.615333333669696,
        "scripting": 108.8113333337338,
        "idle": 16420.33533333176
      },
      "updateCounters": {
        "sampleCount": 501,
        "jsHeapMinBytes": 26857777.333333332,
        "jsHeapMaxBytes": 31001586.666666668,
        "jsHeapMinLabel": "26858 kb",
        "jsHeapMaxLabel": "31.0 Mb",
        "documentsMin": 2,
        "documentsMax": 2,
        "nodesMin": 150268,
        "nodesMax": 150307,
        "listenersMin": 156,
        "listenersMax": 156
      },
      "runs": 3
    },
    "scroll-left": {
      "rangeStart": 0,
      "rangeEnd": 16698,
      "total": 16698,
      "categories": {
        "scripting": 2132.401333333953,
        "other": 485.22666666560696,
        "rendering": 2135.058000001125,
        "painting": 575.8986666664326,
        "idle": 11369.707999999519
      },
      "updateCounters": {
        "sampleCount": 3041,
        "jsHeapMinBytes": 15626572,
        "jsHeapMaxBytes": 30475850.666666668,
        "jsHeapMinLabel": "15627 kb",
        "jsHeapMaxLabel": "30.5 Mb",
        "documentsMin": 2,
        "documentsMax": 2,
        "nodesMin": 1078,
        "nodesMax": 1170,
        "listenersMin": 156,
        "listenersMax": 156
      },
      "runs": 3
    },
    "scroll-right": {
      "rangeStart": 0,
      "rangeEnd": 13601,
      "total": 13601,
      "categories": {
        "rendering": 304.4249999997555,
        "scripting": 335.70599999976235,
        "painting": 92.68299999959224,
        "other": 138.93100000175835,
        "idle": 12729.347616665802
      },
      "updateCounters": {
        "sampleCount": 860,
        "jsHeapMinBytes": 16365185.333333334,
        "jsHeapMaxBytes": 21361896,
        "jsHeapMinLabel": "16365 kb",
        "jsHeapMaxLabel": "21.4 Mb",
        "documentsMin": 2,
        "documentsMax": 2,
        "nodesMin": 1078,
        "nodesMax": 1109,
        "listenersMin": 156,
        "listenersMax": 156
      },
      "runs": 3
    },
    "scroll-up": {
      "rangeStart": 0,
      "rangeEnd": 14543,
      "total": 14543,
      "categories": {
        "other": 245.21766666245802,
        "rendering": 1670.5696666663669,
        "scripting": 1593.6650000007312,
        "painting": 356.7200000006317,
        "idle": 10677.31940000318
      },
      "updateCounters": {
        "sampleCount": 927,
        "jsHeapMinBytes": 27994356,
        "jsHeapMaxBytes": 56573018.666666664,
        "jsHeapMinLabel": "27994 kb",
        "jsHeapMaxLabel": "56.6 Mb",
        "documentsMin": 2,
        "documentsMax": 2,
        "nodesMin": 150274,
        "nodesMax": 150753,
        "listenersMin": 156,
        "listenersMax": 156
      },
      "runs": 3
    },
    "sorting": {
      "rangeStart": 0,
      "rangeEnd": 347,
      "total": 347,
      "categories": {
        "other": 340.67463333329493,
        "rendering": 0.3464333333540708,
        "scripting": 5.055433333317439,
        "painting": 0,
        "idle": 1.0600000000170742
      },
      "updateCounters": {
        "sampleCount": 1,
        "jsHeapMinBytes": 163148572,
        "jsHeapMaxBytes": 163148572,
        "jsHeapMinLabel": "163149 kb",
        "jsHeapMaxLabel": "163.1 Mb",
        "documentsMin": 4,
        "documentsMax": 4,
        "nodesMin": 1915,
        "nodesMax": 1915,
        "listenersMin": 143,
        "listenersMax": 143
      },
      "runs": 3,
      "hookTiming": 12.500000000038805
    }
  }
}