{
  "timestamp": "2026-04-30T06:45:45.231Z",
  "scenarios": {
    "cell-editing": {
      "rangeStart": 0,
      "rangeEnd": 2532,
      "total": 2532,
      "categories": {
        "other": 187.49266666615904,
        "rendering": 186.89766666674404,
        "scripting": 313.5780000001291,
        "painting": 35.75433333350035,
        "idle": 1808.2866666668076
      },
      "updateCounters": {
        "sampleCount": 2104,
        "jsHeapMinBytes": 15201773.333333334,
        "jsHeapMaxBytes": 28576418.666666668,
        "jsHeapMinLabel": "15202 kb",
        "jsHeapMaxLabel": "28.6 Mb",
        "documentsMin": 2,
        "documentsMax": 2,
        "nodesMin": 1029,
        "nodesMax": 1098,
        "listenersMin": 175,
        "listenersMax": 309
      },
      "runs": 3
    },
    "filtering": {
      "rangeStart": 0,
      "rangeEnd": 307,
      "total": 307,
      "categories": {
        "other": 292.58538333333735,
        "rendering": 2.058949999996306,
        "scripting": 10.558449999998013,
        "painting": 0.01133333332836628,
        "idle": 1.4646666666667443
      },
      "updateCounters": {
        "sampleCount": 1,
        "jsHeapMinBytes": 154886356,
        "jsHeapMaxBytes": 154886356,
        "jsHeapMinLabel": "154886 kb",
        "jsHeapMaxLabel": "154.9 Mb",
        "documentsMin": 4,
        "documentsMax": 4,
        "nodesMin": 1981,
        "nodesMax": 1981,
        "listenersMin": 201,
        "listenersMax": 201
      },
      "runs": 3,
      "hookTiming": 3.5666666666608458
    },
    "scroll-down": {
      "rangeStart": 0,
      "rangeEnd": 16708,
      "total": 16708,
      "categories": {
        "other": 134.43566666841312,
        "rendering": 18.00233333328894,
        "painting": 18.51899999953457,
        "scripting": 107.33599999975802,
        "idle": 16429.62633333234
      },
      "updateCounters": {
        "sampleCount": 501,
        "jsHeapMinBytes": 26886810.666666668,
        "jsHeapMaxBytes": 30365921.333333332,
        "jsHeapMinLabel": "26887 kb",
        "jsHeapMaxLabel": "30.4 Mb",
        "documentsMin": 2,
        "documentsMax": 2,
        "nodesMin": 150268,
        "nodesMax": 150305,
        "listenersMin": 158,
        "listenersMax": 158
      },
      "runs": 3
    },
    "scroll-left": {
      "rangeStart": 0,
      "rangeEnd": 16725,
      "total": 16725,
      "categories": {
        "rendering": 1781.4686666679336,
        "scripting": 1714.345666667019,
        "painting": 491.952666666999,
        "other": 417.1123333318592,
        "idle": 12319.732999999533
      },
      "updateCounters": {
        "sampleCount": 3042,
        "jsHeapMinBytes": 15928889.333333334,
        "jsHeapMaxBytes": 30417194.666666668,
        "jsHeapMinLabel": "15929 kb",
        "jsHeapMaxLabel": "30.4 Mb",
        "documentsMin": 2,
        "documentsMax": 2,
        "nodesMin": 1078,
        "nodesMax": 1170,
        "listenersMin": 158,
        "listenersMax": 158
      },
      "runs": 3
    },
    "scroll-right": {
      "rangeStart": 0,
      "rangeEnd": 13588,
      "total": 13588,
      "categories": {
        "rendering": 257.0356666651787,
        "scripting": 274.2489999995553,
        "painting": 80.48899999955513,
        "other": 132.31366666838048,
        "idle": 12843.446583334007
      },
      "updateCounters": {
        "sampleCount": 860,
        "jsHeapMinBytes": 16399332,
        "jsHeapMaxBytes": 21397881.333333332,
        "jsHeapMinLabel": "16399 kb",
        "jsHeapMaxLabel": "21.4 Mb",
        "documentsMin": 2,
        "documentsMax": 2,
        "nodesMin": 1078,
        "nodesMax": 1109,
        "listenersMin": 158,
        "listenersMax": 158
      },
      "runs": 3
    },
    "scroll-up": {
      "rangeStart": 0,
      "rangeEnd": 14525,
      "total": 14525,
      "categories": {
        "other": 251.8836666677349,
        "rendering": 1478.0453333350404,
        "scripting": 1392.5916666643298,
        "painting": 350.19533333333675,
        "idle": 11051.931499999579
      },
      "updateCounters": {
        "sampleCount": 927,
        "jsHeapMinBytes": 27827624,
        "jsHeapMaxBytes": 56469213.333333336,
        "jsHeapMinLabel": "27828 kb",
        "jsHeapMaxLabel": "56.5 Mb",
        "documentsMin": 2,
        "documentsMax": 2,
        "nodesMin": 150272,
        "nodesMax": 150747,
        "listenersMin": 158,
        "listenersMax": 158
      },
      "runs": 3
    },
    "sorting": {
      "rangeStart": 0,
      "rangeEnd": 302,
      "total": 302,
      "categories": {
        "other": 294.9932000000513,
        "rendering": 0.6467499999950329,
        "scripting": 4.5914166666666665,
        "painting": 0.0033333333364377418,
        "idle": 1.3716666666247572
      },
      "updateCounters": {
        "sampleCount": 2,
        "jsHeapMinBytes": 141489292,
        "jsHeapMaxBytes": 146851412,
        "jsHeapMinLabel": "141489 kb",
        "jsHeapMaxLabel": "146.9 Mb",
        "documentsMin": 4,
        "documentsMax": 4,
        "nodesMin": 1913,
        "nodesMax": 1915,
        "listenersMin": 145,
        "listenersMax": 145
      },
      "runs": 3,
      "hookTiming": 10.133333333341094
    }
  }
}