{
  "timestamp": "2026-05-05T07:06:39.497Z",
  "scenarios": {
    "cell-editing": {
      "rangeStart": 0,
      "rangeEnd": 2723,
      "total": 2723,
      "categories": {
        "other": 220.3093333335116,
        "rendering": 230.39233333337566,
        "scripting": 393.4400000000763,
        "painting": 43.67933333330924,
        "idle": 1835.383999999729
      },
      "updateCounters": {
        "sampleCount": 2102,
        "jsHeapMinBytes": 15633978.666666666,
        "jsHeapMaxBytes": 29925825.333333332,
        "jsHeapMinLabel": "15634 kb",
        "jsHeapMaxLabel": "29.9 Mb",
        "documentsMin": 2,
        "documentsMax": 2,
        "nodesMin": 1032,
        "nodesMax": 1126,
        "listenersMin": 176,
        "listenersMax": 373
      },
      "runs": 3
    },
    "filtering": {
      "rangeStart": 0,
      "rangeEnd": 370,
      "total": 370,
      "categories": {
        "other": 173.32166666665444,
        "scripting": 191.13716666666383,
        "rendering": 3.4993333333404735,
        "painting": 0.7160000000003492,
        "idle": 1.7270000000038028
      },
      "updateCounters": {
        "sampleCount": 1,
        "jsHeapMinBytes": 147701420,
        "jsHeapMaxBytes": 147701420,
        "jsHeapMinLabel": "147701 kb",
        "jsHeapMaxLabel": "147.7 Mb",
        "documentsMin": 4,
        "documentsMax": 4,
        "nodesMin": 1983,
        "nodesMax": 1983,
        "listenersMin": 201,
        "listenersMax": 201
      },
      "runs": 3,
      "hookTiming": 4.733333333337214
    },
    "scroll-down": {
      "rangeStart": 0,
      "rangeEnd": 16717,
      "total": 16717,
      "categories": {
        "other": 144.94066666643573,
        "rendering": 19.797666666602407,
        "painting": 20.728333333759412,
        "scripting": 119.29800000018254,
        "idle": 16412.415666666366
      },
      "updateCounters": {
        "sampleCount": 501,
        "jsHeapMinBytes": 27018244,
        "jsHeapMaxBytes": 35090370.666666664,
        "jsHeapMinLabel": "27018 kb",
        "jsHeapMaxLabel": "35.1 Mb",
        "documentsMin": 2,
        "documentsMax": 2,
        "nodesMin": 150268,
        "nodesMax": 150293,
        "listenersMin": 158,
        "listenersMax": 158
      },
      "runs": 3
    },
    "scroll-left": {
      "rangeStart": 0,
      "rangeEnd": 16703,
      "total": 16703,
      "categories": {
        "other": 480.33033333308964,
        "rendering": 2132.9306666668563,
        "scripting": 2154.705666666787,
        "painting": 575.5596666669784,
        "idle": 11359.842666666294
      },
      "updateCounters": {
        "sampleCount": 3041,
        "jsHeapMinBytes": 16028509.333333334,
        "jsHeapMaxBytes": 30659413.333333332,
        "jsHeapMinLabel": "16029 kb",
        "jsHeapMaxLabel": "30.7 Mb",
        "documentsMin": 2,
        "documentsMax": 2,
        "nodesMin": 1078,
        "nodesMax": 1170,
        "listenersMin": 158,
        "listenersMax": 158
      },
      "runs": 3
    },
    "scroll-right": {
      "rangeStart": 0,
      "rangeEnd": 13617,
      "total": 13617,
      "categories": {
        "rendering": 306.0023333330755,
        "scripting": 364.03400000071133,
        "painting": 95.44166666618548,
        "other": 164.7206666680396,
        "idle": 12686.314533331994
      },
      "updateCounters": {
        "sampleCount": 861,
        "jsHeapMinBytes": 16407410.666666666,
        "jsHeapMaxBytes": 21400908,
        "jsHeapMinLabel": "16407 kb",
        "jsHeapMaxLabel": "21.4 Mb",
        "documentsMin": 2,
        "documentsMax": 2,
        "nodesMin": 1078,
        "nodesMax": 1109,
        "listenersMin": 158,
        "listenersMax": 158
      },
      "runs": 3
    },
    "scroll-up": {
      "rangeStart": 0,
      "rangeEnd": 14554,
      "total": 14554,
      "categories": {
        "other": 365.39833333304773,
        "rendering": 2099.819333332261,
        "scripting": 1993.384666667375,
        "painting": 507.1680000001409,
        "idle": 9588.49778333384
      },
      "updateCounters": {
        "sampleCount": 927,
        "jsHeapMinBytes": 28098441.333333332,
        "jsHeapMaxBytes": 56670108,
        "jsHeapMinLabel": "28098 kb",
        "jsHeapMaxLabel": "56.7 Mb",
        "documentsMin": 2,
        "documentsMax": 2,
        "nodesMin": 150275,
        "nodesMax": 150755,
        "listenersMin": 158,
        "listenersMax": 158
      },
      "runs": 3
    },
    "sorting": {
      "rangeStart": 0,
      "rangeEnd": 356,
      "total": 356,
      "categories": {
        "other": 346.9567333332727,
        "rendering": 0.7909333333567096,
        "scripting": 5.1706666666666665,
        "painting": 0,
        "idle": 2.3546666666904152
      },
      "updateCounters": {
        "sampleCount": 2,
        "jsHeapMinBytes": 141521560,
        "jsHeapMaxBytes": 146890012,
        "jsHeapMinLabel": "141522 kb",
        "jsHeapMaxLabel": "146.9 Mb",
        "documentsMin": 4,
        "documentsMax": 4,
        "nodesMin": 1913,
        "nodesMax": 1915,
        "listenersMin": 145,
        "listenersMax": 145
      },
      "runs": 3,
      "hookTiming": 12.133333333341094
    }
  }
}