{
  "timestamp": "2026-05-05T06:14:35.481Z",
  "scenarios": {
    "cell-editing": {
      "rangeStart": 0,
      "rangeEnd": 2715,
      "total": 2715,
      "categories": {
        "other": 220.73300000014294,
        "rendering": 225.0666666663116,
        "scripting": 388.4493333335561,
        "painting": 44.369000000044856,
        "idle": 1836.0833333332848
      },
      "updateCounters": {
        "sampleCount": 2102,
        "jsHeapMinBytes": 15241618.666666666,
        "jsHeapMaxBytes": 28144896,
        "jsHeapMinLabel": "15242 kb",
        "jsHeapMaxLabel": "28.1 Mb",
        "documentsMin": 2,
        "documentsMax": 2,
        "nodesMin": 1030,
        "nodesMax": 1112,
        "listenersMin": 175,
        "listenersMax": 332
      },
      "runs": 3
    },
    "filtering": {
      "rangeStart": 0,
      "rangeEnd": 353,
      "total": 353,
      "categories": {
        "other": 338.0896666666785,
        "rendering": 1.9433333333290648,
        "scripting": 11.6085,
        "painting": 0,
        "idle": 1.3223333333347302
      },
      "updateCounters": {
        "sampleCount": 1,
        "jsHeapMinBytes": 155297956,
        "jsHeapMaxBytes": 155297956,
        "jsHeapMinLabel": "155298 kb",
        "jsHeapMaxLabel": "155.3 Mb",
        "documentsMin": 4,
        "documentsMax": 4,
        "nodesMin": 1981,
        "nodesMax": 1981,
        "listenersMin": 201,
        "listenersMax": 201
      },
      "runs": 3,
      "hookTiming": 4.066666666670547
    },
    "scroll-down": {
      "rangeStart": 0,
      "rangeEnd": 16713,
      "total": 16713,
      "categories": {
        "other": 145.1389999993397,
        "rendering": 20.586333334426552,
        "painting": 20.715666666025452,
        "scripting": 112.98033333363719,
        "idle": 16413.739999999892
      },
      "updateCounters": {
        "sampleCount": 501,
        "jsHeapMinBytes": 26910822.666666668,
        "jsHeapMaxBytes": 30500057.333333332,
        "jsHeapMinLabel": "26911 kb",
        "jsHeapMaxLabel": "30.5 Mb",
        "documentsMin": 2,
        "documentsMax": 2,
        "nodesMin": 150268,
        "nodesMax": 150305,
        "listenersMin": 158,
        "listenersMax": 158
      },
      "runs": 3
    },
    "scroll-left": {
      "rangeStart": 0,
      "rangeEnd": 16697,
      "total": 16697,
      "categories": {
        "other": 482.88766666876694,
        "rendering": 2080.076666663226,
        "scripting": 2182.987666667939,
        "painting": 564.946333333035,
        "idle": 11386.338333333688
      },
      "updateCounters": {
        "sampleCount": 3042,
        "jsHeapMinBytes": 15965218.666666666,
        "jsHeapMaxBytes": 30670376,
        "jsHeapMinLabel": "15965 kb",
        "jsHeapMaxLabel": "30.7 Mb",
        "documentsMin": 2,
        "documentsMax": 2,
        "nodesMin": 1078,
        "nodesMax": 1171,
        "listenersMin": 158,
        "listenersMax": 158
      },
      "runs": 3
    },
    "scroll-right": {
      "rangeStart": 0,
      "rangeEnd": 13603,
      "total": 13603,
      "categories": {
        "rendering": 313.6740000002707,
        "scripting": 358.04766666701806,
        "painting": 95.43600000045262,
        "other": 143.09666666655446,
        "idle": 12692.596899999035
      },
      "updateCounters": {
        "sampleCount": 860,
        "jsHeapMinBytes": 16416544,
        "jsHeapMaxBytes": 21413584,
        "jsHeapMinLabel": "16417 kb",
        "jsHeapMaxLabel": "21.4 Mb",
        "documentsMin": 2,
        "documentsMax": 2,
        "nodesMin": 1078,
        "nodesMax": 1109,
        "listenersMin": 158,
        "listenersMax": 158
      },
      "runs": 3
    },
    "scroll-up": {
      "rangeStart": 0,
      "rangeEnd": 14544,
      "total": 14544,
      "categories": {
        "other": 254.1963333374864,
        "rendering": 1736.7030000005423,
        "scripting": 1695.4483333329472,
        "painting": 388.2316666651362,
        "idle": 10469.514649997232
      },
      "updateCounters": {
        "sampleCount": 927,
        "jsHeapMinBytes": 28072172,
        "jsHeapMaxBytes": 56632338.666666664,
        "jsHeapMinLabel": "28072 kb",
        "jsHeapMaxLabel": "56.6 Mb",
        "documentsMin": 2,
        "documentsMax": 2,
        "nodesMin": 150275,
        "nodesMax": 150755,
        "listenersMin": 158,
        "listenersMax": 158
      },
      "runs": 3
    },
    "sorting": {
      "rangeStart": 0,
      "rangeEnd": 344,
      "total": 344,
      "categories": {
        "other": 337.5708666666156,
        "rendering": 0.48361666669370607,
        "scripting": 4.414950000007948,
        "painting": 0,
        "idle": 1.6853333333468374
      },
      "updateCounters": {
        "sampleCount": 2,
        "jsHeapMinBytes": 141966240,
        "jsHeapMaxBytes": 147341532,
        "jsHeapMinLabel": "141966 kb",
        "jsHeapMaxLabel": "147.3 Mb",
        "documentsMin": 4,
        "documentsMax": 4,
        "nodesMin": 1913,
        "nodesMax": 1915,
        "listenersMin": 145,
        "listenersMax": 145
      },
      "runs": 3,
      "hookTiming": 12.66666666668607
    }
  }
}