{
  "timestamp": "2026-05-04T06:52:50.577Z",
  "scenarios": {
    "cell-editing": {
      "rangeStart": 0,
      "rangeEnd": 2819,
      "total": 2819,
      "categories": {
        "other": 233.3576666666868,
        "rendering": 264.25366666792735,
        "scripting": 434.7826666662107,
        "painting": 52.889999999470696,
        "idle": 1833.7489999996808
      },
      "updateCounters": {
        "sampleCount": 2102,
        "jsHeapMinBytes": 15255844,
        "jsHeapMaxBytes": 30069017.333333332,
        "jsHeapMinLabel": "15256 kb",
        "jsHeapMaxLabel": "30.1 Mb",
        "documentsMin": 2,
        "documentsMax": 2,
        "nodesMin": 1030,
        "nodesMax": 1119,
        "listenersMin": 176,
        "listenersMax": 351
      },
      "runs": 3
    },
    "filtering": {
      "rangeStart": 0,
      "rangeEnd": 356,
      "total": 356,
      "categories": {
        "other": 340.38414999999264,
        "rendering": 2.1120000000034147,
        "scripting": 11.646916666675049,
        "painting": 0,
        "idle": 1.6549999999891345
      },
      "updateCounters": {
        "sampleCount": 1,
        "jsHeapMinBytes": 149504400,
        "jsHeapMaxBytes": 149504400,
        "jsHeapMinLabel": "149504 kb",
        "jsHeapMaxLabel": "149.5 Mb",
        "documentsMin": 4,
        "documentsMax": 4,
        "nodesMin": 1984,
        "nodesMax": 1984,
        "listenersMin": 201,
        "listenersMax": 201
      },
      "runs": 3,
      "hookTiming": 4.3333333332945285
    },
    "scroll-down": {
      "rangeStart": 0,
      "rangeEnd": 16723,
      "total": 16723,
      "categories": {
        "other": 185.54933333231227,
        "rendering": 23.689666666168097,
        "painting": 25.380666666237328,
        "scripting": 135.60400000038774,
        "idle": 16353.406000001589
      },
      "updateCounters": {
        "sampleCount": 501,
        "jsHeapMinBytes": 26907065.333333332,
        "jsHeapMaxBytes": 30266729.333333332,
        "jsHeapMinLabel": "26907 kb",
        "jsHeapMaxLabel": "30.3 Mb",
        "documentsMin": 2,
        "documentsMax": 2,
        "nodesMin": 150268,
        "nodesMax": 150305,
        "listenersMin": 158,
        "listenersMax": 158
      },
      "runs": 3
    },
    "scroll-left": {
      "rangeStart": 0,
      "rangeEnd": 16710,
      "total": 16710,
      "categories": {
        "other": 521.8246666652648,
        "rendering": 2274.3156666650902,
        "painting": 634.3143333331682,
        "scripting": 2360.1796666702926,
        "idle": 10918.929333332848
      },
      "updateCounters": {
        "sampleCount": 3041,
        "jsHeapMinBytes": 16013336,
        "jsHeapMaxBytes": 30263252,
        "jsHeapMinLabel": "16013 kb",
        "jsHeapMaxLabel": "30.3 Mb",
        "documentsMin": 2,
        "documentsMax": 2,
        "nodesMin": 1078,
        "nodesMax": 1172,
        "listenersMin": 158,
        "listenersMax": 158
      },
      "runs": 3
    },
    "scroll-right": {
      "rangeStart": 0,
      "rangeEnd": 13601,
      "total": 13601,
      "categories": {
        "rendering": 347.70866666703176,
        "scripting": 401.06066666819964,
        "painting": 108.27133333170786,
        "other": 169.95666666704355,
        "idle": 12573.786266665984
      },
      "updateCounters": {
        "sampleCount": 860,
        "jsHeapMinBytes": 16405802.666666666,
        "jsHeapMaxBytes": 21403272,
        "jsHeapMinLabel": "16406 kb",
        "jsHeapMaxLabel": "21.4 Mb",
        "documentsMin": 2,
        "documentsMax": 2,
        "nodesMin": 1078,
        "nodesMax": 1109,
        "listenersMin": 158,
        "listenersMax": 158
      },
      "runs": 3
    },
    "scroll-up": {
      "rangeStart": 0,
      "rangeEnd": 14554,
      "total": 14554,
      "categories": {
        "other": 296.0096666678954,
        "rendering": 1853.4289999965888,
        "scripting": 1829.9726666680526,
        "painting": 440.7740000016832,
        "idle": 10133.759299999258
      },
      "updateCounters": {
        "sampleCount": 927,
        "jsHeapMinBytes": 28048574.666666668,
        "jsHeapMaxBytes": 56644457.333333336,
        "jsHeapMinLabel": "28049 kb",
        "jsHeapMaxLabel": "56.6 Mb",
        "documentsMin": 2,
        "documentsMax": 2,
        "nodesMin": 150274,
        "nodesMax": 150753,
        "listenersMin": 158,
        "listenersMax": 158
      },
      "runs": 3
    },
    "sorting": {
      "rangeStart": 0,
      "rangeEnd": 347,
      "total": 347,
      "categories": {
        "other": 340.32888333336325,
        "rendering": 0.8564499999241283,
        "scripting": 5.034083333333333,
        "painting": 0,
        "idle": 1.1913333334183942
      },
      "updateCounters": {
        "sampleCount": 1,
        "jsHeapMinBytes": 141791936,
        "jsHeapMaxBytes": 141791936,
        "jsHeapMinLabel": "141792 kb",
        "jsHeapMaxLabel": "141.8 Mb",
        "documentsMin": 4,
        "documentsMax": 4,
        "nodesMin": 1913,
        "nodesMax": 1913,
        "listenersMin": 145,
        "listenersMax": 145
      },
      "runs": 3,
      "hookTiming": 12.566666666728755
    }
  }
}