{
  "timestamp": "2026-05-08T08:36:26.041Z",
  "scenarios": {
    "cell-editing": {
      "rangeStart": 0,
      "rangeEnd": 2712,
      "total": 2712,
      "categories": {
        "other": 219.6810000005147,
        "rendering": 224.81800000059107,
        "scripting": 390.0576666662346,
        "painting": 44.60066666653923,
        "idle": 1833.3916666661196
      },
      "updateCounters": {
        "sampleCount": 2102,
        "jsHeapMinBytes": 15261616,
        "jsHeapMaxBytes": 26564726.666666668,
        "jsHeapMinLabel": "15262 kb",
        "jsHeapMaxLabel": "26.6 Mb",
        "documentsMin": 2,
        "documentsMax": 2,
        "nodesMin": 1030,
        "nodesMax": 1099,
        "listenersMin": 175,
        "listenersMax": 306
      },
      "runs": 3
    },
    "filtering": {
      "rangeStart": 0,
      "rangeEnd": 349,
      "total": 349,
      "categories": {
        "other": 160.8889999999348,
        "scripting": 185.14945000001913,
        "rendering": 2.1714000000307956,
        "painting": 0,
        "idle": 1.1296666666748933
      },
      "updateCounters": {
        "sampleCount": 1,
        "jsHeapMinBytes": 147964190,
        "jsHeapMaxBytes": 147964190,
        "jsHeapMinLabel": "147964 kb",
        "jsHeapMaxLabel": "148.0 Mb",
        "documentsMin": 4,
        "documentsMax": 4,
        "nodesMin": 1983,
        "nodesMax": 1983,
        "listenersMin": 201,
        "listenersMax": 201
      },
      "runs": 3,
      "hookTiming": 4.133333333341095
    },
    "scroll-down": {
      "rangeStart": 0,
      "rangeEnd": 16713,
      "total": 16713,
      "categories": {
        "other": 140.06400000181532,
        "rendering": 19.53099999796056,
        "painting": 20.414666667270165,
        "scripting": 110.08633333310935,
        "idle": 16422.665333333174
      },
      "updateCounters": {
        "sampleCount": 501,
        "jsHeapMinBytes": 26916385.333333332,
        "jsHeapMaxBytes": 30947473.333333332,
        "jsHeapMinLabel": "26916 kb",
        "jsHeapMaxLabel": "30.9 Mb",
        "documentsMin": 2,
        "documentsMax": 2,
        "nodesMin": 150268,
        "nodesMax": 150307,
        "listenersMin": 158,
        "listenersMax": 158
      },
      "runs": 3
    },
    "scroll-left": {
      "rangeStart": 0,
      "rangeEnd": 16707,
      "total": 16707,
      "categories": {
        "other": 476.38966666561265,
        "rendering": 2095.280000002201,
        "scripting": 2100.5743333318624,
        "painting": 567.8746666662046,
        "idle": 11467.135333334096
      },
      "updateCounters": {
        "sampleCount": 3041,
        "jsHeapMinBytes": 16029910.666666666,
        "jsHeapMaxBytes": 30834216,
        "jsHeapMinLabel": "16030 kb",
        "jsHeapMaxLabel": "30.8 Mb",
        "documentsMin": 2,
        "documentsMax": 2,
        "nodesMin": 1078,
        "nodesMax": 1170,
        "listenersMin": 158,
        "listenersMax": 158
      },
      "runs": 3
    },
    "scroll-right": {
      "rangeStart": 0,
      "rangeEnd": 13602,
      "total": 13602,
      "categories": {
        "rendering": 319.5096666669706,
        "scripting": 355.284333333765,
        "painting": 97.60133333310175,
        "other": 147.47533333363245,
        "idle": 12681.975233332525
      },
      "updateCounters": {
        "sampleCount": 860,
        "jsHeapMinBytes": 16427946.666666666,
        "jsHeapMaxBytes": 21425786.666666668,
        "jsHeapMinLabel": "16428 kb",
        "jsHeapMaxLabel": "21.4 Mb",
        "documentsMin": 2,
        "documentsMax": 2,
        "nodesMin": 1078,
        "nodesMax": 1109,
        "listenersMin": 158,
        "listenersMax": 158
      },
      "runs": 3
    },
    "scroll-up": {
      "rangeStart": 0,
      "rangeEnd": 14547,
      "total": 14547,
      "categories": {
        "other": 262.7516666649372,
        "rendering": 1733.3946666682605,
        "scripting": 1692.48100000079,
        "painting": 398.4716666650881,
        "idle": 10460.287050000936
      },
      "updateCounters": {
        "sampleCount": 927,
        "jsHeapMinBytes": 28080680,
        "jsHeapMaxBytes": 56640076,
        "jsHeapMinLabel": "28081 kb",
        "jsHeapMaxLabel": "56.6 Mb",
        "documentsMin": 2,
        "documentsMax": 2,
        "nodesMin": 150274,
        "nodesMax": 150754,
        "listenersMin": 158,
        "listenersMax": 158
      },
      "runs": 3
    },
    "sorting": {
      "rangeStart": 0,
      "rangeEnd": 348,
      "total": 348,
      "categories": {
        "other": 340.23946666653234,
        "rendering": 0.6002666667336598,
        "scripting": 5.204266666650772,
        "painting": 0,
        "idle": 1.9696666667005047
      },
      "updateCounters": {
        "sampleCount": 2,
        "jsHeapMinBytes": 141826140,
        "jsHeapMaxBytes": 147191820,
        "jsHeapMinLabel": "141826 kb",
        "jsHeapMaxLabel": "147.2 Mb",
        "documentsMin": 4,
        "documentsMax": 4,
        "nodesMin": 1913,
        "nodesMax": 1915,
        "listenersMin": 145,
        "listenersMax": 145
      },
      "runs": 3,
      "hookTiming": 12.36666666669771
    }
  }
}