{
  "timestamp": "2026-06-01T09:01:06.000Z",
  "scenarios": {
    "cell-editing": {
      "rangeStart": 0,
      "rangeEnd": 2740,
      "total": 2740,
      "categories": {
        "other": 229.3666666666543,
        "rendering": 243.96733333360558,
        "scripting": 396.8099999998664,
        "painting": 47.99100000010609,
        "idle": 1821.5976666664355
      },
      "updateCounters": {
        "sampleCount": 2124,
        "jsHeapMinBytes": 15407560,
        "jsHeapMaxBytes": 28114149.333333332,
        "jsHeapMinLabel": "15408 kb",
        "jsHeapMaxLabel": "28.1 Mb",
        "documentsMin": 2,
        "documentsMax": 2,
        "nodesMin": 1032,
        "nodesMax": 1112,
        "listenersMin": 175,
        "listenersMax": 328
      },
      "runs": 3
    },
    "filtering": {
      "rangeStart": 0,
      "rangeEnd": 401,
      "total": 401,
      "categories": {
        "other": 384.0337333332978,
        "rendering": 2.8029666666989215,
        "scripting": 13.176550000001987,
        "painting": 0,
        "idle": 1.269999999999224
      },
      "updateCounters": {
        "sampleCount": 1,
        "jsHeapMinBytes": 158436724,
        "jsHeapMaxBytes": 158436773.33333334,
        "jsHeapMinLabel": "158437 kb",
        "jsHeapMaxLabel": "158.4 Mb",
        "documentsMin": 4,
        "documentsMax": 4,
        "nodesMin": 1985,
        "nodesMax": 1985,
        "listenersMin": 201,
        "listenersMax": 201
      },
      "runs": 3,
      "hookTiming": 5.033333333325572
    },
    "scroll-down": {
      "rangeStart": 0,
      "rangeEnd": 16728,
      "total": 16728,
      "categories": {
        "other": 170.11133333431232,
        "rendering": 22.129999999597203,
        "painting": 23.26933333289344,
        "scripting": 137.87699999980566,
        "idle": 16374.409333333393
      },
      "updateCounters": {
        "sampleCount": 501,
        "jsHeapMinBytes": 27001806.666666668,
        "jsHeapMaxBytes": 33309254.666666668,
        "jsHeapMinLabel": "27002 kb",
        "jsHeapMaxLabel": "33.3 Mb",
        "documentsMin": 2,
        "documentsMax": 2,
        "nodesMin": 150270,
        "nodesMax": 150270,
        "listenersMin": 158,
        "listenersMax": 158
      },
      "runs": 3
    },
    "scroll-left": {
      "rangeStart": 0,
      "rangeEnd": 16699,
      "total": 16699,
      "categories": {
        "other": 505.5509999989361,
        "rendering": 2207.280999999804,
        "scripting": 2307.3573333344866,
        "painting": 733.2590000004857,
        "idle": 10945.317999999641
      },
      "updateCounters": {
        "sampleCount": 3039,
        "jsHeapMinBytes": 16165454.666666666,
        "jsHeapMaxBytes": 30332174.666666668,
        "jsHeapMinLabel": "16165 kb",
        "jsHeapMaxLabel": "30.3 Mb",
        "documentsMin": 2,
        "documentsMax": 2,
        "nodesMin": 1080,
        "nodesMax": 1080,
        "listenersMin": 158,
        "listenersMax": 158
      },
      "runs": 3
    },
    "scroll-right": {
      "rangeStart": 0,
      "rangeEnd": 13609,
      "total": 13609,
      "categories": {
        "rendering": 328.66033333167434,
        "scripting": 402.17200000098086,
        "painting": 121.54833333339775,
        "other": 182.07066666756882,
        "idle": 12575.184749999724
      },
      "updateCounters": {
        "sampleCount": 861,
        "jsHeapMinBytes": 16517644,
        "jsHeapMaxBytes": 25010961.333333332,
        "jsHeapMinLabel": "16518 kb",
        "jsHeapMaxLabel": "25.0 Mb",
        "documentsMin": 2,
        "documentsMax": 2,
        "nodesMin": 1080,
        "nodesMax": 1080,
        "listenersMin": 158,
        "listenersMax": 158
      },
      "runs": 3
    },
    "scroll-up": {
      "rangeStart": 0,
      "rangeEnd": 14553,
      "total": 14553,
      "categories": {
        "other": 406.187000000968,
        "rendering": 1931.5889999999392,
        "scripting": 2110.006333333438,
        "painting": 535.8396666663466,
        "idle": 9569.045733332634
      },
      "updateCounters": {
        "sampleCount": 953,
        "jsHeapMinBytes": 28007528,
        "jsHeapMaxBytes": 49609242.666666664,
        "jsHeapMinLabel": "28008 kb",
        "jsHeapMaxLabel": "49.6 Mb",
        "documentsMin": 2,
        "documentsMax": 2,
        "nodesMin": 150270,
        "nodesMax": 150274,
        "listenersMin": 158,
        "listenersMax": 158
      },
      "runs": 3
    },
    "sorting": {
      "rangeStart": 0,
      "rangeEnd": 406,
      "total": 406,
      "categories": {
        "other": 396.1416833333354,
        "rendering": 1.5495333333383314,
        "scripting": 6.797133333345255,
        "painting": 0,
        "idle": 1.4549999999968957
      },
      "updateCounters": {
        "sampleCount": 1,
        "jsHeapMinBytes": 161066676,
        "jsHeapMaxBytes": 161066676,
        "jsHeapMinLabel": "161067 kb",
        "jsHeapMaxLabel": "161.1 Mb",
        "documentsMin": 4,
        "documentsMax": 4,
        "nodesMin": 1911,
        "nodesMax": 1911,
        "listenersMin": 145,
        "listenersMax": 145
      },
      "runs": 3,
      "hookTiming": 12.733333333337214
    }
  }
}