{
  "timestamp": "2026-04-20T06:30:54.739Z",
  "scenarios": {
    "cell-editing": {
      "rangeStart": 0,
      "rangeEnd": 3073,
      "total": 3073,
      "categories": {
        "other": 269.32533333350375,
        "rendering": 329.7696666666355,
        "scripting": 508.8106666666161,
        "painting": 67.95500000000175,
        "idle": 1897.6073333332363
      },
      "updateCounters": {
        "sampleCount": 2102,
        "jsHeapMinBytes": 15182102.666666666,
        "jsHeapMaxBytes": 30203669.333333332,
        "jsHeapMinLabel": "15182 kb",
        "jsHeapMaxLabel": "30.2 Mb",
        "documentsMin": 2,
        "documentsMax": 2,
        "nodesMin": 1030,
        "nodesMax": 1121,
        "listenersMin": 174,
        "listenersMax": 353
      },
      "runs": 3
    },
    "filtering": {
      "rangeStart": 0,
      "rangeEnd": 359,
      "total": 359,
      "categories": {
        "other": 344.2172833333206,
        "rendering": 2.084433333337074,
        "scripting": 11.047733333336575,
        "painting": 0,
        "idle": 1.448333333338572
      },
      "updateCounters": {
        "sampleCount": 1,
        "jsHeapMinBytes": 155376896,
        "jsHeapMaxBytes": 155376896,
        "jsHeapMinLabel": "155377 kb",
        "jsHeapMaxLabel": "155.4 Mb",
        "documentsMin": 4,
        "documentsMax": 4,
        "nodesMin": 1981,
        "nodesMax": 1981,
        "listenersMin": 199,
        "listenersMax": 199
      },
      "runs": 3,
      "hookTiming": 4.2666666666676365
    },
    "scroll-down": {
      "rangeStart": 0,
      "rangeEnd": 16719,
      "total": 16719,
      "categories": {
        "other": 153.49900000071906,
        "rendering": 20.899666666232708,
        "painting": 21.907000000035623,
        "scripting": 123.8583333332934,
        "idle": 16399.02066666639
      },
      "updateCounters": {
        "sampleCount": 501,
        "jsHeapMinBytes": 27102036,
        "jsHeapMaxBytes": 34534502.666666664,
        "jsHeapMinLabel": "27102 kb",
        "jsHeapMaxLabel": "34.5 Mb",
        "documentsMin": 2,
        "documentsMax": 2,
        "nodesMin": 150268,
        "nodesMax": 150291,
        "listenersMin": 156,
        "listenersMax": 156
      },
      "runs": 3
    },
    "scroll-left": {
      "rangeStart": 0,
      "rangeEnd": 16695,
      "total": 16695,
      "categories": {
        "other": 528.0583333339331,
        "rendering": 2325.4699999994677,
        "scripting": 2308.6863333330425,
        "painting": 636.7400000004467,
        "idle": 10896.463333333115
      },
      "updateCounters": {
        "sampleCount": 3042,
        "jsHeapMinBytes": 15976616,
        "jsHeapMaxBytes": 30497250.666666668,
        "jsHeapMinLabel": "15977 kb",
        "jsHeapMaxLabel": "30.5 Mb",
        "documentsMin": 2,
        "documentsMax": 2,
        "nodesMin": 1078,
        "nodesMax": 1171,
        "listenersMin": 156,
        "listenersMax": 156
      },
      "runs": 3
    },
    "scroll-right": {
      "rangeStart": 0,
      "rangeEnd": 13602,
      "total": 13602,
      "categories": {
        "rendering": 322.363666666303,
        "scripting": 363.68933333293535,
        "painting": 99.70499999993869,
        "other": 154.30433333533196,
        "idle": 12661.647583332155
      },
      "updateCounters": {
        "sampleCount": 860,
        "jsHeapMinBytes": 16367060,
        "jsHeapMaxBytes": 21363846.666666668,
        "jsHeapMinLabel": "16367 kb",
        "jsHeapMaxLabel": "21.4 Mb",
        "documentsMin": 2,
        "documentsMax": 2,
        "nodesMin": 1078,
        "nodesMax": 1109,
        "listenersMin": 156,
        "listenersMax": 156
      },
      "runs": 3
    },
    "scroll-up": {
      "rangeStart": 0,
      "rangeEnd": 14565,
      "total": 14565,
      "categories": {
        "other": 273.11666666925856,
        "rendering": 1805.6693333341584,
        "scripting": 1763.1026666654316,
        "painting": 412.95633333263686,
        "idle": 10310.472083331842
      },
      "updateCounters": {
        "sampleCount": 926,
        "jsHeapMinBytes": 28194026.666666668,
        "jsHeapMaxBytes": 56686796,
        "jsHeapMinLabel": "28194 kb",
        "jsHeapMaxLabel": "56.7 Mb",
        "documentsMin": 2,
        "documentsMax": 2,
        "nodesMin": 150274,
        "nodesMax": 150756,
        "listenersMin": 156,
        "listenersMax": 156
      },
      "runs": 3
    },
    "sorting": {
      "rangeStart": 0,
      "rangeEnd": 351,
      "total": 351,
      "categories": {
        "other": 343.7551500000209,
        "rendering": 1.0606833333149552,
        "scripting": 5.20901666667064,
        "painting": 0,
        "idle": 1.1706666666626309
      },
      "updateCounters": {
        "sampleCount": 1,
        "jsHeapMinBytes": 163727756,
        "jsHeapMaxBytes": 163727756,
        "jsHeapMinLabel": "163728 kb",
        "jsHeapMaxLabel": "163.7 Mb",
        "documentsMin": 4,
        "documentsMax": 4,
        "nodesMin": 1915,
        "nodesMax": 1915,
        "listenersMin": 143,
        "listenersMax": 143
      },
      "runs": 3,
      "hookTiming": 12.90000000000388
    }
  }
}