{
  "timestamp": "2026-04-29T07:12:25.311Z",
  "scenarios": {
    "cell-editing": {
      "rangeStart": 0,
      "rangeEnd": 2735,
      "total": 2735,
      "categories": {
        "other": 226.4863333335177,
        "rendering": 239.6026666664596,
        "scripting": 392.3056666668619,
        "painting": 45.12833333322002,
        "idle": 1831.6526666665984
      },
      "updateCounters": {
        "sampleCount": 2101,
        "jsHeapMinBytes": 15225272,
        "jsHeapMaxBytes": 28160108,
        "jsHeapMinLabel": "15225 kb",
        "jsHeapMaxLabel": "28.2 Mb",
        "documentsMin": 2,
        "documentsMax": 2,
        "nodesMin": 1030,
        "nodesMax": 1107,
        "listenersMin": 174,
        "listenersMax": 324
      },
      "runs": 3
    },
    "filtering": {
      "rangeStart": 0,
      "rangeEnd": 390,
      "total": 390,
      "categories": {
        "other": 373.57075000000344,
        "rendering": 1.851883333331595,
        "scripting": 13.749033333336314,
        "painting": 0,
        "idle": 1.3623333333331782
      },
      "updateCounters": {
        "sampleCount": 1,
        "jsHeapMinBytes": 149105080,
        "jsHeapMaxBytes": 149105080,
        "jsHeapMinLabel": "149105 kb",
        "jsHeapMaxLabel": "149.1 Mb",
        "documentsMin": 4,
        "documentsMax": 4,
        "nodesMin": 1984,
        "nodesMax": 1984,
        "listenersMin": 199,
        "listenersMax": 199
      },
      "runs": 3,
      "hookTiming": 5.2333333333323635
    },
    "scroll-down": {
      "rangeStart": 0,
      "rangeEnd": 16734,
      "total": 16734,
      "categories": {
        "other": 172.34600000038066,
        "rendering": 23.133999999903608,
        "painting": 23.939999999827705,
        "scripting": 133.53233333349905,
        "idle": 16380.985999999719
      },
      "updateCounters": {
        "sampleCount": 501,
        "jsHeapMinBytes": 26859525.333333332,
        "jsHeapMaxBytes": 30885502.666666668,
        "jsHeapMinLabel": "26860 kb",
        "jsHeapMaxLabel": "30.9 Mb",
        "documentsMin": 2,
        "documentsMax": 2,
        "nodesMin": 150268,
        "nodesMax": 150307,
        "listenersMin": 156,
        "listenersMax": 156
      },
      "runs": 3
    },
    "scroll-left": {
      "rangeStart": 0,
      "rangeEnd": 16707,
      "total": 16707,
      "categories": {
        "other": 510.740000001048,
        "rendering": 2213.1853333343556,
        "scripting": 2210.571666665773,
        "painting": 618.5159999997608,
        "idle": 11154.756666665713
      },
      "updateCounters": {
        "sampleCount": 3090,
        "jsHeapMinBytes": 15975308,
        "jsHeapMaxBytes": 30682880,
        "jsHeapMinLabel": "15975 kb",
        "jsHeapMaxLabel": "30.7 Mb",
        "documentsMin": 2,
        "documentsMax": 2,
        "nodesMin": 1078,
        "nodesMax": 1179,
        "listenersMin": 156,
        "listenersMax": 156
      },
      "runs": 3
    },
    "scroll-right": {
      "rangeStart": 0,
      "rangeEnd": 13602,
      "total": 13602,
      "categories": {
        "rendering": 331.295999999973,
        "scripting": 358.5909999997723,
        "painting": 102.7890000004166,
        "other": 164.09700000034846,
        "idle": 12644.868633332817
      },
      "updateCounters": {
        "sampleCount": 860,
        "jsHeapMinBytes": 16366838.666666666,
        "jsHeapMaxBytes": 21363505.333333332,
        "jsHeapMinLabel": "16367 kb",
        "jsHeapMaxLabel": "21.4 Mb",
        "documentsMin": 2,
        "documentsMax": 2,
        "nodesMin": 1078,
        "nodesMax": 1109,
        "listenersMin": 156,
        "listenersMax": 156
      },
      "runs": 3
    },
    "scroll-up": {
      "rangeStart": 0,
      "rangeEnd": 15289,
      "total": 15289,
      "categories": {
        "other": 305.98999999971255,
        "rendering": 1821.5543333347498,
        "scripting": 1725.1409999977786,
        "painting": 389.81466666708,
        "idle": 11046.943516667312
      },
      "updateCounters": {
        "sampleCount": 948,
        "jsHeapMinBytes": 27796294.666666668,
        "jsHeapMaxBytes": 50069810.666666664,
        "jsHeapMinLabel": "27796 kb",
        "jsHeapMaxLabel": "50.1 Mb",
        "documentsMin": 2,
        "documentsMax": 2,
        "nodesMin": 150273,
        "nodesMax": 150747,
        "listenersMin": 156,
        "listenersMax": 156
      },
      "runs": 3
    },
    "sorting": {
      "rangeStart": 0,
      "rangeEnd": 376,
      "total": 376,
      "categories": {
        "other": 189.5372333333348,
        "scripting": 184.18896666667953,
        "rendering": 1.3397666666617927,
        "painting": 0,
        "idle": 1.076333333350097
      },
      "updateCounters": {
        "sampleCount": 2,
        "jsHeapMinBytes": 141407784,
        "jsHeapMaxBytes": 142456980,
        "jsHeapMinLabel": "141408 kb",
        "jsHeapMaxLabel": "142.5 Mb",
        "documentsMin": 4,
        "documentsMax": 4,
        "nodesMin": 1913,
        "nodesMax": 1913,
        "listenersMin": 143,
        "listenersMax": 143
      },
      "runs": 3,
      "hookTiming": 12.200000000011642
    }
  }
}