{
  "timestamp": "2026-05-14T12:23:56.562Z",
  "scenarios": {
    "cell-editing": {
      "rangeStart": 0,
      "rangeEnd": 2796,
      "total": 2796,
      "categories": {
        "other": 248.17700000007747,
        "rendering": 251.0229999999962,
        "scripting": 414.3493333333134,
        "painting": 48.99999999992239,
        "idle": 1833.7086666666971
      },
      "updateCounters": {
        "sampleCount": 2102,
        "jsHeapMinBytes": 15293344,
        "jsHeapMaxBytes": 28238797.333333332,
        "jsHeapMinLabel": "15293 kb",
        "jsHeapMaxLabel": "28.2 Mb",
        "documentsMin": 2,
        "documentsMax": 2,
        "nodesMin": 1030,
        "nodesMax": 1116,
        "listenersMin": 176,
        "listenersMax": 341
      },
      "runs": 3
    },
    "filtering": {
      "rangeStart": 0,
      "rangeEnd": 387,
      "total": 387,
      "categories": {
        "other": 370.6014833333318,
        "rendering": 2.3826833333441755,
        "scripting": 12.387350000004671,
        "painting": 0.5523333333355064,
        "idle": 1.2089999999977106
      },
      "updateCounters": {
        "sampleCount": 1,
        "jsHeapMinBytes": 155423728,
        "jsHeapMaxBytes": 155423728,
        "jsHeapMinLabel": "155424 kb",
        "jsHeapMaxLabel": "155.4 Mb",
        "documentsMin": 4,
        "documentsMax": 4,
        "nodesMin": 1981,
        "nodesMax": 1981,
        "listenersMin": 201,
        "listenersMax": 201
      },
      "runs": 3,
      "hookTiming": 4.333333333328483
    },
    "scroll-down": {
      "rangeStart": 0,
      "rangeEnd": 16726,
      "total": 16726,
      "categories": {
        "other": 167.9490000010284,
        "rendering": 22.96666666631548,
        "painting": 23.18433333337695,
        "scripting": 131.39166666644738,
        "idle": 16379.883999999502
      },
      "updateCounters": {
        "sampleCount": 501,
        "jsHeapMinBytes": 26916220,
        "jsHeapMaxBytes": 30286713.333333332,
        "jsHeapMinLabel": "26916 kb",
        "jsHeapMaxLabel": "30.3 Mb",
        "documentsMin": 2,
        "documentsMax": 2,
        "nodesMin": 150268,
        "nodesMax": 150305,
        "listenersMin": 158,
        "listenersMax": 158
      },
      "runs": 3
    },
    "scroll-left": {
      "rangeStart": 0,
      "rangeEnd": 16711,
      "total": 16711,
      "categories": {
        "other": 499.3440000011228,
        "rendering": 2202.2893333338047,
        "scripting": 2138.739666666316,
        "painting": 607.1826666661073,
        "idle": 11263.363333332652
      },
      "updateCounters": {
        "sampleCount": 3041,
        "jsHeapMinBytes": 16041402.666666666,
        "jsHeapMaxBytes": 30872488,
        "jsHeapMinLabel": "16041 kb",
        "jsHeapMaxLabel": "30.9 Mb",
        "documentsMin": 2,
        "documentsMax": 2,
        "nodesMin": 1078,
        "nodesMax": 1172,
        "listenersMin": 158,
        "listenersMax": 158
      },
      "runs": 3
    },
    "scroll-right": {
      "rangeStart": 0,
      "rangeEnd": 13603,
      "total": 13603,
      "categories": {
        "rendering": 321.13866666664643,
        "scripting": 352.89399999978656,
        "painting": 100.64033333291688,
        "other": 163.47633333300496,
        "idle": 12665.449950000979
      },
      "updateCounters": {
        "sampleCount": 860,
        "jsHeapMinBytes": 16435028,
        "jsHeapMaxBytes": 21433428,
        "jsHeapMinLabel": "16435 kb",
        "jsHeapMaxLabel": "21.4 Mb",
        "documentsMin": 2,
        "documentsMax": 2,
        "nodesMin": 1078,
        "nodesMax": 1109,
        "listenersMin": 158,
        "listenersMax": 158
      },
      "runs": 3
    },
    "scroll-up": {
      "rangeStart": 0,
      "rangeEnd": 14550,
      "total": 14550,
      "categories": {
        "other": 284.16033333519704,
        "rendering": 1775.1419999991,
        "scripting": 1615.7393333341352,
        "painting": 412.59833333261,
        "idle": 10461.582733332296
      },
      "updateCounters": {
        "sampleCount": 927,
        "jsHeapMinBytes": 28068461.333333332,
        "jsHeapMaxBytes": 56646028,
        "jsHeapMinLabel": "28068 kb",
        "jsHeapMaxLabel": "56.6 Mb",
        "documentsMin": 2,
        "documentsMax": 2,
        "nodesMin": 150275,
        "nodesMax": 150755,
        "listenersMin": 158,
        "listenersMax": 158
      },
      "runs": 3
    },
    "sorting": {
      "rangeStart": 0,
      "rangeEnd": 383,
      "total": 383,
      "categories": {
        "other": 375.1127999999423,
        "rendering": 0.8165333333502834,
        "scripting": 5.770583333333334,
        "painting": 0,
        "idle": 1.0906666667045404
      },
      "updateCounters": {
        "sampleCount": 2,
        "jsHeapMinBytes": 142222852,
        "jsHeapMaxBytes": 147595164,
        "jsHeapMinLabel": "142223 kb",
        "jsHeapMaxLabel": "147.6 Mb",
        "documentsMin": 4,
        "documentsMax": 4,
        "nodesMin": 1913,
        "nodesMax": 1915,
        "listenersMin": 145,
        "listenersMax": 145
      },
      "runs": 3,
      "hookTiming": 12.433333333329452
    }
  }
}