{
  "timestamp": "2026-04-22T08:03:31.949Z",
  "scenarios": {
    "cell-editing": {
      "rangeStart": 0,
      "rangeEnd": 2808,
      "total": 2808,
      "categories": {
        "other": 232.2206666668217,
        "rendering": 258.47766666676034,
        "scripting": 424.81233333321296,
        "painting": 51.87899999990865,
        "idle": 1841.0976666666295
      },
      "updateCounters": {
        "sampleCount": 2102,
        "jsHeapMinBytes": 15179705.333333334,
        "jsHeapMaxBytes": 28795718.666666668,
        "jsHeapMinLabel": "15180 kb",
        "jsHeapMaxLabel": "28.8 Mb",
        "documentsMin": 2,
        "documentsMax": 2,
        "nodesMin": 1030,
        "nodesMax": 1111,
        "listenersMin": 174,
        "listenersMax": 336
      },
      "runs": 3
    },
    "filtering": {
      "rangeStart": 0,
      "rangeEnd": 376,
      "total": 376,
      "categories": {
        "other": 174.02033333333426,
        "scripting": 195.2863499999993,
        "rendering": 3.556666666661234,
        "painting": 0.8829999999967791,
        "idle": 2.248333333331781
      },
      "updateCounters": {
        "sampleCount": 1,
        "jsHeapMinBytes": 147713630,
        "jsHeapMaxBytes": 147713630,
        "jsHeapMinLabel": "147714 kb",
        "jsHeapMaxLabel": "147.7 Mb",
        "documentsMin": 4,
        "documentsMax": 4,
        "nodesMin": 1983,
        "nodesMax": 1983,
        "listenersMin": 199,
        "listenersMax": 199
      },
      "runs": 3,
      "hookTiming": 5.400000000003881
    },
    "scroll-down": {
      "rangeStart": 0,
      "rangeEnd": 16723,
      "total": 16723,
      "categories": {
        "other": 171.55833333331847,
        "rendering": 22.563666666683275,
        "painting": 24.71066666697152,
        "scripting": 130.03133333319792,
        "idle": 16373.997666666493
      },
      "updateCounters": {
        "sampleCount": 501,
        "jsHeapMinBytes": 26859496,
        "jsHeapMaxBytes": 30896778.666666668,
        "jsHeapMinLabel": "26859 kb",
        "jsHeapMaxLabel": "30.9 Mb",
        "documentsMin": 2,
        "documentsMax": 2,
        "nodesMin": 150268,
        "nodesMax": 150307,
        "listenersMin": 156,
        "listenersMax": 156
      },
      "runs": 3
    },
    "scroll-left": {
      "rangeStart": 0,
      "rangeEnd": 16717,
      "total": 16717,
      "categories": {
        "other": 543.0193333343883,
        "rendering": 2333.500333332864,
        "painting": 652.322000000296,
        "scripting": 2421.3016666663552,
        "idle": 10766.928666666101
      },
      "updateCounters": {
        "sampleCount": 3042,
        "jsHeapMinBytes": 15967174.666666666,
        "jsHeapMaxBytes": 30649550.666666668,
        "jsHeapMinLabel": "15967 kb",
        "jsHeapMaxLabel": "30.6 Mb",
        "documentsMin": 2,
        "documentsMax": 2,
        "nodesMin": 1078,
        "nodesMax": 1171,
        "listenersMin": 156,
        "listenersMax": 156
      },
      "runs": 3
    },
    "scroll-right": {
      "rangeStart": 0,
      "rangeEnd": 13615,
      "total": 13615,
      "categories": {
        "rendering": 359.073666667362,
        "scripting": 420.97933333374004,
        "painting": 115.67866666758589,
        "other": 213.14866666497633,
        "idle": 12505.977649999686
      },
      "updateCounters": {
        "sampleCount": 861,
        "jsHeapMinBytes": 16352778.666666666,
        "jsHeapMaxBytes": 21345881.333333332,
        "jsHeapMinLabel": "16353 kb",
        "jsHeapMaxLabel": "21.3 Mb",
        "documentsMin": 2,
        "documentsMax": 2,
        "nodesMin": 1078,
        "nodesMax": 1109,
        "listenersMin": 156,
        "listenersMax": 156
      },
      "runs": 3
    },
    "scroll-up": {
      "rangeStart": 0,
      "rangeEnd": 15305,
      "total": 15305,
      "categories": {
        "other": 344.26999999894673,
        "rendering": 1951.7690000009218,
        "scripting": 1916.152666666996,
        "painting": 448.89266666564316,
        "idle": 10643.674166667488
      },
      "updateCounters": {
        "sampleCount": 948,
        "jsHeapMinBytes": 27876620,
        "jsHeapMaxBytes": 50185868,
        "jsHeapMinLabel": "27877 kb",
        "jsHeapMaxLabel": "50.2 Mb",
        "documentsMin": 2,
        "documentsMax": 2,
        "nodesMin": 150272,
        "nodesMax": 150745,
        "listenersMin": 156,
        "listenersMax": 156
      },
      "runs": 3
    },
    "sorting": {
      "rangeStart": 0,
      "rangeEnd": 347,
      "total": 347,
      "categories": {
        "other": 340.8768999999811,
        "rendering": 0.12623333333370587,
        "scripting": 4.4286666666666665,
        "painting": 0,
        "idle": 1.161000000002493
      },
      "updateCounters": {
        "sampleCount": 1,
        "jsHeapMinBytes": 146808324,
        "jsHeapMaxBytes": 146808324,
        "jsHeapMinLabel": "146808 kb",
        "jsHeapMaxLabel": "146.8 Mb",
        "documentsMin": 4,
        "documentsMax": 4,
        "nodesMin": 1915,
        "nodesMax": 1915,
        "listenersMin": 143,
        "listenersMax": 143
      },
      "runs": 3,
      "hookTiming": 12.566666666670548
    }
  }
}