{
  "timestamp": "2026-07-01T08:12:49.000Z",
  "scenarios": {
    "cell-editing": {
      "rangeStart": 0,
      "rangeEnd": 3028,
      "total": 3028,
      "categories": {
        "other": 244.82233333377758,
        "rendering": 423.091000001082,
        "scripting": 447.987333331862,
        "painting": 56.459666666632984,
        "idle": 1855.8943333333202
      },
      "updateCounters": {
        "sampleCount": 2127,
        "jsHeapMinBytes": 11350580,
        "jsHeapMaxBytes": 19000394.666666668,
        "jsHeapMinLabel": "11351 kB",
        "jsHeapMaxLabel": "19.0 MB",
        "documentsMin": 1,
        "documentsMax": 1,
        "nodesMin": 787,
        "nodesMax": 1102,
        "listenersMin": 176,
        "listenersMax": 370
      },
      "runs": 3
    },
    "filtering": {
      "rangeStart": 0,
      "rangeEnd": 577,
      "total": 577,
      "categories": {
        "other": 560.8650500000058,
        "scripting": 14.999616666674612,
        "rendering": 0,
        "painting": 0,
        "idle": 1.4726666666489336
      },
      "updateCounters": {
        "sampleCount": 1,
        "jsHeapMinBytes": 324845461.3333333,
        "jsHeapMaxBytes": 329315480,
        "jsHeapMinLabel": "324845 kB",
        "jsHeapMaxLabel": "329.3 MB",
        "documentsMin": 3,
        "documentsMax": 3,
        "nodesMin": 1999,
        "nodesMax": 1999,
        "listenersMin": 209,
        "listenersMax": 209
      },
      "runs": 3,
      "hookTiming": 50.06666666667055
    },
    "initial-load": {
      "rangeStart": 0,
      "rangeEnd": 581,
      "total": 581,
      "categories": {
        "other": 560.0160000001082,
        "rendering": 1.7639999999082647,
        "scripting": 17.73901666667064,
        "idle": 1.574666666643073
      },
      "updateCounters": {
        "sampleCount": 2,
        "jsHeapMinBytes": 308185518,
        "jsHeapMaxBytes": 308185562,
        "jsHeapMinLabel": "308186 kB",
        "jsHeapMaxLabel": "308.2 MB",
        "documentsMin": 1,
        "documentsMax": 1,
        "nodesMin": 4496,
        "nodesMax": 4496,
        "listenersMin": 541,
        "listenersMax": 541
      },
      "runs": 3
    },
    "scroll-down": {
      "rangeStart": 0,
      "rangeEnd": 15052,
      "total": 15052,
      "categories": {
        "rendering": 1085.546333334137,
        "scripting": 998.61199999895,
        "painting": 360.3489999997934,
        "other": 382.96233333583797,
        "idle": 12224.565716664618
      },
      "updateCounters": {
        "sampleCount": 900,
        "jsHeapMinBytes": 21913504,
        "jsHeapMaxBytes": 36113801.333333336,
        "jsHeapMinLabel": "21914 kB",
        "jsHeapMaxLabel": "36.1 MB",
        "documentsMin": 1,
        "documentsMax": 1,
        "nodesMin": 1754,
        "nodesMax": 1878,
        "listenersMin": 158,
        "listenersMax": 158
      },
      "runs": 3
    },
    "scroll-left": {
      "rangeStart": 0,
      "rangeEnd": 16701,
      "total": 16701,
      "categories": {
        "other": 596.9750000002865,
        "rendering": 2331.9869999992275,
        "painting": 776.3553333341843,
        "scripting": 2740.0370000005355,
        "idle": 10256.051666665764
      },
      "updateCounters": {
        "sampleCount": 3066,
        "jsHeapMinBytes": 14346336,
        "jsHeapMaxBytes": 23975805.333333332,
        "jsHeapMinLabel": "14346 kB",
        "jsHeapMaxLabel": "24.0 MB",
        "documentsMin": 1,
        "documentsMax": 1,
        "nodesMin": 1081,
        "nodesMax": 1111,
        "listenersMin": 158,
        "listenersMax": 158
      },
      "runs": 3
    },
    "scroll-right": {
      "rangeStart": 0,
      "rangeEnd": 13598,
      "total": 13598,
      "categories": {
        "rendering": 350.2503333336402,
        "scripting": 466.674666666456,
        "painting": 137.93533333352147,
        "other": 240.52233333290863,
        "idle": 12402.49248333349
      },
      "updateCounters": {
        "sampleCount": 863,
        "jsHeapMinBytes": 14949169.333333334,
        "jsHeapMaxBytes": 19915974.666666668,
        "jsHeapMinLabel": "14949 kB",
        "jsHeapMaxLabel": "19.9 MB",
        "documentsMin": 1,
        "documentsMax": 1,
        "nodesMin": 1051,
        "nodesMax": 1061,
        "listenersMin": 158,
        "listenersMax": 158
      },
      "runs": 3
    },
    "scroll-up": {
      "rangeStart": 0,
      "rangeEnd": 16744,
      "total": 16744,
      "categories": {
        "other": 834.4233333279261,
        "rendering": 4305.92899999884,
        "painting": 1273.6233333327498,
        "scripting": 3774.683000003822,
        "idle": 6555.108333336655
      },
      "updateCounters": {
        "sampleCount": 2342,
        "jsHeapMinBytes": 22213432,
        "jsHeapMaxBytes": 45876476,
        "jsHeapMinLabel": "22213 kB",
        "jsHeapMaxLabel": "45.9 MB",
        "documentsMin": 1,
        "documentsMax": 1,
        "nodesMin": 1774,
        "nodesMax": 2084,
        "listenersMin": 158,
        "listenersMax": 158
      },
      "runs": 3
    },
    "sorting": {
      "rangeStart": 0,
      "rangeEnd": 690,
      "total": 690,
      "categories": {
        "other": 612.0503333332579,
        "scripting": 70.32515000003049,
        "rendering": 4.94399999997889,
        "painting": 0.8739999999913076,
        "idle": 1.4576666667514548
      },
      "updateCounters": {
        "sampleCount": 3,
        "jsHeapMinBytes": 355587145.3333333,
        "jsHeapMaxBytes": 357665350.6666667,
        "jsHeapMinLabel": "355587 kB",
        "jsHeapMaxLabel": "357.7 MB",
        "documentsMin": 3,
        "documentsMax": 3,
        "nodesMin": 1897,
        "nodesMax": 1897,
        "listenersMin": 145,
        "listenersMax": 145
      },
      "runs": 3,
      "hookTiming": 143.1000000000155
    },
    "source-data-validator-load": {
      "rangeStart": 0,
      "rangeEnd": 8270,
      "total": 8270,
      "categories": {
        "other": 1650.7813333334313,
        "rendering": 23.513666666733723,
        "scripting": 6590.877333333166,
        "idle": 4.776666666691502
      },
      "updateCounters": {
        "sampleCount": 59,
        "jsHeapMinBytes": 534088570.6666667,
        "jsHeapMaxBytes": 1320414545.3333333,
        "jsHeapMinLabel": "534089 kB",
        "jsHeapMaxLabel": "1320.4 MB",
        "documentsMin": 1,
        "documentsMax": 1,
        "nodesMin": 3600,
        "nodesMax": 3600,
        "listenersMin": 383,
        "listenersMax": 383
      },
      "runs": 3
    }
  }
}