{
  "timestamp": "2026-04-17T07:30:46.219Z",
  "scenarios": {
    "cell-editing": {
      "rangeStart": 0,
      "rangeEnd": 2567,
      "total": 2567,
      "categories": {
        "other": 199.69333333348422,
        "rendering": 182.62233333277013,
        "scripting": 350.5700000001138,
        "painting": 35.30000000000776,
        "idle": 1798.3900000002952
      },
      "updateCounters": {
        "sampleCount": 2103,
        "jsHeapMinBytes": 15035486.666666666,
        "jsHeapMaxBytes": 27511406.666666668,
        "jsHeapMinLabel": "15035 kb",
        "jsHeapMaxLabel": "27.5 Mb",
        "documentsMin": 2,
        "documentsMax": 2,
        "nodesMin": 1030,
        "nodesMax": 1097,
        "listenersMin": 173,
        "listenersMax": 301
      },
      "runs": 3
    },
    "filtering": {
      "rangeStart": 0,
      "rangeEnd": 325,
      "total": 325,
      "categories": {
        "other": 311.1956666667131,
        "rendering": 1.7322833332873415,
        "scripting": 10.601850000008241,
        "painting": 0.0376666666707024,
        "idle": 1.213666666658052
      },
      "updateCounters": {
        "sampleCount": 2,
        "jsHeapMinBytes": 141701424,
        "jsHeapMaxBytes": 146260680,
        "jsHeapMinLabel": "141701 kb",
        "jsHeapMaxLabel": "146.3 Mb",
        "documentsMin": 4,
        "documentsMax": 4,
        "nodesMin": 1979,
        "nodesMax": 1981,
        "listenersMin": 199,
        "listenersMax": 199
      },
      "runs": 3,
      "hookTiming": 3.7000000000019404
    },
    "scroll-down": {
      "rangeStart": 0,
      "rangeEnd": 16712,
      "total": 16712,
      "categories": {
        "other": 129.89233333404937,
        "rendering": 17.159333333411876,
        "painting": 16.88599999982398,
        "scripting": 106.18066666642027,
        "idle": 16442.19233333296
      },
      "updateCounters": {
        "sampleCount": 501,
        "jsHeapMinBytes": 26766380,
        "jsHeapMaxBytes": 32730729.333333332,
        "jsHeapMinLabel": "26766 kb",
        "jsHeapMaxLabel": "32.7 Mb",
        "documentsMin": 2,
        "documentsMax": 2,
        "nodesMin": 150268,
        "nodesMax": 150328,
        "listenersMin": 156,
        "listenersMax": 156
      },
      "runs": 3
    },
    "scroll-left": {
      "rangeStart": 0,
      "rangeEnd": 16683,
      "total": 16683,
      "categories": {
        "rendering": 1669.2056666660355,
        "scripting": 1697.4506666677737,
        "painting": 468.02966666730936,
        "other": 399.33199999805794,
        "idle": 12449.281333334153
      },
      "updateCounters": {
        "sampleCount": 3040,
        "jsHeapMinBytes": 15715944,
        "jsHeapMaxBytes": 34263768,
        "jsHeapMinLabel": "15716 kb",
        "jsHeapMaxLabel": "34.3 Mb",
        "documentsMin": 2,
        "documentsMax": 2,
        "nodesMin": 1078,
        "nodesMax": 1170,
        "listenersMin": 156,
        "listenersMax": 156
      },
      "runs": 3
    },
    "scroll-right": {
      "rangeStart": 0,
      "rangeEnd": 13581,
      "total": 13581,
      "categories": {
        "rendering": 257.8996666649279,
        "scripting": 290.4316666661072,
        "painting": 80.65666666667676,
        "other": 130.94200000264976,
        "idle": 12820.633449999654
      },
      "updateCounters": {
        "sampleCount": 861,
        "jsHeapMinBytes": 16049340,
        "jsHeapMaxBytes": 21163337.333333332,
        "jsHeapMinLabel": "16049 kb",
        "jsHeapMaxLabel": "21.2 Mb",
        "documentsMin": 2,
        "documentsMax": 2,
        "nodesMin": 1078,
        "nodesMax": 1109,
        "listenersMin": 156,
        "listenersMax": 156
      },
      "runs": 3
    },
    "scroll-up": {
      "rangeStart": 0,
      "rangeEnd": 14514,
      "total": 14514,
      "categories": {
        "other": 249.69933333570495,
        "rendering": 1387.1936666651552,
        "scripting": 1369.9176666677179,
        "painting": 315.96533333292854,
        "idle": 11190.805333331848
      },
      "updateCounters": {
        "sampleCount": 928,
        "jsHeapMinBytes": 27505077.333333332,
        "jsHeapMaxBytes": 58311012,
        "jsHeapMinLabel": "27505 kb",
        "jsHeapMaxLabel": "58.3 Mb",
        "documentsMin": 2,
        "documentsMax": 2,
        "nodesMin": 150272,
        "nodesMax": 150742,
        "listenersMin": 156,
        "listenersMax": 156
      },
      "runs": 3
    },
    "sorting": {
      "rangeStart": 0,
      "rangeEnd": 317,
      "total": 317,
      "categories": {
        "other": 307.96628333338555,
        "rendering": 1.7809999999784243,
        "scripting": 5.36246666665872,
        "painting": 0,
        "idle": 1.882999999972526
      },
      "updateCounters": {
        "sampleCount": 2,
        "jsHeapMinBytes": 141481552,
        "jsHeapMaxBytes": 147110536,
        "jsHeapMinLabel": "141482 kb",
        "jsHeapMaxLabel": "147.1 Mb",
        "documentsMin": 4,
        "documentsMax": 4,
        "nodesMin": 1913,
        "nodesMax": 1915,
        "listenersMin": 143,
        "listenersMax": 143
      },
      "runs": 3,
      "hookTiming": 9.40000000000388
    }
  }
}