{
  "timestamp": "2026-06-15T13:11:31.661Z",
  "scenarios": {
    "cell-editing": {
      "rangeStart": 0,
      "rangeEnd": 3026,
      "total": 3026,
      "categories": {
        "other": 249.29799999990072,
        "rendering": 409.05900000028004,
        "scripting": 470.82499999983935,
        "painting": 58.70199999994171,
        "idle": 1838.0506666667013
      },
      "updateCounters": {
        "sampleCount": 2125,
        "jsHeapMinBytes": 15060604,
        "jsHeapMaxBytes": 28085750.666666668,
        "jsHeapMinLabel": "15061 kb",
        "jsHeapMaxLabel": "28.1 Mb",
        "documentsMin": 1,
        "documentsMax": 1,
        "nodesMin": 1032,
        "nodesMax": 1097,
        "listenersMin": 176,
        "listenersMax": 330
      },
      "runs": 3
    },
    "filtering": {
      "rangeStart": 0,
      "rangeEnd": 408,
      "total": 408,
      "categories": {
        "other": 379.9653166666676,
        "rendering": 10.827683333331757,
        "scripting": 15.364849999999008,
        "painting": 0,
        "idle": 1.7983333333346916
      },
      "updateCounters": {
        "sampleCount": 1,
        "jsHeapMinBytes": 157488958.66666666,
        "jsHeapMaxBytes": 157488958.66666666,
        "jsHeapMinLabel": "157489 kb",
        "jsHeapMaxLabel": "157.5 Mb",
        "documentsMin": 3,
        "documentsMax": 3,
        "nodesMin": 1980,
        "nodesMax": 1980,
        "listenersMin": 201,
        "listenersMax": 201
      },
      "runs": 3,
      "hookTiming": 2.2000000000019404
    },
    "scroll-down": {
      "rangeStart": 0,
      "rangeEnd": 16735,
      "total": 16735,
      "categories": {
        "other": 245.49266666816297,
        "rendering": 30.34533333281676,
        "painting": 34.14933333348017,
        "scripting": 159.98233333332232,
        "idle": 16264.99899999889
      },
      "updateCounters": {
        "sampleCount": 501,
        "jsHeapMinBytes": 26634756,
        "jsHeapMaxBytes": 28859093.333333332,
        "jsHeapMinLabel": "26635 kb",
        "jsHeapMaxLabel": "28.9 Mb",
        "documentsMin": 1,
        "documentsMax": 1,
        "nodesMin": 150271,
        "nodesMax": 150271,
        "listenersMin": 158,
        "listenersMax": 158
      },
      "runs": 3
    },
    "scroll-left": {
      "rangeStart": 0,
      "rangeEnd": 16715,
      "total": 16715,
      "categories": {
        "other": 609.298333332419,
        "rendering": 2412.14666666692,
        "painting": 827.4580000001006,
        "scripting": 2701.350666666276,
        "idle": 10164.438666667615
      },
      "updateCounters": {
        "sampleCount": 3041,
        "jsHeapMinBytes": 15735865.333333334,
        "jsHeapMaxBytes": 30612750.666666668,
        "jsHeapMinLabel": "15736 kb",
        "jsHeapMaxLabel": "30.6 Mb",
        "documentsMin": 1,
        "documentsMax": 1,
        "nodesMin": 1081,
        "nodesMax": 1081,
        "listenersMin": 158,
        "listenersMax": 158
      },
      "runs": 3
    },
    "scroll-right": {
      "rangeStart": 0,
      "rangeEnd": 8922,
      "total": 8922,
      "categories": {
        "rendering": 348.66233333407826,
        "scripting": 459.09333333312173,
        "painting": 131.72866666738022,
        "other": 182.62133333254576,
        "idle": 7799.280333332873
      },
      "updateCounters": {
        "sampleCount": 860,
        "jsHeapMinBytes": 16162217.333333334,
        "jsHeapMaxBytes": 25754316,
        "jsHeapMinLabel": "16162 kb",
        "jsHeapMaxLabel": "25.8 Mb",
        "documentsMin": 1,
        "documentsMax": 1,
        "nodesMin": 1081,
        "nodesMax": 1081,
        "listenersMin": 158,
        "listenersMax": 158
      },
      "runs": 3
    },
    "scroll-up": {
      "rangeStart": 0,
      "rangeEnd": 14554,
      "total": 14554,
      "categories": {
        "other": 442.17500000006584,
        "rendering": 2049.6846666675797,
        "scripting": 2185.1609999988964,
        "painting": 517.8276666664946,
        "idle": 9359.270750000296
      },
      "updateCounters": {
        "sampleCount": 953,
        "jsHeapMinBytes": 27645812,
        "jsHeapMaxBytes": 50270674.666666664,
        "jsHeapMinLabel": "27646 kb",
        "jsHeapMaxLabel": "50.3 Mb",
        "documentsMin": 1,
        "documentsMax": 1,
        "nodesMin": 150271,
        "nodesMax": 150273,
        "listenersMin": 158,
        "listenersMax": 158
      },
      "runs": 3
    },
    "sorting": {
      "rangeStart": 0,
      "rangeEnd": 393,
      "total": 393,
      "categories": {
        "other": 373.4312000000596,
        "rendering": 4.922466666631711,
        "scripting": 12.80713333334044,
        "painting": 0.627999999987272,
        "idle": 1.3819999999638337
      },
      "updateCounters": null,
      "runs": 3,
      "hookTiming": 3.600000000015522
    }
  }
}