{
  "timestamp": "2026-06-24T07:31:35.652Z",
  "scenarios": {
    "cell-editing": {
      "rangeStart": 0,
      "rangeEnd": 2933,
      "total": 2933,
      "categories": {
        "other": 232.19466666711082,
        "rendering": 371.47499999986513,
        "scripting": 433.28366666653216,
        "painting": 52.41066666661451,
        "idle": 1843.4176666665444
      },
      "updateCounters": {
        "sampleCount": 2122,
        "jsHeapMinBytes": 15603940,
        "jsHeapMaxBytes": 30597348,
        "jsHeapMinLabel": "15604 kb",
        "jsHeapMaxLabel": "30.6 Mb",
        "documentsMin": 1,
        "documentsMax": 1,
        "nodesMin": 1032,
        "nodesMax": 1110,
        "listenersMin": 176,
        "listenersMax": 362
      },
      "runs": 3
    },
    "filtering": {
      "rangeStart": 0,
      "rangeEnd": 425,
      "total": 425,
      "categories": {
        "other": 375.50399999999075,
        "rendering": 17.41400000001401,
        "scripting": 28.052883333332915,
        "painting": 1.006999999997788,
        "idle": 3.3263333333355454
      },
      "updateCounters": {
        "sampleCount": 1,
        "jsHeapMinBytes": 157713298.66666666,
        "jsHeapMaxBytes": 157713298.66666666,
        "jsHeapMinLabel": "157713 kb",
        "jsHeapMaxLabel": "157.7 Mb",
        "documentsMin": 3,
        "documentsMax": 3,
        "nodesMin": 1980,
        "nodesMax": 1980,
        "listenersMin": 201,
        "listenersMax": 201
      },
      "runs": 3,
      "hookTiming": 2.89999999999903
    },
    "scroll-down": {
      "rangeStart": 0,
      "rangeEnd": 16724,
      "total": 16724,
      "categories": {
        "other": 207.86666666611825,
        "rendering": 26.24400000028254,
        "painting": 28.6246666667527,
        "scripting": 148.32633333340084,
        "idle": 16312.707666666785
      },
      "updateCounters": {
        "sampleCount": 501,
        "jsHeapMinBytes": 26642126.666666668,
        "jsHeapMaxBytes": 28223872,
        "jsHeapMinLabel": "26642 kb",
        "jsHeapMaxLabel": "28.2 Mb",
        "documentsMin": 1,
        "documentsMax": 1,
        "nodesMin": 150271,
        "nodesMax": 150271,
        "listenersMin": 158,
        "listenersMax": 158
      },
      "runs": 3
    },
    "scroll-left": {
      "rangeStart": 0,
      "rangeEnd": 16717,
      "total": 16717,
      "categories": {
        "other": 600.5873333331066,
        "rendering": 2380.9129999997094,
        "painting": 811.6426666664871,
        "scripting": 2690.3380000001143,
        "idle": 10233.42433333392
      },
      "updateCounters": {
        "sampleCount": 3041,
        "jsHeapMinBytes": 15759757.333333334,
        "jsHeapMaxBytes": 30661554.666666668,
        "jsHeapMinLabel": "15760 kb",
        "jsHeapMaxLabel": "30.7 Mb",
        "documentsMin": 1,
        "documentsMax": 1,
        "nodesMin": 1081,
        "nodesMax": 1081,
        "listenersMin": 158,
        "listenersMax": 158
      },
      "runs": 3
    },
    "scroll-right": {
      "rangeStart": 0,
      "rangeEnd": 13604,
      "total": 13604,
      "categories": {
        "rendering": 347.38933333329624,
        "scripting": 439.87533333358556,
        "painting": 133.2809999998232,
        "other": 194.3326666670001,
        "idle": 12489.396199999639
      },
      "updateCounters": {
        "sampleCount": 861,
        "jsHeapMinBytes": 16210462.666666666,
        "jsHeapMaxBytes": 21230205.333333332,
        "jsHeapMinLabel": "16210 kb",
        "jsHeapMaxLabel": "21.2 Mb",
        "documentsMin": 1,
        "documentsMax": 1,
        "nodesMin": 1081,
        "nodesMax": 1081,
        "listenersMin": 158,
        "listenersMax": 158
      },
      "runs": 3
    },
    "scroll-up": {
      "rangeStart": 0,
      "rangeEnd": 14559,
      "total": 14559,
      "categories": {
        "other": 398.6716666655245,
        "rendering": 1964.7856666670802,
        "scripting": 2088.391666666121,
        "painting": 486.5430000000051,
        "idle": 9620.126116667952
      },
      "updateCounters": {
        "sampleCount": 954,
        "jsHeapMinBytes": 27656772,
        "jsHeapMaxBytes": 50493040,
        "jsHeapMinLabel": "27657 kb",
        "jsHeapMaxLabel": "50.5 Mb",
        "documentsMin": 1,
        "documentsMax": 1,
        "nodesMin": 150271,
        "nodesMax": 150273,
        "listenersMin": 158,
        "listenersMax": 158
      },
      "runs": 3
    },
    "sorting": {
      "rangeStart": 0,
      "rangeEnd": 388,
      "total": 388,
      "categories": {
        "other": 368.91324999998415,
        "rendering": 4.592400000003788,
        "scripting": 13.891733333331688,
        "painting": 0,
        "idle": 1.1746666666585952
      },
      "updateCounters": null,
      "runs": 3,
      "hookTiming": 3.8666666666977108
    }
  }
}