{
  "timestamp": "2026-06-24T13:46:13.684Z",
  "scenarios": {
    "cell-editing": {
      "rangeStart": 0,
      "rangeEnd": 2917,
      "total": 2917,
      "categories": {
        "other": 236.49299999962577,
        "rendering": 362.69833333355683,
        "scripting": 437.5436666666191,
        "painting": 51.17600000010376,
        "idle": 1828.8640000000887
      },
      "updateCounters": {
        "sampleCount": 2124,
        "jsHeapMinBytes": 15339817.333333334,
        "jsHeapMaxBytes": 28494042.666666668,
        "jsHeapMinLabel": "15340 kb",
        "jsHeapMaxLabel": "28.5 Mb",
        "documentsMin": 1,
        "documentsMax": 1,
        "nodesMin": 1032,
        "nodesMax": 1104,
        "listenersMin": 176,
        "listenersMax": 344
      },
      "runs": 3
    },
    "filtering": {
      "rangeStart": 0,
      "rangeEnd": 391,
      "total": 391,
      "categories": {
        "other": 363.42855000001737,
        "rendering": 10.553666666654559,
        "scripting": 15.002533333331348,
        "painting": 0,
        "idle": 1.3939999999905315
      },
      "updateCounters": {
        "sampleCount": 1,
        "jsHeapMinBytes": 157649829.33333334,
        "jsHeapMaxBytes": 157649829.33333334,
        "jsHeapMinLabel": "157650 kb",
        "jsHeapMaxLabel": "157.6 Mb",
        "documentsMin": 3,
        "documentsMax": 3,
        "nodesMin": 1980,
        "nodesMax": 1980,
        "listenersMin": 201,
        "listenersMax": 201
      },
      "runs": 3,
      "hookTiming": 1.9999999999902986
    },
    "scroll-down": {
      "rangeStart": 0,
      "rangeEnd": 16737,
      "total": 16737,
      "categories": {
        "other": 180.23899999934272,
        "rendering": 24.052666666471243,
        "painting": 25.355333333388746,
        "scripting": 141.54633333349577,
        "idle": 16365.248666667312
      },
      "updateCounters": {
        "sampleCount": 501,
        "jsHeapMinBytes": 26655038.666666668,
        "jsHeapMaxBytes": 28664406.666666668,
        "jsHeapMinLabel": "26655 kb",
        "jsHeapMaxLabel": "28.7 Mb",
        "documentsMin": 1,
        "documentsMax": 1,
        "nodesMin": 150271,
        "nodesMax": 150271,
        "listenersMin": 158,
        "listenersMax": 158
      },
      "runs": 3
    },
    "scroll-left": {
      "rangeStart": 0,
      "rangeEnd": 16702,
      "total": 16702,
      "categories": {
        "other": 552.4236666678938,
        "rendering": 2263.957999998209,
        "scripting": 2541.414333333347,
        "painting": 779.8843333328647,
        "idle": 10564.09600000103
      },
      "updateCounters": {
        "sampleCount": 3042,
        "jsHeapMinBytes": 15816457.333333334,
        "jsHeapMaxBytes": 30696978.666666668,
        "jsHeapMinLabel": "15816 kb",
        "jsHeapMaxLabel": "30.7 Mb",
        "documentsMin": 1,
        "documentsMax": 1,
        "nodesMin": 1081,
        "nodesMax": 1081,
        "listenersMin": 158,
        "listenersMax": 158
      },
      "runs": 3
    },
    "scroll-right": {
      "rangeStart": 0,
      "rangeEnd": 13615,
      "total": 13615,
      "categories": {
        "rendering": 351.4516666663694,
        "scripting": 436.1776666663381,
        "painting": 131.8893333337037,
        "other": 196.7533333334696,
        "idle": 12498.497516666792
      },
      "updateCounters": {
        "sampleCount": 861,
        "jsHeapMinBytes": 16187660,
        "jsHeapMaxBytes": 21236908,
        "jsHeapMinLabel": "16188 kb",
        "jsHeapMaxLabel": "21.2 Mb",
        "documentsMin": 1,
        "documentsMax": 1,
        "nodesMin": 1081,
        "nodesMax": 1081,
        "listenersMin": 158,
        "listenersMax": 158
      },
      "runs": 3
    },
    "scroll-up": {
      "rangeStart": 0,
      "rangeEnd": 14543,
      "total": 14543,
      "categories": {
        "other": 298.4663333335463,
        "rendering": 1858.6143333330208,
        "scripting": 1777.4473333338121,
        "painting": 461.00033333416405,
        "idle": 10147.106549998824
      },
      "updateCounters": {
        "sampleCount": 928,
        "jsHeapMinBytes": 27826348,
        "jsHeapMaxBytes": 56577470.666666664,
        "jsHeapMinLabel": "27826 kb",
        "jsHeapMaxLabel": "56.6 Mb",
        "documentsMin": 1,
        "documentsMax": 1,
        "nodesMin": 150271,
        "nodesMax": 150273,
        "listenersMin": 158,
        "listenersMax": 158
      },
      "runs": 3
    },
    "sorting": {
      "rangeStart": 0,
      "rangeEnd": 387,
      "total": 387,
      "categories": {
        "other": 366.82543333338816,
        "rendering": 4.6871499999930775,
        "scripting": 14.598899999979418,
        "painting": 0,
        "idle": 1.1663333333369035
      },
      "updateCounters": {
        "sampleCount": 1,
        "jsHeapMinBytes": 153719504,
        "jsHeapMaxBytes": 153719504,
        "jsHeapMinLabel": "153720 kb",
        "jsHeapMaxLabel": "153.7 Mb",
        "documentsMin": 3,
        "documentsMax": 3,
        "nodesMin": 1909,
        "nodesMax": 1909,
        "listenersMin": 145,
        "listenersMax": 145
      },
      "runs": 3,
      "hookTiming": 3.6666666666666665
    }
  }
}