{
  "timestamp": "2026-06-11T06:37:59.721Z",
  "scenarios": {
    "cell-editing": {
      "rangeStart": 0,
      "rangeEnd": 2797,
      "total": 2797,
      "categories": {
        "other": 228.58300000025108,
        "rendering": 258.48333333276486,
        "scripting": 417.50900000044186,
        "painting": 51.91666666667637,
        "idle": 1840.3533333332064
      },
      "updateCounters": {
        "sampleCount": 2121,
        "jsHeapMinBytes": 15253988,
        "jsHeapMaxBytes": 27679966.666666668,
        "jsHeapMinLabel": "15254 kb",
        "jsHeapMaxLabel": "27.7 Mb",
        "documentsMin": 1,
        "documentsMax": 1,
        "nodesMin": 1030,
        "nodesMax": 1110,
        "listenersMin": 175,
        "listenersMax": 328
      },
      "runs": 3
    },
    "filtering": {
      "rangeStart": 0,
      "rangeEnd": 388,
      "total": 388,
      "categories": {
        "other": 370.5991666666818,
        "rendering": 2.4578333333095848,
        "scripting": 13.353850000003973,
        "painting": 0,
        "idle": 1.471666666669383
      },
      "updateCounters": {
        "sampleCount": 1,
        "jsHeapMinBytes": 157915330.66666666,
        "jsHeapMaxBytes": 157915330.66666666,
        "jsHeapMinLabel": "157915 kb",
        "jsHeapMaxLabel": "157.9 Mb",
        "documentsMin": 3,
        "documentsMax": 3,
        "nodesMin": 1983,
        "nodesMax": 1983,
        "listenersMin": 201,
        "listenersMax": 201
      },
      "runs": 3,
      "hookTiming": 4.5
    },
    "scroll-down": {
      "rangeStart": 0,
      "rangeEnd": 16745,
      "total": 16745,
      "categories": {
        "other": 192.7119999996252,
        "rendering": 26.086000000369193,
        "painting": 26.216333333431976,
        "scripting": 152.42800000019471,
        "idle": 16347.678999999713
      },
      "updateCounters": {
        "sampleCount": 501,
        "jsHeapMinBytes": 26706382.666666668,
        "jsHeapMaxBytes": 34638654.666666664,
        "jsHeapMinLabel": "26706 kb",
        "jsHeapMaxLabel": "34.6 Mb",
        "documentsMin": 1,
        "documentsMax": 1,
        "nodesMin": 150268,
        "nodesMax": 150268,
        "listenersMin": 158,
        "listenersMax": 158
      },
      "runs": 3
    },
    "scroll-left": {
      "rangeStart": 0,
      "rangeEnd": 16719,
      "total": 16719,
      "categories": {
        "other": 568.8423333369886,
        "rendering": 2447.318666666397,
        "painting": 815.4486666650337,
        "scripting": 2563.1996666663936,
        "idle": 10323.809666665204
      },
      "updateCounters": {
        "sampleCount": 3042,
        "jsHeapMinBytes": 15712917.333333334,
        "jsHeapMaxBytes": 30654948,
        "jsHeapMinLabel": "15713 kb",
        "jsHeapMaxLabel": "30.7 Mb",
        "documentsMin": 1,
        "documentsMax": 1,
        "nodesMin": 1078,
        "nodesMax": 1078,
        "listenersMin": 158,
        "listenersMax": 158
      },
      "runs": 3
    },
    "scroll-right": {
      "rangeStart": 0,
      "rangeEnd": 8930,
      "total": 8930,
      "categories": {
        "rendering": 351.49033333345625,
        "scripting": 445.4429999997324,
        "painting": 128.00633333293567,
        "other": 168.2283333340554,
        "idle": 7836.8030166664785
      },
      "updateCounters": {
        "sampleCount": 860,
        "jsHeapMinBytes": 16145785.333333334,
        "jsHeapMaxBytes": 25200009.333333332,
        "jsHeapMinLabel": "16146 kb",
        "jsHeapMaxLabel": "25.2 Mb",
        "documentsMin": 1,
        "documentsMax": 1,
        "nodesMin": 1078,
        "nodesMax": 1078,
        "listenersMin": 158,
        "listenersMax": 158
      },
      "runs": 3
    },
    "scroll-up": {
      "rangeStart": 0,
      "rangeEnd": 14561,
      "total": 14561,
      "categories": {
        "other": 308.1623333311239,
        "rendering": 1890.5586666653592,
        "scripting": 1831.5653333333566,
        "painting": 519.2476666673901,
        "idle": 10011.576183336088
      },
      "updateCounters": {
        "sampleCount": 928,
        "jsHeapMinBytes": 27790797.333333332,
        "jsHeapMaxBytes": 56592257.333333336,
        "jsHeapMinLabel": "27791 kb",
        "jsHeapMaxLabel": "56.6 Mb",
        "documentsMin": 1,
        "documentsMax": 1,
        "nodesMin": 150268,
        "nodesMax": 150272,
        "listenersMin": 158,
        "listenersMax": 158
      },
      "runs": 3
    },
    "sorting": {
      "rangeStart": 0,
      "rangeEnd": 385,
      "total": 385,
      "categories": {
        "other": 375.6314500000114,
        "rendering": 1.5153333333243306,
        "scripting": 6.397216666658719,
        "painting": 0,
        "idle": 1.584333333322623
      },
      "updateCounters": {
        "sampleCount": 1,
        "jsHeapMinBytes": 153364468,
        "jsHeapMaxBytes": 153364468,
        "jsHeapMinLabel": "153364 kb",
        "jsHeapMaxLabel": "153.4 Mb",
        "documentsMin": 3,
        "documentsMax": 3,
        "nodesMin": 1909,
        "nodesMax": 1909,
        "listenersMin": 145,
        "listenersMax": 145
      },
      "runs": 3,
      "hookTiming": 13.033333333325572
    }
  }
}