{
  "timestamp": "2026-05-14T11:48:40.066Z",
  "scenarios": {
    "cell-editing": {
      "rangeStart": 0,
      "rangeEnd": 2807,
      "total": 2807,
      "categories": {
        "other": 231.99533333434306,
        "rendering": 261.8643333328461,
        "scripting": 431.7626666667936,
        "painting": 51.67433333348405,
        "idle": 1829.5226666658807
      },
      "updateCounters": {
        "sampleCount": 2102,
        "jsHeapMinBytes": 15285281.333333334,
        "jsHeapMaxBytes": 28220921.333333332,
        "jsHeapMinLabel": "15285 kb",
        "jsHeapMaxLabel": "28.2 Mb",
        "documentsMin": 2,
        "documentsMax": 2,
        "nodesMin": 1030,
        "nodesMax": 1107,
        "listenersMin": 176,
        "listenersMax": 326
      },
      "runs": 3
    },
    "filtering": {
      "rangeStart": 0,
      "rangeEnd": 359,
      "total": 359,
      "categories": {
        "other": 344.092816666621,
        "rendering": 2.0531000000191852,
        "scripting": 11.611666666675049,
        "painting": 0,
        "idle": 1.320666666685914
      },
      "updateCounters": null,
      "runs": 3,
      "hookTiming": 4.266666666682188
    },
    "scroll-down": {
      "rangeStart": 0,
      "rangeEnd": 16720,
      "total": 16720,
      "categories": {
        "other": 229.12766666692838,
        "rendering": 27.8530000000416,
        "painting": 32.582666667023055,
        "scripting": 143.62300000011922,
        "idle": 16286.779666665903
      },
      "updateCounters": {
        "sampleCount": 501,
        "jsHeapMinBytes": 26917276,
        "jsHeapMaxBytes": 30735129.333333332,
        "jsHeapMinLabel": "26917 kb",
        "jsHeapMaxLabel": "30.7 Mb",
        "documentsMin": 2,
        "documentsMax": 2,
        "nodesMin": 150268,
        "nodesMax": 150306,
        "listenersMin": 158,
        "listenersMax": 158
      },
      "runs": 3
    },
    "scroll-left": {
      "rangeStart": 0,
      "rangeEnd": 16706,
      "total": 16706,
      "categories": {
        "rendering": 2370.8966666662213,
        "painting": 660.2990000003095,
        "other": 577.8563333309302,
        "scripting": 2520.2783333322373,
        "idle": 10576.869333336945
      },
      "updateCounters": {
        "sampleCount": 3041,
        "jsHeapMinBytes": 16009118.666666666,
        "jsHeapMaxBytes": 30719888,
        "jsHeapMinLabel": "16009 kb",
        "jsHeapMaxLabel": "30.7 Mb",
        "documentsMin": 2,
        "documentsMax": 2,
        "nodesMin": 1078,
        "nodesMax": 1171,
        "listenersMin": 158,
        "listenersMax": 158
      },
      "runs": 3
    },
    "scroll-right": {
      "rangeStart": 0,
      "rangeEnd": 13612,
      "total": 13612,
      "categories": {
        "rendering": 356.1019999982479,
        "scripting": 425.2596666664556,
        "painting": 113.62133333381887,
        "other": 190.08866666650366,
        "idle": 12526.780083334967
      },
      "updateCounters": {
        "sampleCount": 860,
        "jsHeapMinBytes": 16434693.333333334,
        "jsHeapMaxBytes": 21432036,
        "jsHeapMinLabel": "16435 kb",
        "jsHeapMaxLabel": "21.4 Mb",
        "documentsMin": 2,
        "documentsMax": 2,
        "nodesMin": 1078,
        "nodesMax": 1109,
        "listenersMin": 158,
        "listenersMax": 158
      },
      "runs": 3
    },
    "scroll-up": {
      "rangeStart": 0,
      "rangeEnd": 14554,
      "total": 14554,
      "categories": {
        "other": 325.15133333275804,
        "rendering": 1885.3430000035635,
        "scripting": 1879.857333332574,
        "painting": 450.18099999963306,
        "idle": 10012.941633331473
      },
      "updateCounters": {
        "sampleCount": 927,
        "jsHeapMinBytes": 28106989.333333332,
        "jsHeapMaxBytes": 56684942.666666664,
        "jsHeapMinLabel": "28107 kb",
        "jsHeapMaxLabel": "56.7 Mb",
        "documentsMin": 2,
        "documentsMax": 2,
        "nodesMin": 150275,
        "nodesMax": 150755,
        "listenersMin": 158,
        "listenersMax": 158
      },
      "runs": 3
    },
    "sorting": {
      "rangeStart": 0,
      "rangeEnd": 359,
      "total": 359,
      "categories": {
        "other": 169.53803333336643,
        "scripting": 182.9176666666831,
        "rendering": 4.214666666579433,
        "painting": 0.8863333333671713,
        "idle": 1.4573333333634462
      },
      "updateCounters": {
        "sampleCount": 2,
        "jsHeapMinBytes": 141615656,
        "jsHeapMaxBytes": 142680444,
        "jsHeapMinLabel": "141616 kb",
        "jsHeapMaxLabel": "142.7 Mb",
        "documentsMin": 4,
        "documentsMax": 4,
        "nodesMin": 1913,
        "nodesMax": 1913,
        "listenersMin": 145,
        "listenersMax": 145
      },
      "runs": 3,
      "hookTiming": 13.93333333331005
    }
  }
}