{
  "timestamp": "2026-06-25T13:37:18.409Z",
  "scenarios": {
    "cell-editing": {
      "rangeStart": 0,
      "rangeEnd": 2972,
      "total": 2972,
      "categories": {
        "other": 222.78100000004358,
        "rendering": 388.6746666664985,
        "scripting": 444.98066666695405,
        "painting": 52.94733333319891,
        "idle": 1862.7693333333057
      },
      "updateCounters": {
        "sampleCount": 2125,
        "jsHeapMinBytes": 12926498.666666666,
        "jsHeapMaxBytes": 21455150.666666668,
        "jsHeapMinLabel": "12926 kB",
        "jsHeapMaxLabel": "21.5 MB",
        "documentsMin": 1,
        "documentsMax": 1,
        "nodesMin": 829,
        "nodesMax": 1261,
        "listenersMin": 176,
        "listenersMax": 452
      },
      "runs": 3
    },
    "filtering": {
      "rangeStart": 0,
      "rangeEnd": 644,
      "total": 644,
      "categories": {
        "other": 593.9481333333239,
        "rendering": 4.640666666663795,
        "scripting": 42.268666666670775,
        "painting": 0.5199999999992239,
        "idle": 3.082333333334342
      },
      "updateCounters": {
        "sampleCount": 2,
        "jsHeapMinBytes": 369153308,
        "jsHeapMaxBytes": 390892468,
        "jsHeapMinLabel": "369153 kB",
        "jsHeapMaxLabel": "390.9 MB",
        "documentsMin": 2,
        "documentsMax": 2,
        "nodesMin": 1936,
        "nodesMax": 1937,
        "listenersMin": 204,
        "listenersMax": 204
      },
      "runs": 3,
      "hookTiming": 73.1333333333314
    },
    "initial-load": {
      "rangeStart": 0,
      "rangeEnd": 562,
      "total": 562,
      "categories": {
        "other": 539.0296666666736,
        "rendering": 0.43399999999383,
        "scripting": 20.953650000000994,
        "idle": 1.3966666666722933,
        "painting": 0
      },
      "updateCounters": {
        "sampleCount": 3,
        "jsHeapMinBytes": 340741384,
        "jsHeapMaxBytes": 340741472,
        "jsHeapMinLabel": "340741 kB",
        "jsHeapMaxLabel": "340.7 MB",
        "documentsMin": 1,
        "documentsMax": 1,
        "nodesMin": 7176,
        "nodesMax": 7176,
        "listenersMin": 937,
        "listenersMax": 937
      },
      "runs": 3
    },
    "scroll-down": {
      "rangeStart": 0,
      "rangeEnd": 14994,
      "total": 14994,
      "categories": {
        "rendering": 910.7493333342039,
        "scripting": 846.2183333327652,
        "painting": 280.3036666667904,
        "other": 251.4273333331466,
        "idle": 12705.723333333095
      },
      "updateCounters": {
        "sampleCount": 898,
        "jsHeapMinBytes": 38631861.333333336,
        "jsHeapMaxBytes": 49838685.333333336,
        "jsHeapMinLabel": "38632 kB",
        "jsHeapMaxLabel": "49.8 MB",
        "documentsMin": 1,
        "documentsMax": 1,
        "nodesMin": 1754,
        "nodesMax": 1857,
        "listenersMin": 158,
        "listenersMax": 158
      },
      "runs": 3
    },
    "scroll-left": {
      "rangeStart": 0,
      "rangeEnd": 16692,
      "total": 16692,
      "categories": {
        "scripting": 2537.8933333349532,
        "rendering": 2134.497000000139,
        "painting": 717.9290000002753,
        "other": 518.9453333325587,
        "idle": 10783.043666665404
      },
      "updateCounters": {
        "sampleCount": 3061,
        "jsHeapMinBytes": 14532954.666666666,
        "jsHeapMaxBytes": 24191056,
        "jsHeapMinLabel": "14533 kB",
        "jsHeapMaxLabel": "24.2 MB",
        "documentsMin": 1,
        "documentsMax": 1,
        "nodesMin": 1081,
        "nodesMax": 1111,
        "listenersMin": 158,
        "listenersMax": 158
      },
      "runs": 3
    },
    "scroll-right": {
      "rangeStart": 0,
      "rangeEnd": 13603,
      "total": 13603,
      "categories": {
        "rendering": 346.1776666672279,
        "scripting": 449.6936666673466,
        "painting": 130.71466666675406,
        "other": 196.09333333266466,
        "idle": 12480.154266666039
      },
      "updateCounters": {
        "sampleCount": 863,
        "jsHeapMinBytes": 15212580,
        "jsHeapMaxBytes": 20180154.666666668,
        "jsHeapMinLabel": "15213 kB",
        "jsHeapMaxLabel": "20.2 MB",
        "documentsMin": 1,
        "documentsMax": 1,
        "nodesMin": 1051,
        "nodesMax": 1061,
        "listenersMin": 158,
        "listenersMax": 158
      },
      "runs": 3
    },
    "scroll-up": {
      "rangeStart": 0,
      "rangeEnd": 16741,
      "total": 16741,
      "categories": {
        "other": 726.3636666693828,
        "rendering": 3963.2979999984577,
        "painting": 1205.4386666670325,
        "scripting": 3410.129333332244,
        "idle": 7436.122333332896
      },
      "updateCounters": {
        "sampleCount": 2311,
        "jsHeapMinBytes": 34052638.666666664,
        "jsHeapMaxBytes": 61994816,
        "jsHeapMinLabel": "34053 kB",
        "jsHeapMaxLabel": "62.0 MB",
        "documentsMin": 1,
        "documentsMax": 1,
        "nodesMin": 1795,
        "nodesMax": 2105,
        "listenersMin": 158,
        "listenersMax": 158
      },
      "runs": 3
    },
    "sorting": {
      "rangeStart": 0,
      "rangeEnd": 804,
      "total": 804,
      "categories": {
        "other": 649.1919999999949,
        "scripting": 146.26473333332066,
        "rendering": 4.787999999981063,
        "painting": 1.0723333333347302,
        "idle": 2.321666666694606
      },
      "updateCounters": {
        "sampleCount": 3,
        "jsHeapMinBytes": 393608748,
        "jsHeapMaxBytes": 411422352,
        "jsHeapMinLabel": "393609 kB",
        "jsHeapMaxLabel": "411.4 MB",
        "documentsMin": 2,
        "documentsMax": 2,
        "nodesMin": 1868,
        "nodesMax": 1868,
        "listenersMin": 145,
        "listenersMax": 145
      },
      "runs": 3,
      "hookTiming": 233.96666666665502
    },
    "source-data-validator-load": {
      "rangeStart": 0,
      "rangeEnd": 9481,
      "total": 9481,
      "categories": {
        "other": 1651.5743333335352,
        "rendering": 22.559333333357547,
        "scripting": 7802.452999999758,
        "idle": 3.7753333333530463,
        "painting": 0.027999999991152436
      },
      "updateCounters": {
        "sampleCount": 61,
        "jsHeapMinBytes": 589367156,
        "jsHeapMaxBytes": 1380691028,
        "jsHeapMinLabel": "589367 kB",
        "jsHeapMaxLabel": "1380.7 MB",
        "documentsMin": 1,
        "documentsMax": 1,
        "nodesMin": 3587,
        "nodesMax": 4767,
        "listenersMin": 377,
        "listenersMax": 478
      },
      "runs": 3
    }
  }
}