{
  "timestamp": "2026-05-18T08:36:50.443Z",
  "scenarios": {
    "cell-editing": {
      "rangeStart": 0,
      "rangeEnd": 2839,
      "total": 2839,
      "categories": {
        "other": 243.14599999909794,
        "rendering": 276.7059999999183,
        "scripting": 428.7263333338662,
        "painting": 55.650333333498565,
        "idle": 1834.6526666669524
      },
      "updateCounters": {
        "sampleCount": 2104,
        "jsHeapMinBytes": 15313216,
        "jsHeapMaxBytes": 29481394.666666668,
        "jsHeapMinLabel": "15313 kb",
        "jsHeapMaxLabel": "29.5 Mb",
        "documentsMin": 2,
        "documentsMax": 2,
        "nodesMin": 1030,
        "nodesMax": 1115,
        "listenersMin": 175,
        "listenersMax": 343
      },
      "runs": 3
    },
    "filtering": {
      "rangeStart": 0,
      "rangeEnd": 389,
      "total": 389,
      "categories": {
        "other": 372.50903333331934,
        "rendering": 2.5266166666794256,
        "scripting": 12.567000000006828,
        "painting": 0.5216666666674428,
        "idle": 1.2443333333261155
      },
      "updateCounters": {
        "sampleCount": 1,
        "jsHeapMinBytes": 155873104,
        "jsHeapMaxBytes": 155873104,
        "jsHeapMinLabel": "155873 kb",
        "jsHeapMaxLabel": "155.9 Mb",
        "documentsMin": 4,
        "documentsMax": 4,
        "nodesMin": 1981,
        "nodesMax": 1981,
        "listenersMin": 201,
        "listenersMax": 201
      },
      "runs": 3,
      "hookTiming": 4.833333333323632
    },
    "scroll-down": {
      "rangeStart": 0,
      "rangeEnd": 16732,
      "total": 16732,
      "categories": {
        "other": 180.61000000136983,
        "rendering": 24.384666666010162,
        "painting": 24.447000000043772,
        "scripting": 138.00999999977998,
        "idle": 16364.6903333328
      },
      "updateCounters": {
        "sampleCount": 501,
        "jsHeapMinBytes": 26918256,
        "jsHeapMaxBytes": 30287900,
        "jsHeapMinLabel": "26918 kb",
        "jsHeapMaxLabel": "30.3 Mb",
        "documentsMin": 2,
        "documentsMax": 2,
        "nodesMin": 150268,
        "nodesMax": 150305,
        "listenersMin": 158,
        "listenersMax": 158
      },
      "runs": 3
    },
    "scroll-left": {
      "rangeStart": 0,
      "rangeEnd": 16722,
      "total": 16722,
      "categories": {
        "other": 541.6643333352531,
        "rendering": 2440.184999997708,
        "painting": 678.2850000006729,
        "scripting": 2367.2400000021803,
        "idle": 10694.38066666419
      },
      "updateCounters": {
        "sampleCount": 3042,
        "jsHeapMinBytes": 16041572,
        "jsHeapMaxBytes": 30582276,
        "jsHeapMinLabel": "16042 kb",
        "jsHeapMaxLabel": "30.6 Mb",
        "documentsMin": 2,
        "documentsMax": 2,
        "nodesMin": 1078,
        "nodesMax": 1171,
        "listenersMin": 158,
        "listenersMax": 158
      },
      "runs": 3
    },
    "scroll-right": {
      "rangeStart": 0,
      "rangeEnd": 13609,
      "total": 13609,
      "categories": {
        "rendering": 352.47899999962345,
        "scripting": 402.2660000000871,
        "painting": 112.73566666658735,
        "other": 190.84566666716864,
        "idle": 12550.697033333205
      },
      "updateCounters": {
        "sampleCount": 860,
        "jsHeapMinBytes": 16435297.333333334,
        "jsHeapMaxBytes": 21433602.666666668,
        "jsHeapMinLabel": "16435 kb",
        "jsHeapMaxLabel": "21.4 Mb",
        "documentsMin": 2,
        "documentsMax": 2,
        "nodesMin": 1078,
        "nodesMax": 1110,
        "listenersMin": 158,
        "listenersMax": 158
      },
      "runs": 3
    },
    "scroll-up": {
      "rangeStart": 0,
      "rangeEnd": 14553,
      "total": 14553,
      "categories": {
        "other": 334.10266666673607,
        "rendering": 2009.1033333304804,
        "scripting": 1859.398666668135,
        "painting": 473.239333333661,
        "idle": 9877.589266667666
      },
      "updateCounters": {
        "sampleCount": 927,
        "jsHeapMinBytes": 28074488,
        "jsHeapMaxBytes": 56590352,
        "jsHeapMinLabel": "28074 kb",
        "jsHeapMaxLabel": "56.6 Mb",
        "documentsMin": 2,
        "documentsMax": 2,
        "nodesMin": 150275,
        "nodesMax": 150755,
        "listenersMin": 158,
        "listenersMax": 158
      },
      "runs": 3
    },
    "sorting": {
      "rangeStart": 0,
      "rangeEnd": 383,
      "total": 383,
      "categories": {
        "other": 373.50374999998803,
        "rendering": 1.7035833333308499,
        "scripting": 6.290283333341281,
        "painting": 0,
        "idle": 1.966333333364067
      },
      "updateCounters": {
        "sampleCount": 2,
        "jsHeapMinBytes": 141849196,
        "jsHeapMaxBytes": 147220676,
        "jsHeapMinLabel": "141849 kb",
        "jsHeapMaxLabel": "147.2 Mb",
        "documentsMin": 4,
        "documentsMax": 4,
        "nodesMin": 1913,
        "nodesMax": 1915,
        "listenersMin": 145,
        "listenersMax": 145
      },
      "runs": 3,
      "hookTiming": 12.133333333321692
    }
  }
}