{
  "timestamp": "2026-06-09T11:01:36.687Z",
  "scenarios": {
    "cell-editing": {
      "rangeStart": 0,
      "rangeEnd": 2809,
      "total": 2809,
      "categories": {
        "other": 244.07566666640412,
        "rendering": 249.78000000044509,
        "scripting": 422.18266666581167,
        "painting": 51.26033333340698,
        "idle": 1841.3266666672619
      },
      "updateCounters": {
        "sampleCount": 2122,
        "jsHeapMinBytes": 15702264,
        "jsHeapMaxBytes": 28495336,
        "jsHeapMinLabel": "15702 kb",
        "jsHeapMaxLabel": "28.5 Mb",
        "documentsMin": 2,
        "documentsMax": 2,
        "nodesMin": 1031,
        "nodesMax": 1102,
        "listenersMin": 175,
        "listenersMax": 310
      },
      "runs": 3
    },
    "filtering": {
      "rangeStart": 0,
      "rangeEnd": 366,
      "total": 366,
      "categories": {
        "other": 171.2829999999964,
        "scripting": 191.63091666667546,
        "rendering": 1.8638666666617307,
        "painting": 0,
        "idle": 0.8509999999951106
      },
      "updateCounters": {
        "sampleCount": 1,
        "jsHeapMinBytes": 157299425.33333334,
        "jsHeapMaxBytes": 158358692,
        "jsHeapMinLabel": "157299 kb",
        "jsHeapMaxLabel": "158.4 Mb",
        "documentsMin": 4,
        "documentsMax": 4,
        "nodesMin": 1984,
        "nodesMax": 1985,
        "listenersMin": 201,
        "listenersMax": 201
      },
      "runs": 3,
      "hookTiming": 4.333333333333333
    },
    "scroll-down": {
      "rangeStart": 0,
      "rangeEnd": 16719,
      "total": 16719,
      "categories": {
        "other": 176.46599999653185,
        "rendering": 22.172666668193415,
        "painting": 25.13599999984338,
        "scripting": 127.40066666643088,
        "idle": 16367.831333335655
      },
      "updateCounters": {
        "sampleCount": 501,
        "jsHeapMinBytes": 26883685.333333332,
        "jsHeapMaxBytes": 29312000,
        "jsHeapMinLabel": "26884 kb",
        "jsHeapMaxLabel": "29.3 Mb",
        "documentsMin": 2,
        "documentsMax": 2,
        "nodesMin": 150270,
        "nodesMax": 150270,
        "listenersMin": 158,
        "listenersMax": 158
      },
      "runs": 3
    },
    "scroll-left": {
      "rangeStart": 0,
      "rangeEnd": 16722,
      "total": 16722,
      "categories": {
        "other": 542.0596666661773,
        "rendering": 2276.8713333332366,
        "painting": 755.8573333331927,
        "scripting": 2654.6643333343723,
        "idle": 10492.358999999706
      },
      "updateCounters": {
        "sampleCount": 3040,
        "jsHeapMinBytes": 16165622.666666666,
        "jsHeapMaxBytes": 30262638.666666668,
        "jsHeapMinLabel": "16166 kb",
        "jsHeapMaxLabel": "30.3 Mb",
        "documentsMin": 2,
        "documentsMax": 2,
        "nodesMin": 1080,
        "nodesMax": 1080,
        "listenersMin": 158,
        "listenersMax": 158
      },
      "runs": 3
    },
    "scroll-right": {
      "rangeStart": 0,
      "rangeEnd": 13611,
      "total": 13611,
      "categories": {
        "rendering": 342.47033333277795,
        "scripting": 452.32833333274147,
        "painting": 126.04933333429896,
        "other": 182.9616666659376,
        "idle": 12507.418100000903
      },
      "updateCounters": {
        "sampleCount": 861,
        "jsHeapMinBytes": 16534845.333333334,
        "jsHeapMaxBytes": 21601704,
        "jsHeapMinLabel": "16535 kb",
        "jsHeapMaxLabel": "21.6 Mb",
        "documentsMin": 2,
        "documentsMax": 2,
        "nodesMin": 1080,
        "nodesMax": 1080,
        "listenersMin": 158,
        "listenersMax": 158
      },
      "runs": 3
    },
    "scroll-up": {
      "rangeStart": 0,
      "rangeEnd": 14542,
      "total": 14542,
      "categories": {
        "other": 354.26400000126927,
        "rendering": 1789.953000003433,
        "scripting": 1949.4299999989037,
        "painting": 450.2226666660669,
        "idle": 9998.243883330317
      },
      "updateCounters": {
        "sampleCount": 953,
        "jsHeapMinBytes": 28114273.333333332,
        "jsHeapMaxBytes": 49769868,
        "jsHeapMinLabel": "28114 kb",
        "jsHeapMaxLabel": "49.8 Mb",
        "documentsMin": 2,
        "documentsMax": 2,
        "nodesMin": 150270,
        "nodesMax": 150274,
        "listenersMin": 158,
        "listenersMax": 158
      },
      "runs": 3
    },
    "sorting": {
      "rangeStart": 0,
      "rangeEnd": 363,
      "total": 363,
      "categories": {
        "other": 355.1818666666857,
        "rendering": 1.430266666652945,
        "scripting": 5.023266666650772,
        "painting": 0,
        "idle": 1.4230000000291814
      },
      "updateCounters": null,
      "runs": 3,
      "hookTiming": 13.166666666666666
    }
  }
}