{
  "timestamp": "2026-06-29T09:04:02.243Z",
  "scenarios": {
    "cell-editing": {
      "rangeStart": 0,
      "rangeEnd": 2961,
      "total": 2961,
      "categories": {
        "other": 235.983000001171,
        "rendering": 400.38633333169855,
        "scripting": 432.7700000003297,
        "painting": 53.75133333347427,
        "idle": 1837.7526666667156
      },
      "updateCounters": {
        "sampleCount": 2126,
        "jsHeapMinBytes": 11650889.333333334,
        "jsHeapMaxBytes": 19365022.666666668,
        "jsHeapMinLabel": "11651 kB",
        "jsHeapMaxLabel": "19.4 MB",
        "documentsMin": 1,
        "documentsMax": 1,
        "nodesMin": 813,
        "nodesMax": 1084,
        "listenersMin": 176,
        "listenersMax": 321
      },
      "runs": 3
    },
    "filtering": {
      "rangeStart": 0,
      "rangeEnd": 743,
      "total": 743,
      "categories": {
        "other": 635.439250000506,
        "scripting": 91.6189999998839,
        "rendering": 12.04366666652883,
        "painting": 1.4216666667877387,
        "idle": 2.3759999996982515
      },
      "updateCounters": {
        "sampleCount": 3,
        "jsHeapMinBytes": 337049956,
        "jsHeapMaxBytes": 360102001.3333333,
        "jsHeapMinLabel": "337050 kB",
        "jsHeapMaxLabel": "360.1 MB",
        "documentsMin": 3,
        "documentsMax": 3,
        "nodesMin": 1967,
        "nodesMax": 1968,
        "listenersMin": 206,
        "listenersMax": 206
      },
      "runs": 3,
      "hookTiming": 87.66666666658905
    },
    "initial-load": {
      "rangeStart": 0,
      "rangeEnd": 625,
      "total": 625,
      "categories": {
        "other": 599.9985666669172,
        "rendering": 0.48333333316259086,
        "scripting": 22.48676666665077,
        "painting": 0,
        "idle": 1.9403333332544814
      },
      "updateCounters": {
        "sampleCount": 3,
        "jsHeapMinBytes": 326581212,
        "jsHeapMaxBytes": 326581300,
        "jsHeapMinLabel": "326581 kB",
        "jsHeapMaxLabel": "326.6 MB",
        "documentsMin": 1,
        "documentsMax": 1,
        "nodesMin": 5389,
        "nodesMax": 5389,
        "listenersMin": 673,
        "listenersMax": 673
      },
      "runs": 3
    },
    "scroll-down": {
      "rangeStart": 0,
      "rangeEnd": 10093,
      "total": 10093,
      "categories": {
        "rendering": 905.6643333303122,
        "scripting": 823.1320000042091,
        "painting": 282.0410000007444,
        "other": 243.57099999313184,
        "idle": 7838.342516671556
      },
      "updateCounters": {
        "sampleCount": 900,
        "jsHeapMinBytes": 22208476,
        "jsHeapMaxBytes": 35735542.666666664,
        "jsHeapMinLabel": "22208 kB",
        "jsHeapMaxLabel": "35.7 MB",
        "documentsMin": 1,
        "documentsMax": 1,
        "nodesMin": 1754,
        "nodesMax": 1919,
        "listenersMin": 158,
        "listenersMax": 158
      },
      "runs": 3
    },
    "scroll-left": {
      "rangeStart": 0,
      "rangeEnd": 16691,
      "total": 16691,
      "categories": {
        "other": 547.9996666639248,
        "rendering": 2225.6243333420716,
        "scripting": 2486.475666660476,
        "painting": 765.2636666630084,
        "idle": 10665.268666670503
      },
      "updateCounters": {
        "sampleCount": 3061,
        "jsHeapMinBytes": 14632112,
        "jsHeapMaxBytes": 24369020,
        "jsHeapMinLabel": "14632 kB",
        "jsHeapMaxLabel": "24.4 MB",
        "documentsMin": 1,
        "documentsMax": 1,
        "nodesMin": 1081,
        "nodesMax": 1111,
        "listenersMin": 158,
        "listenersMax": 158
      },
      "runs": 3
    },
    "scroll-right": {
      "rangeStart": 0,
      "rangeEnd": 13602,
      "total": 13602,
      "categories": {
        "rendering": 364.57500000918907,
        "scripting": 479.3086666662091,
        "painting": 138.78266666682126,
        "other": 233.63533332670727,
        "idle": 12385.465683331015
      },
      "updateCounters": {
        "sampleCount": 863,
        "jsHeapMinBytes": 15242592,
        "jsHeapMaxBytes": 23485473.333333332,
        "jsHeapMinLabel": "15243 kB",
        "jsHeapMaxLabel": "23.5 MB",
        "documentsMin": 1,
        "documentsMax": 1,
        "nodesMin": 1061,
        "nodesMax": 1071,
        "listenersMin": 158,
        "listenersMax": 158
      },
      "runs": 3
    },
    "scroll-up": {
      "rangeStart": 0,
      "rangeEnd": 16774,
      "total": 16774,
      "categories": {
        "other": 872.5940000000634,
        "rendering": 4556.012666670838,
        "painting": 1385.7763333345454,
        "scripting": 3821.2076666610246,
        "idle": 6138.61633333362
      },
      "updateCounters": {
        "sampleCount": 2314,
        "jsHeapMinBytes": 22735138.666666668,
        "jsHeapMaxBytes": 50874997.333333336,
        "jsHeapMinLabel": "22735 kB",
        "jsHeapMaxLabel": "50.9 MB",
        "documentsMin": 1,
        "documentsMax": 1,
        "nodesMin": 1795,
        "nodesMax": 2064,
        "listenersMin": 158,
        "listenersMax": 158
      },
      "runs": 3
    },
    "sorting": {
      "rangeStart": 0,
      "rangeEnd": 882,
      "total": 882,
      "categories": {
        "other": 718.7349999999825,
        "scripting": 150.7859499998192,
        "rendering": 7.636666666638727,
        "painting": 1.4456666667635243,
        "idle": 3.3393333333854875
      },
      "updateCounters": {
        "sampleCount": 4,
        "jsHeapMinBytes": 392524209.3333333,
        "jsHeapMaxBytes": 405351768,
        "jsHeapMinLabel": "392524 kB",
        "jsHeapMaxLabel": "405.4 MB",
        "documentsMin": 2,
        "documentsMax": 2,
        "nodesMin": 1867,
        "nodesMax": 1867,
        "listenersMin": 145,
        "listenersMax": 145
      },
      "runs": 3,
      "hookTiming": 215.8999999999845
    },
    "source-data-validator-load": {
      "rangeStart": 0,
      "rangeEnd": 8855,
      "total": 8855,
      "categories": {
        "other": 1794.9733333325469,
        "rendering": 24.723333333696548,
        "scripting": 7031.466666667165,
        "painting": 0.023000000044703484,
        "idle": 3.645333333251377
      },
      "updateCounters": {
        "sampleCount": 59,
        "jsHeapMinBytes": 732092292,
        "jsHeapMaxBytes": 1524559458.6666667,
        "jsHeapMinLabel": "732092 kB",
        "jsHeapMaxLabel": "1524.6 MB",
        "documentsMin": 1,
        "documentsMax": 1,
        "nodesMin": 3600,
        "nodesMax": 4183,
        "listenersMin": 383,
        "listenersMax": 421
      },
      "runs": 3
    }
  }
}