{
  "timestamp": "2026-06-09T06:37:22.774Z",
  "scenarios": {
    "cell-editing": {
      "rangeStart": 0,
      "rangeEnd": 2822,
      "total": 2822,
      "categories": {
        "other": 245.14800000005903,
        "rendering": 262.5669999996414,
        "scripting": 429.715999999923,
        "painting": 52.615666666747224,
        "idle": 1831.3580000003083
      },
      "updateCounters": {
        "sampleCount": 2125,
        "jsHeapMinBytes": 15382704,
        "jsHeapMaxBytes": 27727520,
        "jsHeapMinLabel": "15383 kb",
        "jsHeapMaxLabel": "27.7 Mb",
        "documentsMin": 2,
        "documentsMax": 2,
        "nodesMin": 1032,
        "nodesMax": 1115,
        "listenersMin": 175,
        "listenersMax": 335
      },
      "runs": 3
    },
    "filtering": {
      "rangeStart": 0,
      "rangeEnd": 404,
      "total": 404,
      "categories": {
        "other": 194.32503333332633,
        "scripting": 206.11436666666694,
        "rendering": 2.132416666679395,
        "painting": 0,
        "idle": 0.8829999999822272
      },
      "updateCounters": {
        "sampleCount": 1,
        "jsHeapMinBytes": 157283610.66666666,
        "jsHeapMaxBytes": 158343470.66666666,
        "jsHeapMinLabel": "157284 kb",
        "jsHeapMaxLabel": "158.3 Mb",
        "documentsMin": 4,
        "documentsMax": 4,
        "nodesMin": 1984,
        "nodesMax": 1985,
        "listenersMin": 201,
        "listenersMax": 201
      },
      "runs": 3,
      "hookTiming": 5.000000000009702
    },
    "scroll-down": {
      "rangeStart": 0,
      "rangeEnd": 16723,
      "total": 16723,
      "categories": {
        "other": 175.36733333326222,
        "rendering": 22.75566666657687,
        "painting": 23.895000000232056,
        "scripting": 135.56533333333007,
        "idle": 16365.354333333255
      },
      "updateCounters": {
        "sampleCount": 501,
        "jsHeapMinBytes": 26875782.666666668,
        "jsHeapMaxBytes": 29310710.666666668,
        "jsHeapMinLabel": "26876 kb",
        "jsHeapMaxLabel": "29.3 Mb",
        "documentsMin": 2,
        "documentsMax": 2,
        "nodesMin": 150270,
        "nodesMax": 150270,
        "listenersMin": 158,
        "listenersMax": 158
      },
      "runs": 3
    },
    "scroll-left": {
      "rangeStart": 0,
      "rangeEnd": 16701,
      "total": 16701,
      "categories": {
        "other": 516.7073333341821,
        "rendering": 2201.1963333332583,
        "scripting": 2325.044666667504,
        "painting": 743.4363333337533,
        "idle": 10914.527333331303
      },
      "updateCounters": {
        "sampleCount": 3041,
        "jsHeapMinBytes": 16169098.666666666,
        "jsHeapMaxBytes": 30193609.333333332,
        "jsHeapMinLabel": "16169 kb",
        "jsHeapMaxLabel": "30.2 Mb",
        "documentsMin": 2,
        "documentsMax": 2,
        "nodesMin": 1080,
        "nodesMax": 1080,
        "listenersMin": 158,
        "listenersMax": 158
      },
      "runs": 3
    },
    "scroll-right": {
      "rangeStart": 0,
      "rangeEnd": 13609,
      "total": 13609,
      "categories": {
        "rendering": 326.17766666649067,
        "scripting": 398.88499999984015,
        "painting": 122.21300000027986,
        "other": 187.45766666674595,
        "idle": 12574.555883333282
      },
      "updateCounters": {
        "sampleCount": 861,
        "jsHeapMinBytes": 16519778.666666666,
        "jsHeapMaxBytes": 25011601.333333332,
        "jsHeapMinLabel": "16520 kb",
        "jsHeapMaxLabel": "25.0 Mb",
        "documentsMin": 2,
        "documentsMax": 2,
        "nodesMin": 1080,
        "nodesMax": 1080,
        "listenersMin": 158,
        "listenersMax": 158
      },
      "runs": 3
    },
    "scroll-up": {
      "rangeStart": 0,
      "rangeEnd": 14543,
      "total": 14543,
      "categories": {
        "other": 367.9716666640923,
        "rendering": 1841.6363333320285,
        "scripting": 1908.060000000353,
        "painting": 476.5066666669639,
        "idle": 9948.295966669897
      },
      "updateCounters": {
        "sampleCount": 953,
        "jsHeapMinBytes": 27927894.666666668,
        "jsHeapMaxBytes": 49652304,
        "jsHeapMinLabel": "27928 kb",
        "jsHeapMaxLabel": "49.7 Mb",
        "documentsMin": 2,
        "documentsMax": 2,
        "nodesMin": 150270,
        "nodesMax": 150274,
        "listenersMin": 158,
        "listenersMax": 158
      },
      "runs": 3
    },
    "sorting": {
      "rangeStart": 0,
      "rangeEnd": 402,
      "total": 402,
      "categories": {
        "other": 393.0263499999672,
        "rendering": 1.4481166666761662,
        "scripting": 6.197883333345254,
        "painting": 0.5436666666840514,
        "idle": 0.8193333333474584
      },
      "updateCounters": {
        "sampleCount": 1,
        "jsHeapMinBytes": 154578384,
        "jsHeapMaxBytes": 154578384,
        "jsHeapMinLabel": "154578 kb",
        "jsHeapMaxLabel": "154.6 Mb",
        "documentsMin": 4,
        "documentsMax": 4,
        "nodesMin": 1911,
        "nodesMax": 1911,
        "listenersMin": 145,
        "listenersMax": 145
      },
      "runs": 3,
      "hookTiming": 13.433333333348855
    }
  }
}