{
  "timestamp": "2026-06-26T12:48:11.023Z",
  "scenarios": {
    "cell-editing": {
      "rangeStart": 0,
      "rangeEnd": 2625,
      "total": 2625,
      "categories": {
        "other": 178.22800000078277,
        "rendering": 281.9256666668419,
        "scripting": 325.88333333268724,
        "painting": 36.094333333545364,
        "idle": 1802.5456666661387
      },
      "updateCounters": {
        "sampleCount": 2126,
        "jsHeapMinBytes": 11265397.333333334,
        "jsHeapMaxBytes": 18783582.666666668,
        "jsHeapMinLabel": "11265 kB",
        "jsHeapMaxLabel": "18.8 MB",
        "documentsMin": 1,
        "documentsMax": 1,
        "nodesMin": 784,
        "nodesMax": 1050,
        "listenersMin": 175,
        "listenersMax": 286
      },
      "runs": 3
    },
    "filtering": {
      "rangeStart": 0,
      "rangeEnd": 517,
      "total": 517,
      "categories": {
        "other": 501.7132666666683,
        "rendering": 0,
        "scripting": 13.961683333327372,
        "painting": 0,
        "idle": 1.9593333333420258
      },
      "updateCounters": {
        "sampleCount": 3,
        "jsHeapMinBytes": 359674832,
        "jsHeapMaxBytes": 382999504,
        "jsHeapMinLabel": "359675 kB",
        "jsHeapMaxLabel": "383.0 MB",
        "documentsMin": 2,
        "documentsMax": 2,
        "nodesMin": 1936,
        "nodesMax": 1937,
        "listenersMin": 204,
        "listenersMax": 204
      },
      "runs": 3,
      "hookTiming": 61.29999999999806
    },
    "initial-load": {
      "rangeStart": 0,
      "rangeEnd": 539,
      "total": 539,
      "categories": {
        "other": 465.1793666666999,
        "rendering": 10.061333333297322,
        "scripting": 62.73794999999771,
        "idle": 1.5116666666581295,
        "painting": 0.0629999999946449
      },
      "updateCounters": {
        "sampleCount": 4,
        "jsHeapMinBytes": 309936034.6666667,
        "jsHeapMaxBytes": 311082552,
        "jsHeapMinLabel": "309936 kB",
        "jsHeapMaxLabel": "311.1 MB",
        "documentsMin": 1,
        "documentsMax": 1,
        "nodesMin": 4780,
        "nodesMax": 5363,
        "listenersMin": 459,
        "listenersMax": 497
      },
      "runs": 3
    },
    "scroll-down": {
      "rangeStart": 0,
      "rangeEnd": 14984,
      "total": 14984,
      "categories": {
        "rendering": 734.9793333332442,
        "scripting": 679.2900000001496,
        "painting": 241.42333333272836,
        "other": 233.23066666766363,
        "idle": 13095.175533332891
      },
      "updateCounters": {
        "sampleCount": 898,
        "jsHeapMinBytes": 38253062.666666664,
        "jsHeapMaxBytes": 49834818.666666664,
        "jsHeapMinLabel": "38253 kB",
        "jsHeapMaxLabel": "49.8 MB",
        "documentsMin": 1,
        "documentsMax": 1,
        "nodesMin": 1754,
        "nodesMax": 1857,
        "listenersMin": 158,
        "listenersMax": 158
      },
      "runs": 3
    },
    "scroll-left": {
      "rangeStart": 0,
      "rangeEnd": 16684,
      "total": 16684,
      "categories": {
        "other": 424.5643333323134,
        "rendering": 1698.859000000831,
        "scripting": 1885.389666666472,
        "painting": 583.9660000002672,
        "idle": 12091.386333333465
      },
      "updateCounters": {
        "sampleCount": 3057,
        "jsHeapMinBytes": 14535276,
        "jsHeapMaxBytes": 24755480,
        "jsHeapMinLabel": "14535 kB",
        "jsHeapMaxLabel": "24.8 MB",
        "documentsMin": 1,
        "documentsMax": 1,
        "nodesMin": 1081,
        "nodesMax": 1111,
        "listenersMin": 158,
        "listenersMax": 158
      },
      "runs": 3
    },
    "scroll-right": {
      "rangeStart": 0,
      "rangeEnd": 13594,
      "total": 13594,
      "categories": {
        "rendering": 270.7360000003828,
        "scripting": 343.5866666673669,
        "painting": 104.81933333247434,
        "other": 161.63500000022415,
        "idle": 12713.38098333287
      },
      "updateCounters": {
        "sampleCount": 863,
        "jsHeapMinBytes": 15204832,
        "jsHeapMaxBytes": 20180166.666666668,
        "jsHeapMinLabel": "15205 kB",
        "jsHeapMaxLabel": "20.2 MB",
        "documentsMin": 1,
        "documentsMax": 1,
        "nodesMin": 1051,
        "nodesMax": 1061,
        "listenersMin": 158,
        "listenersMax": 158
      },
      "runs": 3
    },
    "scroll-up": {
      "rangeStart": 0,
      "rangeEnd": 16723,
      "total": 16723,
      "categories": {
        "other": 634.3283333320561,
        "rendering": 3238.4363333331225,
        "painting": 1024.1696666671003,
        "scripting": 2604.232666668591,
        "idle": 9221.71966666577
      },
      "updateCounters": {
        "sampleCount": 2314,
        "jsHeapMinBytes": 33427914.666666668,
        "jsHeapMaxBytes": 61880594.666666664,
        "jsHeapMinLabel": "33428 kB",
        "jsHeapMaxLabel": "61.9 MB",
        "documentsMin": 1,
        "documentsMax": 1,
        "nodesMin": 1795,
        "nodesMax": 2126,
        "listenersMin": 158,
        "listenersMax": 158
      },
      "runs": 3
    },
    "sorting": {
      "rangeStart": 0,
      "rangeEnd": 634,
      "total": 634,
      "categories": {
        "other": 550.0376666666713,
        "scripting": 77.78723333331617,
        "rendering": 3.2543333333257274,
        "painting": 0.714000000016919,
        "idle": 2.0156666666734964
      },
      "updateCounters": {
        "sampleCount": 3,
        "jsHeapMinBytes": 395406332,
        "jsHeapMaxBytes": 401194736,
        "jsHeapMinLabel": "395406 kB",
        "jsHeapMaxLabel": "401.2 MB",
        "documentsMin": 2,
        "documentsMax": 2,
        "nodesMin": 1867,
        "nodesMax": 1867,
        "listenersMin": 145,
        "listenersMax": 145
      },
      "runs": 3,
      "hookTiming": 161.59999999999613
    },
    "source-data-validator-load": {
      "rangeStart": 0,
      "rangeEnd": 6977,
      "total": 6977,
      "categories": {
        "other": 1443.3653333332059,
        "rendering": 17.850333333442297,
        "scripting": 5513.417666666537,
        "idle": 1.9506666668263886,
        "painting": 0.015000000013969839
      },
      "updateCounters": {
        "sampleCount": 61,
        "jsHeapMinBytes": 538677188,
        "jsHeapMaxBytes": 1323688414.6666667,
        "jsHeapMinLabel": "538677 kB",
        "jsHeapMaxLabel": "1323.7 MB",
        "documentsMin": 1,
        "documentsMax": 1,
        "nodesMin": 3600,
        "nodesMax": 4751,
        "listenersMin": 383,
        "listenersMax": 459
      },
      "runs": 3
    }
  }
}