{
  "timestamp": "2026-05-05T13:51:48.877Z",
  "scenarios": {
    "cell-editing": {
      "rangeStart": 0,
      "rangeEnd": 2659,
      "total": 2659,
      "categories": {
        "other": 209.45500000004913,
        "rendering": 217.07966666666712,
        "scripting": 372.65433333332106,
        "painting": 41.37966666664579,
        "idle": 1818.8463333333202
      },
      "updateCounters": {
        "sampleCount": 2101,
        "jsHeapMinBytes": 15579412,
        "jsHeapMaxBytes": 28570298.666666668,
        "jsHeapMinLabel": "15579 kb",
        "jsHeapMaxLabel": "28.6 Mb",
        "documentsMin": 2,
        "documentsMax": 2,
        "nodesMin": 1030,
        "nodesMax": 1109,
        "listenersMin": 175,
        "listenersMax": 331
      },
      "runs": 3
    },
    "filtering": {
      "rangeStart": 0,
      "rangeEnd": 359,
      "total": 359,
      "categories": {
        "other": 343.05933333333377,
        "rendering": 1.8576666666388821,
        "scripting": 12.01436666666468,
        "painting": 0,
        "idle": 1.784000000023904
      },
      "updateCounters": {
        "sampleCount": 1,
        "jsHeapMinBytes": 155413748,
        "jsHeapMaxBytes": 155413748,
        "jsHeapMinLabel": "155414 kb",
        "jsHeapMaxLabel": "155.4 Mb",
        "documentsMin": 4,
        "documentsMax": 4,
        "nodesMin": 1981,
        "nodesMax": 1981,
        "listenersMin": 201,
        "listenersMax": 201
      },
      "runs": 3,
      "hookTiming": 5.233333333337214
    },
    "scroll-down": {
      "rangeStart": 0,
      "rangeEnd": 16717,
      "total": 16717,
      "categories": {
        "other": 131.29033333322297,
        "rendering": 18.056000000108423,
        "painting": 19.14900000016011,
        "scripting": 110.99266666669523,
        "idle": 16437.67066666648
      },
      "updateCounters": {
        "sampleCount": 501,
        "jsHeapMinBytes": 26903261.333333332,
        "jsHeapMaxBytes": 30493361.333333332,
        "jsHeapMinLabel": "26903 kb",
        "jsHeapMaxLabel": "30.5 Mb",
        "documentsMin": 2,
        "documentsMax": 2,
        "nodesMin": 150268,
        "nodesMax": 150305,
        "listenersMin": 158,
        "listenersMax": 158
      },
      "runs": 3
    },
    "scroll-left": {
      "rangeStart": 0,
      "rangeEnd": 16693,
      "total": 16693,
      "categories": {
        "other": 456.5193333334674,
        "rendering": 1985.2013333320501,
        "scripting": 2043.0340000005363,
        "painting": 531.815666666526,
        "idle": 11675.84266666742
      },
      "updateCounters": {
        "sampleCount": 3041,
        "jsHeapMinBytes": 16021293.333333334,
        "jsHeapMaxBytes": 30838069.333333332,
        "jsHeapMinLabel": "16021 kb",
        "jsHeapMaxLabel": "30.8 Mb",
        "documentsMin": 2,
        "documentsMax": 2,
        "nodesMin": 1078,
        "nodesMax": 1170,
        "listenersMin": 158,
        "listenersMax": 158
      },
      "runs": 3
    },
    "scroll-right": {
      "rangeStart": 0,
      "rangeEnd": 13597,
      "total": 13597,
      "categories": {
        "rendering": 300.3313333315891,
        "scripting": 334.6833333340557,
        "painting": 90.82966666724921,
        "other": 139.06500000170138,
        "idle": 12732.648216665411
      },
      "updateCounters": {
        "sampleCount": 860,
        "jsHeapMinBytes": 16418764,
        "jsHeapMaxBytes": 21417301.333333332,
        "jsHeapMinLabel": "16419 kb",
        "jsHeapMaxLabel": "21.4 Mb",
        "documentsMin": 2,
        "documentsMax": 2,
        "nodesMin": 1078,
        "nodesMax": 1109,
        "listenersMin": 158,
        "listenersMax": 158
      },
      "runs": 3
    },
    "scroll-up": {
      "rangeStart": 0,
      "rangeEnd": 14548,
      "total": 14548,
      "categories": {
        "other": 246.97599999915005,
        "rendering": 1622.0216666662407,
        "scripting": 1561.411666667924,
        "painting": 364.24533333287883,
        "idle": 10752.995533333762
      },
      "updateCounters": {
        "sampleCount": 927,
        "jsHeapMinBytes": 28046052,
        "jsHeapMaxBytes": 56638374.666666664,
        "jsHeapMinLabel": "28046 kb",
        "jsHeapMaxLabel": "56.6 Mb",
        "documentsMin": 2,
        "documentsMax": 2,
        "nodesMin": 150274,
        "nodesMax": 150753,
        "listenersMin": 158,
        "listenersMax": 158
      },
      "runs": 3
    },
    "sorting": {
      "rangeStart": 0,
      "rangeEnd": 345,
      "total": 345,
      "categories": {
        "other": 339.4918833333758,
        "rendering": 0.14234999999947226,
        "scripting": 4.65823333332936,
        "painting": 0,
        "idle": 1.4313333333120777
      },
      "updateCounters": {
        "sampleCount": 2,
        "jsHeapMinBytes": 141762264,
        "jsHeapMaxBytes": 147123164,
        "jsHeapMinLabel": "141762 kb",
        "jsHeapMaxLabel": "147.1 Mb",
        "documentsMin": 4,
        "documentsMax": 4,
        "nodesMin": 1913,
        "nodesMax": 1915,
        "listenersMin": 145,
        "listenersMax": 145
      },
      "runs": 3,
      "hookTiming": 13.266666666643383
    }
  }
}