{
  "timestamp": "2026-06-03T06:45:21.325Z",
  "scenarios": {
    "cell-editing": {
      "rangeStart": 0,
      "rangeEnd": 2831,
      "total": 2831,
      "categories": {
        "other": 246.76866666652413,
        "rendering": 272.7846666663245,
        "scripting": 422.35266666688244,
        "painting": 53.3666666666104,
        "idle": 1835.904666666994
      },
      "updateCounters": {
        "sampleCount": 2124,
        "jsHeapMinBytes": 15431846.666666666,
        "jsHeapMaxBytes": 28126014.666666668,
        "jsHeapMinLabel": "15432 kb",
        "jsHeapMaxLabel": "28.1 Mb",
        "documentsMin": 2,
        "documentsMax": 2,
        "nodesMin": 1032,
        "nodesMax": 1112,
        "listenersMin": 175,
        "listenersMax": 328
      },
      "runs": 3
    },
    "filtering": {
      "rangeStart": 0,
      "rangeEnd": 401,
      "total": 401,
      "categories": {
        "other": 383.4077666666761,
        "rendering": 2.8608999999948233,
        "scripting": 13.234833333335196,
        "painting": 0.2554833333318432,
        "idle": 1.3093333333235933
      },
      "updateCounters": {
        "sampleCount": 1,
        "jsHeapMinBytes": 158496844,
        "jsHeapMaxBytes": 158496844,
        "jsHeapMinLabel": "158497 kb",
        "jsHeapMaxLabel": "158.5 Mb",
        "documentsMin": 4,
        "documentsMax": 4,
        "nodesMin": 1985,
        "nodesMax": 1985,
        "listenersMin": 201,
        "listenersMax": 201
      },
      "runs": 3,
      "hookTiming": 4.766666666662786
    },
    "scroll-down": {
      "rangeStart": 0,
      "rangeEnd": 16726,
      "total": 16726,
      "categories": {
        "other": 192.0233333336363,
        "rendering": 24.784666666052846,
        "painting": 26.449333333104732,
        "scripting": 139.37266666670146,
        "idle": 16342.771000000508
      },
      "updateCounters": {
        "sampleCount": 501,
        "jsHeapMinBytes": 26860144,
        "jsHeapMaxBytes": 27398001.333333332,
        "jsHeapMinLabel": "26860 kb",
        "jsHeapMaxLabel": "27.4 Mb",
        "documentsMin": 2,
        "documentsMax": 2,
        "nodesMin": 150270,
        "nodesMax": 150270,
        "listenersMin": 158,
        "listenersMax": 158
      },
      "runs": 3
    },
    "scroll-left": {
      "rangeStart": 0,
      "rangeEnd": 16715,
      "total": 16715,
      "categories": {
        "other": 577.1613333337215,
        "rendering": 2437.3059999990705,
        "painting": 810.4236666666208,
        "scripting": 2609.910000001118,
        "idle": 10280.028333332806
      },
      "updateCounters": {
        "sampleCount": 3041,
        "jsHeapMinBytes": 16158842.666666666,
        "jsHeapMaxBytes": 31032809.333333332,
        "jsHeapMinLabel": "16159 kb",
        "jsHeapMaxLabel": "31.0 Mb",
        "documentsMin": 2,
        "documentsMax": 2,
        "nodesMin": 1080,
        "nodesMax": 1080,
        "listenersMin": 158,
        "listenersMax": 158
      },
      "runs": 3
    },
    "scroll-right": {
      "rangeStart": 0,
      "rangeEnd": 13609,
      "total": 13609,
      "categories": {
        "rendering": 353.84133333387825,
        "scripting": 456.69233333286166,
        "painting": 133.7050000001133,
        "other": 205.25100000038978,
        "idle": 12460.069249999427
      },
      "updateCounters": {
        "sampleCount": 860,
        "jsHeapMinBytes": 16475800,
        "jsHeapMaxBytes": 25277616,
        "jsHeapMinLabel": "16476 kb",
        "jsHeapMaxLabel": "25.3 Mb",
        "documentsMin": 2,
        "documentsMax": 2,
        "nodesMin": 1080,
        "nodesMax": 1080,
        "listenersMin": 158,
        "listenersMax": 158
      },
      "runs": 3
    },
    "scroll-up": {
      "rangeStart": 0,
      "rangeEnd": 14541,
      "total": 14541,
      "categories": {
        "other": 404.59599999972215,
        "rendering": 1973.807333332564,
        "scripting": 2071.7853333339704,
        "painting": 524.8486666651637,
        "idle": 9565.77086666857
      },
      "updateCounters": {
        "sampleCount": 953,
        "jsHeapMinBytes": 27893098.666666668,
        "jsHeapMaxBytes": 49638129.333333336,
        "jsHeapMinLabel": "27893 kb",
        "jsHeapMaxLabel": "49.6 Mb",
        "documentsMin": 2,
        "documentsMax": 2,
        "nodesMin": 150270,
        "nodesMax": 150274,
        "listenersMin": 158,
        "listenersMax": 158
      },
      "runs": 3
    },
    "sorting": {
      "rangeStart": 0,
      "rangeEnd": 401,
      "total": 401,
      "categories": {
        "other": 391.4403000000355,
        "rendering": 1.6504833333310671,
        "scripting": 6.128666666666667,
        "painting": 0,
        "idle": 1.1919999999809079
      },
      "updateCounters": {
        "sampleCount": 1,
        "jsHeapMinBytes": 154536308,
        "jsHeapMaxBytes": 154536308,
        "jsHeapMinLabel": "154536 kb",
        "jsHeapMaxLabel": "154.5 Mb",
        "documentsMin": 4,
        "documentsMax": 4,
        "nodesMin": 1911,
        "nodesMax": 1911,
        "listenersMin": 145,
        "listenersMax": 145
      },
      "runs": 3,
      "hookTiming": 12.66666666668607
    }
  }
}