{
  "timestamp": "2026-06-29T11:56:26.424Z",
  "scenarios": {
    "cell-editing": {
      "rangeStart": 0,
      "rangeEnd": 2890,
      "total": 2890,
      "categories": {
        "other": 211.2019999984059,
        "rendering": 373.7759999997991,
        "scripting": 423.3456666670324,
        "painting": 46.718333334118746,
        "idle": 1835.3556666672619
      },
      "updateCounters": {
        "sampleCount": 2123,
        "jsHeapMinBytes": 12230677.333333334,
        "jsHeapMaxBytes": 19514550.666666668,
        "jsHeapMinLabel": "12231 kB",
        "jsHeapMaxLabel": "19.5 MB",
        "documentsMin": 1,
        "documentsMax": 1,
        "nodesMin": 823,
        "nodesMax": 1158,
        "listenersMin": 177,
        "listenersMax": 367
      },
      "runs": 3
    },
    "filtering": {
      "rangeStart": 0,
      "rangeEnd": 596,
      "total": 596,
      "categories": {
        "other": 547.1170000000842,
        "rendering": 4.748333333370586,
        "scripting": 40.54276666666225,
        "painting": 0.5079999999531234,
        "idle": 2.972999999959294
      },
      "updateCounters": {
        "sampleCount": 2,
        "jsHeapMinBytes": 337653424,
        "jsHeapMaxBytes": 353061009.3333333,
        "jsHeapMinLabel": "337653 kB",
        "jsHeapMaxLabel": "353.1 MB",
        "documentsMin": 3,
        "documentsMax": 3,
        "nodesMin": 1967,
        "nodesMax": 1967,
        "listenersMin": 206,
        "listenersMax": 206
      },
      "runs": 3,
      "hookTiming": 59.93333333331005
    },
    "initial-load": {
      "rangeStart": 0,
      "rangeEnd": 552,
      "total": 552,
      "categories": {
        "other": 529.4317500000471,
        "rendering": 0.4223333332920447,
        "scripting": 20.538050000031788,
        "idle": 1.574999999992239
      },
      "updateCounters": {
        "sampleCount": 2,
        "jsHeapMinBytes": 316224768,
        "jsHeapMaxBytes": 316224826.6666667,
        "jsHeapMinLabel": "316225 kB",
        "jsHeapMaxLabel": "316.2 MB",
        "documentsMin": 1,
        "documentsMax": 1,
        "nodesMin": 4793,
        "nodesMax": 4793,
        "listenersMin": 629,
        "listenersMax": 629
      },
      "runs": 3
    },
    "scroll-down": {
      "rangeStart": 0,
      "rangeEnd": 15017,
      "total": 15017,
      "categories": {
        "rendering": 964.2509999981072,
        "scripting": 905.2269999993883,
        "painting": 295.117999998969,
        "other": 288.6356666690983,
        "idle": 12564.085133334427
      },
      "updateCounters": {
        "sampleCount": 900,
        "jsHeapMinBytes": 22425228,
        "jsHeapMaxBytes": 39637049.333333336,
        "jsHeapMinLabel": "22425 kB",
        "jsHeapMaxLabel": "39.6 MB",
        "documentsMin": 1,
        "documentsMax": 1,
        "nodesMin": 1754,
        "nodesMax": 1898,
        "listenersMin": 158,
        "listenersMax": 158
      },
      "runs": 3
    },
    "scroll-left": {
      "rangeStart": 0,
      "rangeEnd": 16700,
      "total": 16700,
      "categories": {
        "other": 516.9556666646538,
        "rendering": 2123.599333330368,
        "painting": 734.3006666673269,
        "scripting": 2595.328666668874,
        "idle": 10729.81266666879
      },
      "updateCounters": {
        "sampleCount": 3055,
        "jsHeapMinBytes": 14634182.666666666,
        "jsHeapMaxBytes": 26652553.333333332,
        "jsHeapMinLabel": "14634 kB",
        "jsHeapMaxLabel": "26.7 MB",
        "documentsMin": 1,
        "documentsMax": 1,
        "nodesMin": 1081,
        "nodesMax": 1111,
        "listenersMin": 158,
        "listenersMax": 158
      },
      "runs": 3
    },
    "scroll-right": {
      "rangeStart": 0,
      "rangeEnd": 13597,
      "total": 13597,
      "categories": {
        "rendering": 329.31333333137445,
        "scripting": 437.46266666688024,
        "painting": 122.63299999812928,
        "other": 167.56233333729517,
        "idle": 12540.089416666306
      },
      "updateCounters": {
        "sampleCount": 863,
        "jsHeapMinBytes": 15254622.666666666,
        "jsHeapMaxBytes": 20227172,
        "jsHeapMinLabel": "15255 kB",
        "jsHeapMaxLabel": "20.2 MB",
        "documentsMin": 1,
        "documentsMax": 1,
        "nodesMin": 1051,
        "nodesMax": 1061,
        "listenersMin": 158,
        "listenersMax": 158
      },
      "runs": 3
    },
    "scroll-up": {
      "rangeStart": 0,
      "rangeEnd": 16754,
      "total": 16754,
      "categories": {
        "other": 781.7696666666913,
        "rendering": 4097.184000001017,
        "painting": 1226.0236666666267,
        "scripting": 3687.5159999954217,
        "idle": 6961.060000003548
      },
      "updateCounters": {
        "sampleCount": 2314,
        "jsHeapMinBytes": 22326573.333333332,
        "jsHeapMaxBytes": 50863248,
        "jsHeapMinLabel": "22327 kB",
        "jsHeapMaxLabel": "50.9 MB",
        "documentsMin": 1,
        "documentsMax": 1,
        "nodesMin": 1816,
        "nodesMax": 2064,
        "listenersMin": 158,
        "listenersMax": 158
      },
      "runs": 3
    },
    "sorting": {
      "rangeStart": 0,
      "rangeEnd": 819,
      "total": 819,
      "categories": {
        "other": 661.0496666667567,
        "scripting": 148.15778333342448,
        "rendering": 5.67033333327466,
        "painting": 1.221666666562669,
        "idle": 3.08399999999286
      },
      "updateCounters": {
        "sampleCount": 3,
        "jsHeapMinBytes": 393319030.6666667,
        "jsHeapMaxBytes": 410741468,
        "jsHeapMinLabel": "393319 kB",
        "jsHeapMaxLabel": "410.7 MB",
        "documentsMin": 2,
        "documentsMax": 2,
        "nodesMin": 1867,
        "nodesMax": 1867,
        "listenersMin": 145,
        "listenersMax": 145
      },
      "runs": 3,
      "hookTiming": 232.93333333331006
    },
    "source-data-validator-load": {
      "rangeStart": 0,
      "rangeEnd": 9251,
      "total": 9251,
      "categories": {
        "other": 1643.6599999998564,
        "rendering": 22.482666666813504,
        "scripting": 7577.576666666565,
        "idle": 6.941333333379589
      },
      "updateCounters": {
        "sampleCount": 59,
        "jsHeapMinBytes": 589962454.6666666,
        "jsHeapMaxBytes": 1380957942.6666667,
        "jsHeapMinLabel": "589962 kB",
        "jsHeapMaxLabel": "1381.0 MB",
        "documentsMin": 1,
        "documentsMax": 1,
        "nodesMin": 3587,
        "nodesMax": 3616,
        "listenersMin": 377,
        "listenersMax": 402
      },
      "runs": 3
    }
  }
}