{
  "timestamp": "2026-05-18T09:56:56.092Z",
  "scenarios": {
    "cell-editing": {
      "rangeStart": 0,
      "rangeEnd": 2787,
      "total": 2787,
      "categories": {
        "other": 231.88599999974772,
        "rendering": 263.0943333333077,
        "scripting": 415.36100000008065,
        "painting": 52.112333333371986,
        "idle": 1824.363666666822
      },
      "updateCounters": {
        "sampleCount": 2103,
        "jsHeapMinBytes": 15266246.666666666,
        "jsHeapMaxBytes": 29234156,
        "jsHeapMinLabel": "15266 kb",
        "jsHeapMaxLabel": "29.2 Mb",
        "documentsMin": 2,
        "documentsMax": 2,
        "nodesMin": 1030,
        "nodesMax": 1113,
        "listenersMin": 175,
        "listenersMax": 339
      },
      "runs": 3
    },
    "filtering": {
      "rangeStart": 0,
      "rangeEnd": 333,
      "total": 333,
      "categories": {
        "other": 318.97114999998547,
        "rendering": 1.5026666666817619,
        "scripting": 11.237633333335319,
        "painting": 0,
        "idle": 1.211333333325456
      },
      "updateCounters": {
        "sampleCount": 1,
        "jsHeapMinBytes": 155968064,
        "jsHeapMaxBytes": 155968064,
        "jsHeapMinLabel": "155968 kb",
        "jsHeapMaxLabel": "156.0 Mb",
        "documentsMin": 4,
        "documentsMax": 4,
        "nodesMin": 1981,
        "nodesMax": 1981,
        "listenersMin": 201,
        "listenersMax": 201
      },
      "runs": 3,
      "hookTiming": 4.633333333331393
    },
    "scroll-down": {
      "rangeStart": 0,
      "rangeEnd": 16712,
      "total": 16712,
      "categories": {
        "other": 200.0516666675804,
        "rendering": 22.25299999951676,
        "painting": 26.062666666698835,
        "scripting": 131.91166666663554,
        "idle": 16332.067999999577
      },
      "updateCounters": {
        "sampleCount": 501,
        "jsHeapMinBytes": 26916733.333333332,
        "jsHeapMaxBytes": 30060602.666666668,
        "jsHeapMinLabel": "26917 kb",
        "jsHeapMaxLabel": "30.1 Mb",
        "documentsMin": 2,
        "documentsMax": 2,
        "nodesMin": 150268,
        "nodesMax": 150304,
        "listenersMin": 158,
        "listenersMax": 158
      },
      "runs": 3
    },
    "scroll-left": {
      "rangeStart": 0,
      "rangeEnd": 16697,
      "total": 16697,
      "categories": {
        "other": 549.1333333323568,
        "rendering": 2181.0966666678337,
        "scripting": 2204.108999999633,
        "painting": 636.6710000000506,
        "idle": 11125.774333333451
      },
      "updateCounters": {
        "sampleCount": 3091,
        "jsHeapMinBytes": 16042402.666666666,
        "jsHeapMaxBytes": 30717377.333333332,
        "jsHeapMinLabel": "16042 kb",
        "jsHeapMaxLabel": "30.7 Mb",
        "documentsMin": 2,
        "documentsMax": 2,
        "nodesMin": 1078,
        "nodesMax": 1177,
        "listenersMin": 158,
        "listenersMax": 158
      },
      "runs": 3
    },
    "scroll-right": {
      "rangeStart": 0,
      "rangeEnd": 13601,
      "total": 13601,
      "categories": {
        "rendering": 331.04533333331347,
        "scripting": 372.8986666664123,
        "painting": 113.50299999991937,
        "other": 197.4730000010079,
        "idle": 12586.451116666032
      },
      "updateCounters": {
        "sampleCount": 861,
        "jsHeapMinBytes": 16417776,
        "jsHeapMaxBytes": 21411832,
        "jsHeapMinLabel": "16418 kb",
        "jsHeapMaxLabel": "21.4 Mb",
        "documentsMin": 2,
        "documentsMax": 2,
        "nodesMin": 1078,
        "nodesMax": 1109,
        "listenersMin": 158,
        "listenersMax": 158
      },
      "runs": 3
    },
    "scroll-up": {
      "rangeStart": 0,
      "rangeEnd": 14546,
      "total": 14546,
      "categories": {
        "other": 312.3076666669435,
        "rendering": 1790.9026666663704,
        "scripting": 1708.312333334352,
        "painting": 433.25300000004546,
        "idle": 10301.461516665624
      },
      "updateCounters": {
        "sampleCount": 927,
        "jsHeapMinBytes": 28105570.666666668,
        "jsHeapMaxBytes": 56676905.333333336,
        "jsHeapMinLabel": "28106 kb",
        "jsHeapMaxLabel": "56.7 Mb",
        "documentsMin": 2,
        "documentsMax": 2,
        "nodesMin": 150276,
        "nodesMax": 150755,
        "listenersMin": 158,
        "listenersMax": 158
      },
      "runs": 3
    },
    "sorting": {
      "rangeStart": 0,
      "rangeEnd": 326,
      "total": 326,
      "categories": {
        "other": 318.9205166666826,
        "rendering": 0.7645666666794568,
        "scripting": 4.481899999996027,
        "painting": 0,
        "idle": 1.1393333333350408
      },
      "updateCounters": {
        "sampleCount": 2,
        "jsHeapMinBytes": 141461036,
        "jsHeapMaxBytes": 146827256,
        "jsHeapMinLabel": "141461 kb",
        "jsHeapMaxLabel": "146.8 Mb",
        "documentsMin": 4,
        "documentsMax": 4,
        "nodesMin": 1913,
        "nodesMax": 1915,
        "listenersMin": 145,
        "listenersMax": 145
      },
      "runs": 3,
      "hookTiming": 11.733333333337214
    }
  }
}