{
  "timestamp": "2026-04-21T12:20:52.777Z",
  "scenarios": {
    "cell-editing": {
      "rangeStart": 0,
      "rangeEnd": 2723,
      "total": 2723,
      "categories": {
        "other": 218.344666667131,
        "rendering": 231.4250000003667,
        "scripting": 396.4469999990797,
        "painting": 44.282333333268376,
        "idle": 1832.7736666668304
      },
      "updateCounters": {
        "sampleCount": 2102,
        "jsHeapMinBytes": 15184032,
        "jsHeapMaxBytes": 29165800,
        "jsHeapMinLabel": "15184 kb",
        "jsHeapMaxLabel": "29.2 Mb",
        "documentsMin": 2,
        "documentsMax": 2,
        "nodesMin": 1030,
        "nodesMax": 1113,
        "listenersMin": 173,
        "listenersMax": 337
      },
      "runs": 3
    },
    "filtering": {
      "rangeStart": 0,
      "rangeEnd": 373,
      "total": 373,
      "categories": {
        "other": 357.0590000000108,
        "rendering": 1.9506666666517656,
        "scripting": 12.3485,
        "painting": 0,
        "idle": 1.5113333333380676
      },
      "updateCounters": {
        "sampleCount": 1,
        "jsHeapMinBytes": 143770264,
        "jsHeapMaxBytes": 143770264,
        "jsHeapMinLabel": "143770 kb",
        "jsHeapMaxLabel": "143.8 Mb",
        "documentsMin": 4,
        "documentsMax": 4,
        "nodesMin": 1987,
        "nodesMax": 1987,
        "listenersMin": 199,
        "listenersMax": 199
      },
      "runs": 3,
      "hookTiming": 4.800000000007761
    },
    "scroll-down": {
      "rangeStart": 0,
      "rangeEnd": 16711,
      "total": 16711,
      "categories": {
        "other": 146.3083333339189,
        "rendering": 19.995333333596744,
        "painting": 20.86500000014591,
        "scripting": 111.66633333328103,
        "idle": 16412.39233333239
      },
      "updateCounters": {
        "sampleCount": 501,
        "jsHeapMinBytes": 26865054.666666668,
        "jsHeapMaxBytes": 30902388,
        "jsHeapMinLabel": "26865 kb",
        "jsHeapMaxLabel": "30.9 Mb",
        "documentsMin": 2,
        "documentsMax": 2,
        "nodesMin": 150268,
        "nodesMax": 150307,
        "listenersMin": 156,
        "listenersMax": 156
      },
      "runs": 3
    },
    "scroll-left": {
      "rangeStart": 0,
      "rangeEnd": 16713,
      "total": 16713,
      "categories": {
        "other": 485.3776666664007,
        "rendering": 2168.0903333355577,
        "painting": 588.5699999998227,
        "scripting": 2241.2786666665484,
        "idle": 11229.601333331686
      },
      "updateCounters": {
        "sampleCount": 3041,
        "jsHeapMinBytes": 15953986.666666666,
        "jsHeapMaxBytes": 30510040,
        "jsHeapMinLabel": "15954 kb",
        "jsHeapMaxLabel": "30.5 Mb",
        "documentsMin": 2,
        "documentsMax": 2,
        "nodesMin": 1078,
        "nodesMax": 1171,
        "listenersMin": 156,
        "listenersMax": 156
      },
      "runs": 3
    },
    "scroll-right": {
      "rangeStart": 0,
      "rangeEnd": 13614,
      "total": 13614,
      "categories": {
        "rendering": 314.9946666670148,
        "scripting": 370.9020000004166,
        "painting": 97.45766666622755,
        "other": 153.13766666627149,
        "idle": 12677.325066666739
      },
      "updateCounters": {
        "sampleCount": 861,
        "jsHeapMinBytes": 16357145.333333334,
        "jsHeapMaxBytes": 21378796,
        "jsHeapMinLabel": "16357 kb",
        "jsHeapMaxLabel": "21.4 Mb",
        "documentsMin": 2,
        "documentsMax": 2,
        "nodesMin": 1078,
        "nodesMax": 1109,
        "listenersMin": 156,
        "listenersMax": 156
      },
      "runs": 3
    },
    "scroll-up": {
      "rangeStart": 0,
      "rangeEnd": 14539,
      "total": 14539,
      "categories": {
        "other": 260.9709999989288,
        "rendering": 1716.6143333347281,
        "scripting": 1685.976333331476,
        "painting": 362.87199999970227,
        "idle": 10512.408516668502
      },
      "updateCounters": {
        "sampleCount": 927,
        "jsHeapMinBytes": 27984898.666666668,
        "jsHeapMaxBytes": 56563962.666666664,
        "jsHeapMinLabel": "27985 kb",
        "jsHeapMaxLabel": "56.6 Mb",
        "documentsMin": 2,
        "documentsMax": 2,
        "nodesMin": 150275,
        "nodesMax": 150753,
        "listenersMin": 156,
        "listenersMax": 156
      },
      "runs": 3
    },
    "sorting": {
      "rangeStart": 0,
      "rangeEnd": 347,
      "total": 347,
      "categories": {
        "other": 339.55875000000265,
        "rendering": 0.09666666664027919,
        "scripting": 5.406583333333334,
        "painting": 0,
        "idle": 1.828000000018316
      },
      "updateCounters": {
        "sampleCount": 2,
        "jsHeapMinBytes": 141816976,
        "jsHeapMaxBytes": 147173656,
        "jsHeapMinLabel": "141817 kb",
        "jsHeapMaxLabel": "147.2 Mb",
        "documentsMin": 4,
        "documentsMax": 4,
        "nodesMin": 1913,
        "nodesMax": 1915,
        "listenersMin": 143,
        "listenersMax": 143
      },
      "runs": 3,
      "hookTiming": 13.133333333341094
    }
  }
}