{
  "timestamp": "2026-07-02T08:46:49.517Z",
  "scenarios": {
    "cell-editing": {
      "rangeStart": 0,
      "rangeEnd": 2946,
      "total": 2946,
      "categories": {
        "other": 226.16966666634025,
        "rendering": 402.4660000001847,
        "scripting": 419.32433333330204,
        "painting": 52.015000000033375,
        "idle": 1846.5523333334713
      },
      "updateCounters": {
        "sampleCount": 2125,
        "jsHeapMinBytes": 11763988,
        "jsHeapMaxBytes": 19064276,
        "jsHeapMinLabel": "11764 kB",
        "jsHeapMaxLabel": "19.1 MB",
        "documentsMin": 1,
        "documentsMax": 1,
        "nodesMin": 775,
        "nodesMax": 1222,
        "listenersMin": 176,
        "listenersMax": 462
      },
      "runs": 3
    },
    "filtering": {
      "rangeStart": 0,
      "rangeEnd": 604,
      "total": 604,
      "categories": {
        "other": 557.2509166666553,
        "scripting": 38.37763333333385,
        "rendering": 4.976333333334575,
        "painting": 0.6200000000001941,
        "idle": 2.388000000006324
      },
      "updateCounters": {
        "sampleCount": 2,
        "jsHeapMinBytes": 311630169.3333333,
        "jsHeapMaxBytes": 316623993.3333333,
        "jsHeapMinLabel": "311630 kB",
        "jsHeapMaxLabel": "316.6 MB",
        "documentsMin": 3,
        "documentsMax": 3,
        "nodesMin": 1999,
        "nodesMax": 1999,
        "listenersMin": 209,
        "listenersMax": 209
      },
      "runs": 3,
      "hookTiming": 63.06666666666084
    },
    "initial-load": {
      "rangeStart": 0,
      "rangeEnd": 577,
      "total": 577,
      "categories": {
        "other": 554.8070000000083,
        "rendering": 1.2019999999999225,
        "scripting": 20.510783333333443,
        "painting": 0,
        "idle": 0.8809999999987971
      },
      "updateCounters": {
        "sampleCount": 2,
        "jsHeapMinBytes": 285334468,
        "jsHeapMaxBytes": 285334512,
        "jsHeapMinLabel": "285334 kB",
        "jsHeapMaxLabel": "285.3 MB",
        "documentsMin": 1,
        "documentsMax": 1,
        "nodesMin": 4500,
        "nodesMax": 4500,
        "listenersMin": 607,
        "listenersMax": 607
      },
      "runs": 3
    },
    "scroll-down": {
      "rangeStart": 0,
      "rangeEnd": 10005,
      "total": 10005,
      "categories": {
        "rendering": 966.7546666665909,
        "scripting": 884.0563333338318,
        "painting": 290.94666666666063,
        "other": 265.18266666628114,
        "idle": 7597.939266666635
      },
      "updateCounters": {
        "sampleCount": 900,
        "jsHeapMinBytes": 21884533.333333332,
        "jsHeapMaxBytes": 40503850.666666664,
        "jsHeapMinLabel": "21885 kB",
        "jsHeapMaxLabel": "40.5 MB",
        "documentsMin": 1,
        "documentsMax": 1,
        "nodesMin": 1754,
        "nodesMax": 1898,
        "listenersMin": 158,
        "listenersMax": 158
      },
      "runs": 3
    },
    "scroll-left": {
      "rangeStart": 0,
      "rangeEnd": 16712,
      "total": 16712,
      "categories": {
        "other": 559.385666665295,
        "rendering": 2310.016333333333,
        "painting": 769.4373333333351,
        "scripting": 2714.5046666673984,
        "idle": 10358.893666667302
      },
      "updateCounters": {
        "sampleCount": 3064,
        "jsHeapMinBytes": 14347176,
        "jsHeapMaxBytes": 24025121.333333332,
        "jsHeapMinLabel": "14347 kB",
        "jsHeapMaxLabel": "24.0 MB",
        "documentsMin": 1,
        "documentsMax": 1,
        "nodesMin": 1081,
        "nodesMax": 1111,
        "listenersMin": 158,
        "listenersMax": 158
      },
      "runs": 3
    },
    "scroll-right": {
      "rangeStart": 0,
      "rangeEnd": 13610,
      "total": 13610,
      "categories": {
        "rendering": 327.4289999995187,
        "scripting": 448.5136666664046,
        "painting": 124.63233333269211,
        "other": 181.90766666742198,
        "idle": 12528.030816667306
      },
      "updateCounters": {
        "sampleCount": 863,
        "jsHeapMinBytes": 14944330.666666666,
        "jsHeapMaxBytes": 20045984,
        "jsHeapMinLabel": "14944 kB",
        "jsHeapMaxLabel": "20.0 MB",
        "documentsMin": 1,
        "documentsMax": 1,
        "nodesMin": 1051,
        "nodesMax": 1061,
        "listenersMin": 158,
        "listenersMax": 158
      },
      "runs": 3
    },
    "scroll-up": {
      "rangeStart": 0,
      "rangeEnd": 16760,
      "total": 16760,
      "categories": {
        "other": 807.3286666685526,
        "rendering": 4314.355666664643,
        "painting": 1269.8460000002524,
        "scripting": 3672.4286666672633,
        "idle": 6696.476999999296
      },
      "updateCounters": {
        "sampleCount": 2314,
        "jsHeapMinBytes": 22224201.333333332,
        "jsHeapMaxBytes": 50321177.333333336,
        "jsHeapMinLabel": "22224 kB",
        "jsHeapMaxLabel": "50.3 MB",
        "documentsMin": 1,
        "documentsMax": 1,
        "nodesMin": 1795,
        "nodesMax": 2084,
        "listenersMin": 158,
        "listenersMax": 158
      },
      "runs": 3
    },
    "sorting": {
      "rangeStart": 0,
      "rangeEnd": 689,
      "total": 689,
      "categories": {
        "other": 613.1883333333536,
        "scripting": 68.77599999999318,
        "rendering": 4.744000000025456,
        "painting": 0.9849999999860302,
        "idle": 1.748333333292938
      },
      "updateCounters": {
        "sampleCount": 3,
        "jsHeapMinBytes": 355293745.3333333,
        "jsHeapMaxBytes": 357248242.6666667,
        "jsHeapMinLabel": "355294 kB",
        "jsHeapMaxLabel": "357.2 MB",
        "documentsMin": 3,
        "documentsMax": 3,
        "nodesMin": 1897,
        "nodesMax": 1897,
        "listenersMin": 145,
        "listenersMax": 145
      },
      "runs": 3,
      "hookTiming": 143.86666666665892
    },
    "source-data-validator-load": {
      "rangeStart": 0,
      "rangeEnd": 574,
      "total": 574,
      "categories": {
        "other": 551.045133333323,
        "rendering": 0.4976666666722546,
        "scripting": 21.202800000009283,
        "idle": 1.1596666666640278
      },
      "updateCounters": {
        "sampleCount": 12,
        "jsHeapMinBytes": 274549718.6666667,
        "jsHeapMaxBytes": 281845336,
        "jsHeapMinLabel": "274550 kB",
        "jsHeapMaxLabel": "281.8 MB",
        "documentsMin": 1,
        "documentsMax": 1,
        "nodesMin": 3614,
        "nodesMax": 4197,
        "listenersMin": 383,
        "listenersMax": 421
      },
      "runs": 3
    }
  }
}