{
  "timestamp": "2026-04-10T08:53:25.965Z",
  "scenarios": {
    "cell-editing": {
      "rangeStart": 0,
      "rangeEnd": 2820,
      "total": 2820,
      "categories": {
        "other": 243.6746666669227,
        "rendering": 245.35800000002686,
        "scripting": 454.73366666660667,
        "painting": 46.78699999989476,
        "idle": 1829.4999999998836
      },
      "updateCounters": {
        "sampleCount": 2103,
        "jsHeapMinBytes": 15736580,
        "jsHeapMaxBytes": 28528896,
        "jsHeapMinLabel": "15737 kb",
        "jsHeapMaxLabel": "28.5 Mb",
        "documentsMin": 2,
        "documentsMax": 2,
        "nodesMin": 1030,
        "nodesMax": 1129,
        "listenersMin": 174,
        "listenersMax": 374
      },
      "runs": 3
    },
    "filtering": {
      "rangeStart": 0,
      "rangeEnd": 389,
      "total": 389,
      "categories": {
        "other": 170.86133333327916,
        "scripting": 208.75448333332966,
        "rendering": 3.912333333370043,
        "painting": 0.8896666666551027,
        "idle": 4.603333333361661
      },
      "updateCounters": {
        "sampleCount": 2,
        "jsHeapMinBytes": 141457956,
        "jsHeapMaxBytes": 142612136,
        "jsHeapMinLabel": "141458 kb",
        "jsHeapMaxLabel": "142.6 Mb",
        "documentsMin": 4,
        "documentsMax": 4,
        "nodesMin": 1979,
        "nodesMax": 1979,
        "listenersMin": 199,
        "listenersMax": 199
      },
      "runs": 3,
      "hookTiming": 5.099999999996119
    },
    "scroll-down": {
      "rangeStart": 0,
      "rangeEnd": 16742,
      "total": 16742,
      "categories": {
        "other": 149.48166666713334,
        "rendering": 20.265333332965383,
        "painting": 19.713000000163447,
        "scripting": 128.2690000001471,
        "idle": 16424.279333332932
      },
      "updateCounters": {
        "sampleCount": 501,
        "jsHeapMinBytes": 26665838.666666668,
        "jsHeapMaxBytes": 32124092,
        "jsHeapMinLabel": "26666 kb",
        "jsHeapMaxLabel": "32.1 Mb",
        "documentsMin": 2,
        "documentsMax": 2,
        "nodesMin": 150268,
        "nodesMax": 150327,
        "listenersMin": 156,
        "listenersMax": 156
      },
      "runs": 3
    },
    "scroll-left": {
      "rangeStart": 0,
      "rangeEnd": 16697,
      "total": 16697,
      "categories": {
        "other": 482.2463333324667,
        "rendering": 2125.0089999995544,
        "scripting": 2240.9983333334517,
        "painting": 587.394000000592,
        "idle": 11261.06766666726
      },
      "updateCounters": {
        "sampleCount": 3042,
        "jsHeapMinBytes": 15668105.333333334,
        "jsHeapMaxBytes": 34400770.666666664,
        "jsHeapMinLabel": "15668 kb",
        "jsHeapMaxLabel": "34.4 Mb",
        "documentsMin": 2,
        "documentsMax": 2,
        "nodesMin": 1078,
        "nodesMax": 1171,
        "listenersMin": 156,
        "listenersMax": 156
      },
      "runs": 3
    },
    "scroll-right": {
      "rangeStart": 0,
      "rangeEnd": 13611,
      "total": 13611,
      "categories": {
        "rendering": 313.4730000008324,
        "scripting": 376.0603333340104,
        "painting": 94.95766666762454,
        "other": 157.17099999779603,
        "idle": 12669.24933333305
      },
      "updateCounters": {
        "sampleCount": 861,
        "jsHeapMinBytes": 16083560,
        "jsHeapMaxBytes": 25461310.666666668,
        "jsHeapMinLabel": "16084 kb",
        "jsHeapMaxLabel": "25.5 Mb",
        "documentsMin": 2,
        "documentsMax": 2,
        "nodesMin": 1078,
        "nodesMax": 1119,
        "listenersMin": 156,
        "listenersMax": 156
      },
      "runs": 3
    },
    "scroll-up": {
      "rangeStart": 0,
      "rangeEnd": 14527,
      "total": 14527,
      "categories": {
        "other": 267.07966666809625,
        "rendering": 1676.2476666633931,
        "scripting": 1719.0693333343243,
        "painting": 349.586666667213,
        "idle": 10515.38143333364
      },
      "updateCounters": {
        "sampleCount": 944,
        "jsHeapMinBytes": 27350420,
        "jsHeapMaxBytes": 53377162.666666664,
        "jsHeapMinLabel": "27350 kb",
        "jsHeapMaxLabel": "53.4 Mb",
        "documentsMin": 2,
        "documentsMax": 2,
        "nodesMin": 150272,
        "nodesMax": 150687,
        "listenersMin": 156,
        "listenersMax": 156
      },
      "runs": 3
    },
    "sorting": {
      "rangeStart": 0,
      "rangeEnd": 369,
      "total": 369,
      "categories": {
        "other": 359.5830333333403,
        "rendering": 1.5637999999841365,
        "scripting": 6.068666666666668,
        "painting": 0,
        "idle": 2.3223333333347305
      },
      "updateCounters": {
        "sampleCount": 2,
        "jsHeapMinBytes": 142480404,
        "jsHeapMaxBytes": 148107312,
        "jsHeapMinLabel": "142480 kb",
        "jsHeapMaxLabel": "148.1 Mb",
        "documentsMin": 4,
        "documentsMax": 4,
        "nodesMin": 1913,
        "nodesMax": 1915,
        "listenersMin": 143,
        "listenersMax": 143
      },
      "runs": 3,
      "hookTiming": 11.433333333368259
    }
  }
}