{
  "timestamp": "2026-06-29T12:21:58.302Z",
  "scenarios": {
    "cell-editing": {
      "rangeStart": 0,
      "rangeEnd": 2849,
      "total": 2849,
      "categories": {
        "other": 212.51266666648903,
        "rendering": 357.87499999957316,
        "scripting": 408.78066666697197,
        "painting": 44.67666666668568,
        "idle": 1824.9386666669452
      },
      "updateCounters": {
        "sampleCount": 2124,
        "jsHeapMinBytes": 12011561.333333334,
        "jsHeapMaxBytes": 21199316,
        "jsHeapMinLabel": "12012 kB",
        "jsHeapMaxLabel": "21.2 MB",
        "documentsMin": 1,
        "documentsMax": 1,
        "nodesMin": 837,
        "nodesMax": 1202,
        "listenersMin": 176,
        "listenersMax": 432
      },
      "runs": 3
    },
    "filtering": {
      "rangeStart": 0,
      "rangeEnd": 642,
      "total": 642,
      "categories": {
        "other": 559.4943333333468,
        "rendering": 9.926333333385022,
        "scripting": 66.48768333329012,
        "painting": 0.9996666666508341,
        "idle": 5.357333333328559
      },
      "updateCounters": {
        "sampleCount": 2,
        "jsHeapMinBytes": 313631788,
        "jsHeapMaxBytes": 352778272,
        "jsHeapMinLabel": "313632 kB",
        "jsHeapMaxLabel": "352.8 MB",
        "documentsMin": 3,
        "documentsMax": 3,
        "nodesMin": 1998,
        "nodesMax": 1999,
        "listenersMin": 209,
        "listenersMax": 209
      },
      "runs": 3,
      "hookTiming": 65.46666666665503
    },
    "initial-load": {
      "rangeStart": 0,
      "rangeEnd": 650,
      "total": 650,
      "categories": {
        "other": 550.4136666665394,
        "rendering": 17.971666666756693,
        "scripting": 78.29221666666787,
        "painting": 0,
        "idle": 3.69066666670066
      },
      "updateCounters": {
        "sampleCount": 3,
        "jsHeapMinBytes": 310079809.3333333,
        "jsHeapMaxBytes": 310079868,
        "jsHeapMinLabel": "310080 kB",
        "jsHeapMaxLabel": "310.1 MB",
        "documentsMin": 1,
        "documentsMax": 1,
        "nodesMin": 4780,
        "nodesMax": 4780,
        "listenersMin": 459,
        "listenersMax": 459
      },
      "runs": 3
    },
    "scroll-down": {
      "rangeStart": 0,
      "rangeEnd": 15052,
      "total": 15052,
      "categories": {
        "rendering": 884.3360000004565,
        "scripting": 841.9436666661277,
        "painting": 271.11966666674317,
        "other": 272.24900000049325,
        "idle": 12782.380849999512
      },
      "updateCounters": {
        "sampleCount": 900,
        "jsHeapMinBytes": 22217900,
        "jsHeapMaxBytes": 37562718.666666664,
        "jsHeapMinLabel": "22218 kB",
        "jsHeapMaxLabel": "37.6 MB",
        "documentsMin": 1,
        "documentsMax": 1,
        "nodesMin": 1754,
        "nodesMax": 1919,
        "listenersMin": 158,
        "listenersMax": 158
      },
      "runs": 3
    },
    "scroll-left": {
      "rangeStart": 0,
      "rangeEnd": 16698,
      "total": 16698,
      "categories": {
        "other": 482.7176666630569,
        "rendering": 1999.9823333349777,
        "painting": 672.85900000054,
        "scripting": 2404.4339999987646,
        "idle": 11138.244333335993
      },
      "updateCounters": {
        "sampleCount": 3056,
        "jsHeapMinBytes": 14629097.333333334,
        "jsHeapMaxBytes": 26564660,
        "jsHeapMinLabel": "14629 kB",
        "jsHeapMaxLabel": "26.6 MB",
        "documentsMin": 1,
        "documentsMax": 1,
        "nodesMin": 1081,
        "nodesMax": 1111,
        "listenersMin": 158,
        "listenersMax": 158
      },
      "runs": 3
    },
    "scroll-right": {
      "rangeStart": 0,
      "rangeEnd": 13607,
      "total": 13607,
      "categories": {
        "rendering": 290.31099999928847,
        "scripting": 391.2863333337323,
        "painting": 109.71833333417696,
        "other": 146.49766666714535,
        "idle": 12669.30316666564
      },
      "updateCounters": {
        "sampleCount": 863,
        "jsHeapMinBytes": 15246496,
        "jsHeapMaxBytes": 20214770.666666668,
        "jsHeapMinLabel": "15246 kB",
        "jsHeapMaxLabel": "20.2 MB",
        "documentsMin": 1,
        "documentsMax": 1,
        "nodesMin": 1051,
        "nodesMax": 1061,
        "listenersMin": 158,
        "listenersMax": 158
      },
      "runs": 3
    },
    "scroll-up": {
      "rangeStart": 0,
      "rangeEnd": 16751,
      "total": 16751,
      "categories": {
        "other": 757.229333341398,
        "rendering": 3942.164666664748,
        "painting": 1171.570666666298,
        "scripting": 3540.9360000013016,
        "idle": 7338.84299999295
      },
      "updateCounters": {
        "sampleCount": 2315,
        "jsHeapMinBytes": 22306328,
        "jsHeapMaxBytes": 50800401.333333336,
        "jsHeapMinLabel": "22306 kB",
        "jsHeapMaxLabel": "50.8 MB",
        "documentsMin": 1,
        "documentsMax": 1,
        "nodesMin": 1816,
        "nodesMax": 2084,
        "listenersMin": 158,
        "listenersMax": 158
      },
      "runs": 3
    },
    "sorting": {
      "rangeStart": 0,
      "rangeEnd": 738,
      "total": 738,
      "categories": {
        "other": 636.1519999999888,
        "scripting": 96.46730000003147,
        "rendering": 2.852666666653628,
        "painting": 0.6173333333184322,
        "idle": 1.6163333333097398
      },
      "updateCounters": {
        "sampleCount": 3,
        "jsHeapMinBytes": 391881538.6666667,
        "jsHeapMaxBytes": 403240826.6666667,
        "jsHeapMinLabel": "391882 kB",
        "jsHeapMaxLabel": "403.2 MB",
        "documentsMin": 2,
        "documentsMax": 2,
        "nodesMin": 1867,
        "nodesMax": 1867,
        "listenersMin": 145,
        "listenersMax": 145
      },
      "runs": 3,
      "hookTiming": 229.80000000004657
    },
    "source-data-validator-load": {
      "rangeStart": 0,
      "rangeEnd": 9280,
      "total": 9280,
      "categories": {
        "other": 1637.2296666665782,
        "rendering": 24.060333333327435,
        "scripting": 7612.6600000001645,
        "painting": 0.021500000031664968,
        "idle": 5.596666666601474
      },
      "updateCounters": {
        "sampleCount": 60,
        "jsHeapMinBytes": 731045836,
        "jsHeapMaxBytes": 1530008145.3333333,
        "jsHeapMinLabel": "731046 kB",
        "jsHeapMaxLabel": "1530.0 MB",
        "documentsMin": 1,
        "documentsMax": 1,
        "nodesMin": 3600,
        "nodesMax": 4766,
        "listenersMin": 383,
        "listenersMax": 459
      },
      "runs": 3
    }
  }
}