{
  "timestamp": "2026-04-14T13:41:19.932Z",
  "scenarios": {
    "cell-editing": {
      "rangeStart": 0,
      "rangeEnd": 2946,
      "total": 2946,
      "categories": {
        "other": 269.726333332942,
        "rendering": 281.32699999974284,
        "scripting": 493.70800000039134,
        "painting": 56.22300000014366,
        "idle": 1845.6010000001163
      },
      "updateCounters": {
        "sampleCount": 2102,
        "jsHeapMinBytes": 18727785.333333332,
        "jsHeapMaxBytes": 34151681.333333336,
        "jsHeapMinLabel": "18728 kb",
        "jsHeapMaxLabel": "34.2 Mb",
        "documentsMin": 2,
        "documentsMax": 2,
        "nodesMin": 1066,
        "nodesMax": 1219,
        "listenersMin": 255,
        "listenersMax": 573
      },
      "runs": 3
    },
    "filtering": {
      "rangeStart": 0,
      "rangeEnd": 389,
      "total": 389,
      "categories": {
        "other": 170.669000000006,
        "scripting": 211.88861666666637,
        "rendering": 3.5226666666664337,
        "painting": 0.7963333333318587,
        "idle": 2.34199999999449
      },
      "updateCounters": {
        "sampleCount": 2,
        "jsHeapMinBytes": 141480216,
        "jsHeapMaxBytes": 142644096,
        "jsHeapMinLabel": "141480 kb",
        "jsHeapMaxLabel": "142.6 Mb",
        "documentsMin": 4,
        "documentsMax": 4,
        "nodesMin": 1979,
        "nodesMax": 1979,
        "listenersMin": 199,
        "listenersMax": 199
      },
      "runs": 3,
      "hookTiming": 4.933333333339154
    },
    "scroll-down": {
      "rangeStart": 0,
      "rangeEnd": 16718,
      "total": 16718,
      "categories": {
        "other": 178.03200000106267,
        "rendering": 21.717666666712223,
        "painting": 23.82833333302794,
        "scripting": 131.65633333356655,
        "idle": 16363.089666665628
      },
      "updateCounters": {
        "sampleCount": 501,
        "jsHeapMinBytes": 26776945.333333332,
        "jsHeapMaxBytes": 33125554.666666668,
        "jsHeapMinLabel": "26777 kb",
        "jsHeapMaxLabel": "33.1 Mb",
        "documentsMin": 2,
        "documentsMax": 2,
        "nodesMin": 150268,
        "nodesMax": 150329,
        "listenersMin": 156,
        "listenersMax": 156
      },
      "runs": 3
    },
    "scroll-left": {
      "rangeStart": 0,
      "rangeEnd": 16698,
      "total": 16698,
      "categories": {
        "other": 538.4250000006982,
        "rendering": 2317.146333334114,
        "painting": 633.7179999995764,
        "scripting": 2455.674666665454,
        "idle": 10753.252666666822
      },
      "updateCounters": {
        "sampleCount": 3042,
        "jsHeapMinBytes": 15717476,
        "jsHeapMaxBytes": 34455438.666666664,
        "jsHeapMinLabel": "15717 kb",
        "jsHeapMaxLabel": "34.5 Mb",
        "documentsMin": 2,
        "documentsMax": 2,
        "nodesMin": 1078,
        "nodesMax": 1172,
        "listenersMin": 156,
        "listenersMax": 156
      },
      "runs": 3
    },
    "scroll-right": {
      "rangeStart": 0,
      "rangeEnd": 13603,
      "total": 13603,
      "categories": {
        "rendering": 349.6020000017791,
        "scripting": 418.0839999998862,
        "painting": 108.33499999978812,
        "other": 188.63766666580332,
        "idle": 12537.791266666085
      },
      "updateCounters": {
        "sampleCount": 861,
        "jsHeapMinBytes": 16055165.333333334,
        "jsHeapMaxBytes": 21216524,
        "jsHeapMinLabel": "16055 kb",
        "jsHeapMaxLabel": "21.2 Mb",
        "documentsMin": 2,
        "documentsMax": 2,
        "nodesMin": 1078,
        "nodesMax": 1111,
        "listenersMin": 156,
        "listenersMax": 156
      },
      "runs": 3
    },
    "scroll-up": {
      "rangeStart": 0,
      "rangeEnd": 14534,
      "total": 14534,
      "categories": {
        "other": 339.56633333331024,
        "rendering": 1963.5563333339524,
        "scripting": 2032.4306666666246,
        "painting": 435.3063333334285,
        "idle": 9762.868483332664
      },
      "updateCounters": {
        "sampleCount": 944,
        "jsHeapMinBytes": 27380116,
        "jsHeapMaxBytes": 53381228,
        "jsHeapMinLabel": "27380 kb",
        "jsHeapMaxLabel": "53.4 Mb",
        "documentsMin": 2,
        "documentsMax": 2,
        "nodesMin": 150272,
        "nodesMax": 150688,
        "listenersMin": 156,
        "listenersMax": 156
      },
      "runs": 3
    },
    "sorting": {
      "rangeStart": 0,
      "rangeEnd": 382,
      "total": 382,
      "categories": {
        "other": 372.5850833333314,
        "rendering": 0.6515833333251067,
        "scripting": 6.303850000003973,
        "painting": 0,
        "idle": 2.1183333333271244
      },
      "updateCounters": {
        "sampleCount": 2,
        "jsHeapMinBytes": 140645536,
        "jsHeapMaxBytes": 146260388,
        "jsHeapMinLabel": "140646 kb",
        "jsHeapMaxLabel": "146.3 Mb",
        "documentsMin": 4,
        "documentsMax": 4,
        "nodesMin": 1913,
        "nodesMax": 1915,
        "listenersMin": 143,
        "listenersMax": 143
      },
      "runs": 3,
      "hookTiming": 13.300000000027163
    }
  }
}