{
  "timestamp": "2026-06-24T07:41:20.109Z",
  "scenarios": {
    "cell-editing": {
      "rangeStart": 0,
      "rangeEnd": 2786,
      "total": 2786,
      "categories": {
        "other": 212.414999999982,
        "rendering": 323.69233333324274,
        "scripting": 379.59966666660034,
        "painting": 46.698333333372524,
        "idle": 1824.1183333334677
      },
      "updateCounters": {
        "sampleCount": 2122,
        "jsHeapMinBytes": 18235574.666666668,
        "jsHeapMaxBytes": 34829317.333333336,
        "jsHeapMinLabel": "18236 kb",
        "jsHeapMaxLabel": "34.8 Mb",
        "documentsMin": 1,
        "documentsMax": 1,
        "nodesMin": 1053,
        "nodesMax": 1157,
        "listenersMin": 232,
        "listenersMax": 496
      },
      "runs": 3
    },
    "filtering": {
      "rangeStart": 0,
      "rangeEnd": 306,
      "total": 306,
      "categories": {
        "other": 286.012400000006,
        "rendering": 7.441833333330578,
        "scripting": 11.278166666666666,
        "painting": 0,
        "idle": 1.1259999999989911
      },
      "updateCounters": {
        "sampleCount": 1,
        "jsHeapMinBytes": 157687908,
        "jsHeapMaxBytes": 157687957.33333334,
        "jsHeapMinLabel": "157688 kb",
        "jsHeapMaxLabel": "157.7 Mb",
        "documentsMin": 3,
        "documentsMax": 3,
        "nodesMin": 1980,
        "nodesMax": 1980,
        "listenersMin": 201,
        "listenersMax": 201
      },
      "runs": 3,
      "hookTiming": 1.8666666666637564
    },
    "scroll-down": {
      "rangeStart": 0,
      "rangeEnd": 16722,
      "total": 16722,
      "categories": {
        "other": 174.91866666649062,
        "rendering": 23.808999999566975,
        "painting": 24.57699999943725,
        "scripting": 132.82966666669077,
        "idle": 16366.14433333448
      },
      "updateCounters": {
        "sampleCount": 501,
        "jsHeapMinBytes": 26619700,
        "jsHeapMaxBytes": 27911898.666666668,
        "jsHeapMinLabel": "26620 kb",
        "jsHeapMaxLabel": "27.9 Mb",
        "documentsMin": 1,
        "documentsMax": 1,
        "nodesMin": 150271,
        "nodesMax": 150271,
        "listenersMin": 158,
        "listenersMax": 158
      },
      "runs": 3
    },
    "scroll-left": {
      "rangeStart": 0,
      "rangeEnd": 16704,
      "total": 16704,
      "categories": {
        "other": 444.5019999982762,
        "rendering": 1787.5853333334283,
        "scripting": 1987.428666667096,
        "painting": 612.4323333332917,
        "idle": 11871.43500000125
      },
      "updateCounters": {
        "sampleCount": 3042,
        "jsHeapMinBytes": 15820110.666666666,
        "jsHeapMaxBytes": 30642720,
        "jsHeapMinLabel": "15820 kb",
        "jsHeapMaxLabel": "30.6 Mb",
        "documentsMin": 1,
        "documentsMax": 1,
        "nodesMin": 1081,
        "nodesMax": 1081,
        "listenersMin": 158,
        "listenersMax": 158
      },
      "runs": 3
    },
    "scroll-right": {
      "rangeStart": 0,
      "rangeEnd": 13601,
      "total": 13601,
      "categories": {
        "rendering": 265.4893333337386,
        "scripting": 348.59466666676866,
        "painting": 102.25299999989026,
        "other": 154.7229999990569,
        "idle": 12730.053666667207
      },
      "updateCounters": {
        "sampleCount": 861,
        "jsHeapMinBytes": 16079712,
        "jsHeapMaxBytes": 23938441.333333332,
        "jsHeapMinLabel": "16080 kb",
        "jsHeapMaxLabel": "23.9 Mb",
        "documentsMin": 1,
        "documentsMax": 1,
        "nodesMin": 1081,
        "nodesMax": 1081,
        "listenersMin": 158,
        "listenersMax": 158
      },
      "runs": 3
    },
    "scroll-up": {
      "rangeStart": 0,
      "rangeEnd": 14517,
      "total": 14517,
      "categories": {
        "other": 257.10666666846504,
        "rendering": 1476.6229999995946,
        "scripting": 1425.419333332052,
        "painting": 360.6150000000295,
        "idle": 10996.81723333321
      },
      "updateCounters": {
        "sampleCount": 947,
        "jsHeapMinBytes": 27747766.666666668,
        "jsHeapMaxBytes": 49978938.666666664,
        "jsHeapMinLabel": "27748 kb",
        "jsHeapMaxLabel": "50.0 Mb",
        "documentsMin": 1,
        "documentsMax": 1,
        "nodesMin": 150271,
        "nodesMax": 150273,
        "listenersMin": 158,
        "listenersMax": 158
      },
      "runs": 3
    },
    "sorting": {
      "rangeStart": 0,
      "rangeEnd": 304,
      "total": 304,
      "categories": {
        "other": 288.5318166666852,
        "rendering": 3.4888499999651685,
        "scripting": 11.257166666646798,
        "painting": 0.5133333333457509,
        "idle": 0.44566666666651145
      },
      "updateCounters": {
        "sampleCount": 1,
        "jsHeapMinBytes": 153427276,
        "jsHeapMaxBytes": 153427276,
        "jsHeapMinLabel": "153427 kb",
        "jsHeapMaxLabel": "153.4 Mb",
        "documentsMin": 3,
        "documentsMax": 3,
        "nodesMin": 1909,
        "nodesMax": 1909,
        "listenersMin": 145,
        "listenersMax": 145
      },
      "runs": 3,
      "hookTiming": 3.133333333341094
    }
  }
}