{
  "timestamp": "2026-06-02T10:10:43.971Z",
  "scenarios": {
    "cell-editing": {
      "rangeStart": 0,
      "rangeEnd": 2783,
      "total": 2783,
      "categories": {
        "other": 236.530333333431,
        "rendering": 257.01933333315054,
        "scripting": 408.02100000018686,
        "painting": 49.35766666655642,
        "idle": 1832.0800000000017
      },
      "updateCounters": {
        "sampleCount": 2123,
        "jsHeapMinBytes": 15403469.333333334,
        "jsHeapMaxBytes": 28848194.666666668,
        "jsHeapMinLabel": "15403 kb",
        "jsHeapMaxLabel": "28.8 Mb",
        "documentsMin": 2,
        "documentsMax": 2,
        "nodesMin": 1032,
        "nodesMax": 1113,
        "listenersMin": 176,
        "listenersMax": 335
      },
      "runs": 3
    },
    "filtering": {
      "rangeStart": 0,
      "rangeEnd": 398,
      "total": 398,
      "categories": {
        "other": 380.91599999998147,
        "rendering": 2.4303833333494063,
        "scripting": 13.478900000003321,
        "painting": 0,
        "idle": 1.340000000001358
      },
      "updateCounters": {
        "sampleCount": 1,
        "jsHeapMinBytes": 158496176,
        "jsHeapMaxBytes": 158496225.33333334,
        "jsHeapMinLabel": "158496 kb",
        "jsHeapMaxLabel": "158.5 Mb",
        "documentsMin": 4,
        "documentsMax": 4,
        "nodesMin": 1985,
        "nodesMax": 1985,
        "listenersMin": 201,
        "listenersMax": 201
      },
      "runs": 3,
      "hookTiming": 4.166666666666667
    },
    "scroll-down": {
      "rangeStart": 0,
      "rangeEnd": 16729,
      "total": 16729,
      "categories": {
        "other": 180.26166666675337,
        "rendering": 23.49466666671894,
        "painting": 24.649666666654714,
        "scripting": 143.94566666671196,
        "idle": 16356.804333333159
      },
      "updateCounters": {
        "sampleCount": 501,
        "jsHeapMinBytes": 26998953.333333332,
        "jsHeapMaxBytes": 30745873.333333332,
        "jsHeapMinLabel": "26999 kb",
        "jsHeapMaxLabel": "30.7 Mb",
        "documentsMin": 2,
        "documentsMax": 2,
        "nodesMin": 150270,
        "nodesMax": 150270,
        "listenersMin": 158,
        "listenersMax": 158
      },
      "runs": 3
    },
    "scroll-left": {
      "rangeStart": 0,
      "rangeEnd": 16694,
      "total": 16694,
      "categories": {
        "other": 541.2976666665692,
        "rendering": 2317.1800000000126,
        "scripting": 2533.5576666681004,
        "painting": 784.5960000004756,
        "idle": 10517.272333331503
      },
      "updateCounters": {
        "sampleCount": 3040,
        "jsHeapMinBytes": 16158888,
        "jsHeapMaxBytes": 30200269.333333332,
        "jsHeapMinLabel": "16159 kb",
        "jsHeapMaxLabel": "30.2 Mb",
        "documentsMin": 2,
        "documentsMax": 2,
        "nodesMin": 1080,
        "nodesMax": 1080,
        "listenersMin": 158,
        "listenersMax": 158
      },
      "runs": 3
    },
    "scroll-right": {
      "rangeStart": 0,
      "rangeEnd": 13616,
      "total": 13616,
      "categories": {
        "rendering": 366.4410000007095,
        "scripting": 450.69733333325604,
        "painting": 136.57199999992736,
        "other": 197.07733333370913,
        "idle": 12465.606083332406
      },
      "updateCounters": {
        "sampleCount": 861,
        "jsHeapMinBytes": 16513513.333333334,
        "jsHeapMaxBytes": 21435804,
        "jsHeapMinLabel": "16514 kb",
        "jsHeapMaxLabel": "21.4 Mb",
        "documentsMin": 2,
        "documentsMax": 2,
        "nodesMin": 1080,
        "nodesMax": 1080,
        "listenersMin": 158,
        "listenersMax": 158
      },
      "runs": 3
    },
    "scroll-up": {
      "rangeStart": 0,
      "rangeEnd": 14545,
      "total": 14545,
      "categories": {
        "other": 304.6879999977194,
        "rendering": 1868.7326666676865,
        "scripting": 1799.4993333344228,
        "painting": 488.03933333265985,
        "idle": 10084.073283334184
      },
      "updateCounters": {
        "sampleCount": 928,
        "jsHeapMinBytes": 28250666.666666668,
        "jsHeapMaxBytes": 57035454.666666664,
        "jsHeapMinLabel": "28251 kb",
        "jsHeapMaxLabel": "57.0 Mb",
        "documentsMin": 2,
        "documentsMax": 2,
        "nodesMin": 150270,
        "nodesMax": 150274,
        "listenersMin": 158,
        "listenersMax": 158
      },
      "runs": 3
    },
    "sorting": {
      "rangeStart": 0,
      "rangeEnd": 407,
      "total": 407,
      "categories": {
        "other": 397.45935000003595,
        "rendering": 1.8533333333131548,
        "scripting": 6.7958166666626925,
        "painting": 0,
        "idle": 1.347666666668374
      },
      "updateCounters": {
        "sampleCount": 1,
        "jsHeapMinBytes": 160857876,
        "jsHeapMaxBytes": 160857876,
        "jsHeapMinLabel": "160858 kb",
        "jsHeapMaxLabel": "160.9 Mb",
        "documentsMin": 4,
        "documentsMax": 4,
        "nodesMin": 1911,
        "nodesMax": 1911,
        "listenersMin": 145,
        "listenersMax": 145
      },
      "runs": 3,
      "hookTiming": 12.40000000000388
    }
  }
}