{
  "timestamp": "2026-05-08T12:29:23.235Z",
  "scenarios": {
    "cell-editing": {
      "rangeStart": 0,
      "rangeEnd": 2732,
      "total": 2732,
      "categories": {
        "other": 229.71699999983412,
        "rendering": 239.63600000016353,
        "scripting": 396.76533333316456,
        "painting": 46.75633333335767,
        "idle": 1819.3036666668147
      },
      "updateCounters": {
        "sampleCount": 2102,
        "jsHeapMinBytes": 15269252,
        "jsHeapMaxBytes": 29188068,
        "jsHeapMinLabel": "15269 kb",
        "jsHeapMaxLabel": "29.2 Mb",
        "documentsMin": 2,
        "documentsMax": 2,
        "nodesMin": 1030,
        "nodesMax": 1113,
        "listenersMin": 176,
        "listenersMax": 338
      },
      "runs": 3
    },
    "filtering": {
      "rangeStart": 0,
      "rangeEnd": 390,
      "total": 390,
      "categories": {
        "other": 373.50999999999436,
        "rendering": 2.3013166666739076,
        "scripting": 12.691900000000762,
        "painting": 0,
        "idle": 1.9140000000043074
      },
      "updateCounters": {
        "sampleCount": 1,
        "jsHeapMinBytes": 149136114,
        "jsHeapMaxBytes": 149136114,
        "jsHeapMinLabel": "149136 kb",
        "jsHeapMaxLabel": "149.1 Mb",
        "documentsMin": 4,
        "documentsMax": 4,
        "nodesMin": 1984,
        "nodesMax": 1984,
        "listenersMin": 201,
        "listenersMax": 201
      },
      "runs": 3,
      "hookTiming": 4.966666666669577
    },
    "scroll-down": {
      "rangeStart": 0,
      "rangeEnd": 16741,
      "total": 16741,
      "categories": {
        "other": 168.17466666721307,
        "rendering": 22.913333332990685,
        "painting": 23.61900000013702,
        "scripting": 135.77866666663462,
        "idle": 16390.678999999698
      },
      "updateCounters": {
        "sampleCount": 501,
        "jsHeapMinBytes": 26918049.333333332,
        "jsHeapMaxBytes": 30507817.333333332,
        "jsHeapMinLabel": "26918 kb",
        "jsHeapMaxLabel": "30.5 Mb",
        "documentsMin": 2,
        "documentsMax": 2,
        "nodesMin": 150268,
        "nodesMax": 150305,
        "listenersMin": 158,
        "listenersMax": 158
      },
      "runs": 3
    },
    "scroll-left": {
      "rangeStart": 0,
      "rangeEnd": 16712,
      "total": 16712,
      "categories": {
        "other": 532.4343333320719,
        "rendering": 2353.0813333318706,
        "painting": 662.2489999999428,
        "scripting": 2316.4763333358133,
        "idle": 10848.210333333633
      },
      "updateCounters": {
        "sampleCount": 3042,
        "jsHeapMinBytes": 15984922.666666666,
        "jsHeapMaxBytes": 30633429.333333332,
        "jsHeapMinLabel": "15985 kb",
        "jsHeapMaxLabel": "30.6 Mb",
        "documentsMin": 2,
        "documentsMax": 2,
        "nodesMin": 1078,
        "nodesMax": 1171,
        "listenersMin": 158,
        "listenersMax": 158
      },
      "runs": 3
    },
    "scroll-right": {
      "rangeStart": 0,
      "rangeEnd": 13607,
      "total": 13607,
      "categories": {
        "rendering": 340.1569999990752,
        "scripting": 383.91566666762657,
        "painting": 109.40899999969406,
        "other": 178.78266666653178,
        "idle": 12594.649933333762
      },
      "updateCounters": {
        "sampleCount": 860,
        "jsHeapMinBytes": 16435740,
        "jsHeapMaxBytes": 21432946.666666668,
        "jsHeapMinLabel": "16436 kb",
        "jsHeapMaxLabel": "21.4 Mb",
        "documentsMin": 2,
        "documentsMax": 2,
        "nodesMin": 1078,
        "nodesMax": 1109,
        "listenersMin": 158,
        "listenersMax": 158
      },
      "runs": 3
    },
    "scroll-up": {
      "rangeStart": 0,
      "rangeEnd": 14560,
      "total": 14560,
      "categories": {
        "other": 319.32833333169543,
        "rendering": 1984.1276666664053,
        "scripting": 1878.5679999999156,
        "painting": 479.2100000003508,
        "idle": 9899.134166668306
      },
      "updateCounters": {
        "sampleCount": 927,
        "jsHeapMinBytes": 28146640,
        "jsHeapMaxBytes": 56717500,
        "jsHeapMinLabel": "28147 kb",
        "jsHeapMaxLabel": "56.7 Mb",
        "documentsMin": 2,
        "documentsMax": 2,
        "nodesMin": 150275,
        "nodesMax": 150755,
        "listenersMin": 158,
        "listenersMax": 158
      },
      "runs": 3
    },
    "sorting": {
      "rangeStart": 0,
      "rangeEnd": 385,
      "total": 385,
      "categories": {
        "other": 375.40184999998706,
        "rendering": 0.7162833333713934,
        "scripting": 6.017366666674614,
        "painting": 0,
        "idle": 2.357333333309119
      },
      "updateCounters": {
        "sampleCount": 2,
        "jsHeapMinBytes": 141721828,
        "jsHeapMaxBytes": 147086364,
        "jsHeapMinLabel": "141722 kb",
        "jsHeapMaxLabel": "147.1 Mb",
        "documentsMin": 4,
        "documentsMax": 4,
        "nodesMin": 1913,
        "nodesMax": 1915,
        "listenersMin": 145,
        "listenersMax": 145
      },
      "runs": 3,
      "hookTiming": 12.733333333337214
    }
  }
}