{
  "timestamp": "2026-05-29T07:05:00.926Z",
  "scenarios": {
    "cell-editing": {
      "rangeStart": 0,
      "rangeEnd": 2742,
      "total": 2742,
      "categories": {
        "other": 232.17899999977917,
        "rendering": 233.2243333341321,
        "scripting": 405.7549999983278,
        "painting": 46.4056666661636,
        "idle": 1824.2633333349368
      },
      "updateCounters": {
        "sampleCount": 2123,
        "jsHeapMinBytes": 15411994.666666666,
        "jsHeapMaxBytes": 28749934.666666668,
        "jsHeapMinLabel": "15412 kb",
        "jsHeapMaxLabel": "28.7 Mb",
        "documentsMin": 2,
        "documentsMax": 2,
        "nodesMin": 1031,
        "nodesMax": 1103,
        "listenersMin": 175,
        "listenersMax": 318
      },
      "runs": 3
    },
    "filtering": {
      "rangeStart": 0,
      "rangeEnd": 364,
      "total": 364,
      "categories": {
        "other": 170.63966666669197,
        "scripting": 190.35773333335916,
        "rendering": 1.9965666666588124,
        "painting": 0,
        "idle": 1.1186666666180827
      },
      "updateCounters": {
        "sampleCount": 1,
        "jsHeapMinBytes": 157334534.66666666,
        "jsHeapMaxBytes": 158391737.33333334,
        "jsHeapMinLabel": "157335 kb",
        "jsHeapMaxLabel": "158.4 Mb",
        "documentsMin": 4,
        "documentsMax": 4,
        "nodesMin": 1984,
        "nodesMax": 1985,
        "listenersMin": 201,
        "listenersMax": 201
      },
      "runs": 3,
      "hookTiming": 4.8666666666783085
    },
    "scroll-down": {
      "rangeStart": 0,
      "rangeEnd": 16719,
      "total": 16719,
      "categories": {
        "other": 146.08599999737413,
        "rendering": 19.94533333349197,
        "painting": 21.42833333427552,
        "scripting": 121.4273333336239,
        "idle": 16409.85566666788
      },
      "updateCounters": {
        "sampleCount": 501,
        "jsHeapMinBytes": 27108430.666666668,
        "jsHeapMaxBytes": 34202700,
        "jsHeapMinLabel": "27108 kb",
        "jsHeapMaxLabel": "34.2 Mb",
        "documentsMin": 2,
        "documentsMax": 2,
        "nodesMin": 150270,
        "nodesMax": 150270,
        "listenersMin": 158,
        "listenersMax": 158
      },
      "runs": 3
    },
    "scroll-left": {
      "rangeStart": 0,
      "rangeEnd": 16705,
      "total": 16705,
      "categories": {
        "other": 490.4283333365801,
        "rendering": 2115.883333333031,
        "painting": 698.3089999991158,
        "scripting": 2514.4903333330917,
        "idle": 10886.61166666485
      },
      "updateCounters": {
        "sampleCount": 3040,
        "jsHeapMinBytes": 16154229.333333334,
        "jsHeapMaxBytes": 30360532,
        "jsHeapMinLabel": "16154 kb",
        "jsHeapMaxLabel": "30.4 Mb",
        "documentsMin": 2,
        "documentsMax": 2,
        "nodesMin": 1080,
        "nodesMax": 1080,
        "listenersMin": 158,
        "listenersMax": 158
      },
      "runs": 3
    },
    "scroll-right": {
      "rangeStart": 0,
      "rangeEnd": 13605,
      "total": 13605,
      "categories": {
        "rendering": 317.0909999999761,
        "scripting": 416.1179999999297,
        "painting": 114.69099999993341,
        "other": 155.46199999965975,
        "idle": 12601.420500000511
      },
      "updateCounters": {
        "sampleCount": 861,
        "jsHeapMinBytes": 16515842.666666666,
        "jsHeapMaxBytes": 21444997.333333332,
        "jsHeapMinLabel": "16516 kb",
        "jsHeapMaxLabel": "21.4 Mb",
        "documentsMin": 2,
        "documentsMax": 2,
        "nodesMin": 1080,
        "nodesMax": 1080,
        "listenersMin": 158,
        "listenersMax": 158
      },
      "runs": 3
    },
    "scroll-up": {
      "rangeStart": 0,
      "rangeEnd": 14539,
      "total": 14539,
      "categories": {
        "other": 336.91333333034936,
        "rendering": 1680.565000000177,
        "scripting": 1884.6433333330326,
        "painting": 435.3486666654547,
        "idle": 10201.362633337654
      },
      "updateCounters": {
        "sampleCount": 953,
        "jsHeapMinBytes": 28109368,
        "jsHeapMaxBytes": 49729297.333333336,
        "jsHeapMinLabel": "28109 kb",
        "jsHeapMaxLabel": "49.7 Mb",
        "documentsMin": 2,
        "documentsMax": 2,
        "nodesMin": 150270,
        "nodesMax": 150274,
        "listenersMin": 158,
        "listenersMax": 158
      },
      "runs": 3
    },
    "sorting": {
      "rangeStart": 0,
      "rangeEnd": 361,
      "total": 361,
      "categories": {
        "other": 353.9595833333821,
        "rendering": 0.4880833333202948,
        "scripting": 5.380866666674613,
        "painting": 0.004000000034769376,
        "idle": 1.2149999999285985
      },
      "updateCounters": {
        "sampleCount": 1,
        "jsHeapMinBytes": 160645804,
        "jsHeapMaxBytes": 160645804,
        "jsHeapMinLabel": "160646 kb",
        "jsHeapMaxLabel": "160.6 Mb",
        "documentsMin": 4,
        "documentsMax": 4,
        "nodesMin": 1911,
        "nodesMax": 1911,
        "listenersMin": 145,
        "listenersMax": 145
      },
      "runs": 3,
      "hookTiming": 12.06666666668995
    }
  }
}