{
  "timestamp": "2026-06-30T09:37:59.189Z",
  "scenarios": {
    "cell-editing": {
      "rangeStart": 0,
      "rangeEnd": 2833,
      "total": 2833,
      "categories": {
        "other": 227.49299999998038,
        "rendering": 363.3486666668662,
        "scripting": 390.3269999998035,
        "painting": 45.24366666671509,
        "idle": 1806.16466666663
      },
      "updateCounters": {
        "sampleCount": 2128,
        "jsHeapMinBytes": 11088857.333333334,
        "jsHeapMaxBytes": 18705290.666666668,
        "jsHeapMinLabel": "11089 kB",
        "jsHeapMaxLabel": "18.7 MB",
        "documentsMin": 1,
        "documentsMax": 1,
        "nodesMin": 789,
        "nodesMax": 1045,
        "listenersMin": 175,
        "listenersMax": 294
      },
      "runs": 3
    },
    "filtering": {
      "rangeStart": 0,
      "rangeEnd": 691,
      "total": 691,
      "categories": {
        "other": 618.3816666666361,
        "scripting": 53.68133333334893,
        "rendering": 12.314000000003338,
        "painting": 1.1553333333383005,
        "idle": 5.1120000000082655
      },
      "updateCounters": {
        "sampleCount": 2,
        "jsHeapMinBytes": 312025957.3333333,
        "jsHeapMaxBytes": 317141025.3333333,
        "jsHeapMinLabel": "312026 kB",
        "jsHeapMaxLabel": "317.1 MB",
        "documentsMin": 3,
        "documentsMax": 3,
        "nodesMin": 1999,
        "nodesMax": 1999,
        "listenersMin": 209,
        "listenersMax": 209
      },
      "runs": 3,
      "hookTiming": 53.39999999999903
    },
    "initial-load": {
      "rangeStart": 0,
      "rangeEnd": 636,
      "total": 636,
      "categories": {
        "other": 611.9043999999967,
        "rendering": 1.743266666662142,
        "scripting": 20.69536666666468,
        "painting": 0,
        "idle": 1.4596666666766396
      },
      "updateCounters": {
        "sampleCount": 3,
        "jsHeapMinBytes": 305879236,
        "jsHeapMaxBytes": 305879324,
        "jsHeapMinLabel": "305879 kB",
        "jsHeapMaxLabel": "305.9 MB",
        "documentsMin": 1,
        "documentsMax": 1,
        "nodesMin": 5389,
        "nodesMax": 5389,
        "listenersMin": 673,
        "listenersMax": 673
      },
      "runs": 3
    },
    "scroll-down": {
      "rangeStart": 0,
      "rangeEnd": 10028,
      "total": 10028,
      "categories": {
        "rendering": 876.3663333326112,
        "scripting": 786.2203333333341,
        "painting": 271.37633333320264,
        "other": 242.7010000004731,
        "idle": 7851.595300000379
      },
      "updateCounters": {
        "sampleCount": 900,
        "jsHeapMinBytes": 21923478.666666668,
        "jsHeapMaxBytes": 35248070.666666664,
        "jsHeapMinLabel": "21923 kB",
        "jsHeapMaxLabel": "35.2 MB",
        "documentsMin": 1,
        "documentsMax": 1,
        "nodesMin": 1754,
        "nodesMax": 1878,
        "listenersMin": 158,
        "listenersMax": 158
      },
      "runs": 3
    },
    "scroll-left": {
      "rangeStart": 0,
      "rangeEnd": 16704,
      "total": 16704,
      "categories": {
        "other": 490.09566666624215,
        "rendering": 2050.9949999998694,
        "painting": 707.2303333331074,
        "scripting": 2281.7519999992037,
        "idle": 11173.940000001583
      },
      "updateCounters": {
        "sampleCount": 3066,
        "jsHeapMinBytes": 14359114.666666666,
        "jsHeapMaxBytes": 23996084,
        "jsHeapMinLabel": "14359 kB",
        "jsHeapMaxLabel": "24.0 MB",
        "documentsMin": 1,
        "documentsMax": 1,
        "nodesMin": 1081,
        "nodesMax": 1111,
        "listenersMin": 158,
        "listenersMax": 158
      },
      "runs": 3
    },
    "scroll-right": {
      "rangeStart": 0,
      "rangeEnd": 13609,
      "total": 13609,
      "categories": {
        "rendering": 319.56700000066,
        "scripting": 392.03533333283673,
        "painting": 122.46566666610306,
        "other": 172.5863333333417,
        "idle": 12602.686150000392
      },
      "updateCounters": {
        "sampleCount": 864,
        "jsHeapMinBytes": 14974561.333333334,
        "jsHeapMaxBytes": 19943454.666666668,
        "jsHeapMinLabel": "14975 kB",
        "jsHeapMaxLabel": "19.9 MB",
        "documentsMin": 1,
        "documentsMax": 1,
        "nodesMin": 1051,
        "nodesMax": 1061,
        "listenersMin": 158,
        "listenersMax": 158
      },
      "runs": 3
    },
    "scroll-up": {
      "rangeStart": 0,
      "rangeEnd": 16745,
      "total": 16745,
      "categories": {
        "other": 759.8176666721389,
        "rendering": 3831.2136666655424,
        "painting": 1166.9299999995856,
        "scripting": 3238.237999998181,
        "idle": 7748.78366666456
      },
      "updateCounters": {
        "sampleCount": 2316,
        "jsHeapMinBytes": 21805221.333333332,
        "jsHeapMaxBytes": 50345800,
        "jsHeapMinLabel": "21805 kB",
        "jsHeapMaxLabel": "50.3 MB",
        "documentsMin": 1,
        "documentsMax": 1,
        "nodesMin": 1795,
        "nodesMax": 2043,
        "listenersMin": 158,
        "listenersMax": 158
      },
      "runs": 3
    },
    "sorting": {
      "rangeStart": 0,
      "rangeEnd": 760,
      "total": 760,
      "categories": {
        "other": 680.9253333332562,
        "scripting": 71.80604999999827,
        "rendering": 4.246666666663562,
        "painting": 0.899333333344354,
        "idle": 1.9450000001039978
      },
      "updateCounters": {
        "sampleCount": 3,
        "jsHeapMinBytes": 355293862.6666667,
        "jsHeapMaxBytes": 357293552,
        "jsHeapMinLabel": "355294 kB",
        "jsHeapMaxLabel": "357.3 MB",
        "documentsMin": 3,
        "documentsMax": 3,
        "nodesMin": 1897,
        "nodesMax": 1897,
        "listenersMin": 145,
        "listenersMax": 145
      },
      "runs": 3,
      "hookTiming": 152.03333333334498
    },
    "source-data-validator-load": {
      "rangeStart": 0,
      "rangeEnd": 8570,
      "total": 8570,
      "categories": {
        "other": 1792.031333333395,
        "rendering": 24.70900000007047,
        "scripting": 6750.67833333318,
        "idle": 2.236666666654249,
        "painting": 0.021999999997206032
      },
      "updateCounters": {
        "sampleCount": 61,
        "jsHeapMinBytes": 534612178.6666667,
        "jsHeapMaxBytes": 1322347516,
        "jsHeapMinLabel": "534612 kB",
        "jsHeapMaxLabel": "1322.3 MB",
        "documentsMin": 1,
        "documentsMax": 1,
        "nodesMin": 3600,
        "nodesMax": 4751,
        "listenersMin": 383,
        "listenersMax": 459
      },
      "runs": 3
    }
  }
}