{
  "timestamp": "2026-04-15T06:05:51.236Z",
  "scenarios": {
    "cell-editing": {
      "rangeStart": 0,
      "rangeEnd": 2873,
      "total": 2873,
      "categories": {
        "other": 253.45266666665444,
        "rendering": 246.29666666673924,
        "scripting": 480.1389999999278,
        "painting": 50.18166666670974,
        "idle": 1842.8256666666323
      },
      "updateCounters": {
        "sampleCount": 2104,
        "jsHeapMinBytes": 15084670.666666666,
        "jsHeapMaxBytes": 28827937.333333332,
        "jsHeapMinLabel": "15085 kb",
        "jsHeapMaxLabel": "28.8 Mb",
        "documentsMin": 2,
        "documentsMax": 2,
        "nodesMin": 1031,
        "nodesMax": 1096,
        "listenersMin": 173,
        "listenersMax": 298
      },
      "runs": 3
    },
    "filtering": {
      "rangeStart": 0,
      "rangeEnd": 370,
      "total": 370,
      "categories": {
        "other": 352.81066666667357,
        "rendering": 2.4736666666625147,
        "scripting": 13.085600000003973,
        "painting": 0,
        "idle": 1.3083333333343035
      },
      "updateCounters": null,
      "runs": 3,
      "hookTiming": 4.766666666662786
    },
    "scroll-down": {
      "rangeStart": 0,
      "rangeEnd": 16720,
      "total": 16720,
      "categories": {
        "other": 156.49100000002196,
        "rendering": 20.220666666621884,
        "painting": 21.389000000063486,
        "scripting": 122.23166666685984,
        "idle": 16399.787666666427
      },
      "updateCounters": {
        "sampleCount": 501,
        "jsHeapMinBytes": 26796524,
        "jsHeapMaxBytes": 32798582.666666668,
        "jsHeapMinLabel": "26797 kb",
        "jsHeapMaxLabel": "32.8 Mb",
        "documentsMin": 2,
        "documentsMax": 2,
        "nodesMin": 150268,
        "nodesMax": 150328,
        "listenersMin": 156,
        "listenersMax": 156
      },
      "runs": 3
    },
    "scroll-left": {
      "rangeStart": 0,
      "rangeEnd": 16692,
      "total": 16692,
      "categories": {
        "other": 488.11266666657383,
        "rendering": 2197.710666666409,
        "scripting": 2299.974333333678,
        "painting": 607.4360000001519,
        "idle": 11098.813999999858
      },
      "updateCounters": {
        "sampleCount": 3041,
        "jsHeapMinBytes": 15691553.333333334,
        "jsHeapMaxBytes": 34249478.666666664,
        "jsHeapMinLabel": "15692 kb",
        "jsHeapMaxLabel": "34.2 Mb",
        "documentsMin": 2,
        "documentsMax": 2,
        "nodesMin": 1078,
        "nodesMax": 1170,
        "listenersMin": 156,
        "listenersMax": 156
      },
      "runs": 3
    },
    "scroll-right": {
      "rangeStart": 0,
      "rangeEnd": 13611,
      "total": 13611,
      "categories": {
        "rendering": 318.8776666673172,
        "scripting": 402.8903333331893,
        "painting": 99.07833333360031,
        "other": 165.992333331358,
        "idle": 12624.173916667874
      },
      "updateCounters": {
        "sampleCount": 861,
        "jsHeapMinBytes": 16121693.333333334,
        "jsHeapMaxBytes": 25235282.666666668,
        "jsHeapMinLabel": "16122 kb",
        "jsHeapMaxLabel": "25.2 Mb",
        "documentsMin": 2,
        "documentsMax": 2,
        "nodesMin": 1078,
        "nodesMax": 1119,
        "listenersMin": 156,
        "listenersMax": 156
      },
      "runs": 3
    },
    "scroll-up": {
      "rangeStart": 0,
      "rangeEnd": 14556,
      "total": 14556,
      "categories": {
        "other": 282.33533333437236,
        "rendering": 1759.9933333329584,
        "scripting": 1853.7626666658587,
        "painting": 394.1286666658319,
        "idle": 10265.44300000098
      },
      "updateCounters": {
        "sampleCount": 929,
        "jsHeapMinBytes": 27451145.333333332,
        "jsHeapMaxBytes": 58556445.333333336,
        "jsHeapMinLabel": "27451 kb",
        "jsHeapMaxLabel": "58.6 Mb",
        "documentsMin": 2,
        "documentsMax": 2,
        "nodesMin": 150271,
        "nodesMax": 150745,
        "listenersMin": 156,
        "listenersMax": 156
      },
      "runs": 3
    },
    "sorting": {
      "rangeStart": 0,
      "rangeEnd": 365,
      "total": 365,
      "categories": {
        "other": 357.42623333329783,
        "rendering": 1.067850000030982,
        "scripting": 5.221183333337307,
        "painting": 0,
        "idle": 1.0436666666840513
      },
      "updateCounters": {
        "sampleCount": 2,
        "jsHeapMinBytes": 141292016,
        "jsHeapMaxBytes": 146889004,
        "jsHeapMinLabel": "141292 kb",
        "jsHeapMaxLabel": "146.9 Mb",
        "documentsMin": 4,
        "documentsMax": 4,
        "nodesMin": 1913,
        "nodesMax": 1915,
        "listenersMin": 143,
        "listenersMax": 143
      },
      "runs": 3,
      "hookTiming": 12.166666666666666
    }
  }
}