{
  "timestamp": "2026-05-25T11:25:28.524Z",
  "scenarios": {
    "cell-editing": {
      "rangeStart": 0,
      "rangeEnd": 2728,
      "total": 2728,
      "categories": {
        "other": 220.59799999676397,
        "rendering": 239.97000000082576,
        "scripting": 399.8969999999329,
        "painting": 45.134666667164616,
        "idle": 1822.7223333353177
      },
      "updateCounters": {
        "sampleCount": 2101,
        "jsHeapMinBytes": 15325929.333333334,
        "jsHeapMaxBytes": 28205274.666666668,
        "jsHeapMinLabel": "15326 kb",
        "jsHeapMaxLabel": "28.2 Mb",
        "documentsMin": 2,
        "documentsMax": 2,
        "nodesMin": 1032,
        "nodesMax": 1109,
        "listenersMin": 175,
        "listenersMax": 327
      },
      "runs": 3
    },
    "filtering": {
      "rangeStart": 0,
      "rangeEnd": 396,
      "total": 396,
      "categories": {
        "other": 379.4838666666849,
        "rendering": 2.5553999999538064,
        "scripting": 13.139299999991742,
        "painting": 0,
        "idle": 1.2229999999981374
      },
      "updateCounters": {
        "sampleCount": 1,
        "jsHeapMinBytes": 153194124,
        "jsHeapMaxBytes": 153194124,
        "jsHeapMinLabel": "153194 kb",
        "jsHeapMaxLabel": "153.2 Mb",
        "documentsMin": 4,
        "documentsMax": 4,
        "nodesMin": 1983,
        "nodesMax": 1983,
        "listenersMin": 201,
        "listenersMax": 201
      },
      "runs": 3,
      "hookTiming": 4.933333333387661
    },
    "scroll-down": {
      "rangeStart": 0,
      "rangeEnd": 16735,
      "total": 16735,
      "categories": {
        "other": 167.82766666903657,
        "rendering": 21.905333332756225,
        "painting": 23.03533333466233,
        "scripting": 127.47933333355438,
        "idle": 16395.048999996663
      },
      "updateCounters": {
        "sampleCount": 501,
        "jsHeapMinBytes": 26964350.666666668,
        "jsHeapMaxBytes": 28557848,
        "jsHeapMinLabel": "26964 kb",
        "jsHeapMaxLabel": "28.6 Mb",
        "documentsMin": 2,
        "documentsMax": 2,
        "nodesMin": 150270,
        "nodesMax": 150301,
        "listenersMin": 158,
        "listenersMax": 158
      },
      "runs": 3
    },
    "scroll-left": {
      "rangeStart": 0,
      "rangeEnd": 16695,
      "total": 16695,
      "categories": {
        "other": 564.7466666618437,
        "rendering": 2418.6159999987963,
        "scripting": 2611.8330000038345,
        "painting": 683.9370000006942,
        "idle": 10415.412666668146
      },
      "updateCounters": {
        "sampleCount": 3088,
        "jsHeapMinBytes": 16121802.666666666,
        "jsHeapMaxBytes": 26901653.333333332,
        "jsHeapMinLabel": "16122 kb",
        "jsHeapMaxLabel": "26.9 Mb",
        "documentsMin": 2,
        "documentsMax": 2,
        "nodesMin": 1080,
        "nodesMax": 1174,
        "listenersMin": 158,
        "listenersMax": 158
      },
      "runs": 3
    },
    "scroll-right": {
      "rangeStart": 0,
      "rangeEnd": 9029,
      "total": 9029,
      "categories": {
        "rendering": 353.4046666661355,
        "scripting": 440.8689999992649,
        "painting": 108.79899999980505,
        "other": 164.5966666670904,
        "idle": 7961.726150001011
      },
      "updateCounters": {
        "sampleCount": 861,
        "jsHeapMinBytes": 16423090.666666666,
        "jsHeapMaxBytes": 23473004,
        "jsHeapMinLabel": "16423 kb",
        "jsHeapMaxLabel": "23.5 Mb",
        "documentsMin": 2,
        "documentsMax": 2,
        "nodesMin": 1080,
        "nodesMax": 1128,
        "listenersMin": 158,
        "listenersMax": 158
      },
      "runs": 3
    },
    "scroll-up": {
      "rangeStart": 0,
      "rangeEnd": 14551,
      "total": 14551,
      "categories": {
        "other": 293.8826666613783,
        "rendering": 1832.3680000024615,
        "scripting": 1757.029666669382,
        "painting": 423.9136666683092,
        "idle": 10244.47998333183
      },
      "updateCounters": {
        "sampleCount": 927,
        "jsHeapMinBytes": 28100208,
        "jsHeapMaxBytes": 56896448,
        "jsHeapMinLabel": "28100 kb",
        "jsHeapMaxLabel": "56.9 Mb",
        "documentsMin": 2,
        "documentsMax": 2,
        "nodesMin": 150277,
        "nodesMax": 150757,
        "listenersMin": 158,
        "listenersMax": 158
      },
      "runs": 3
    },
    "sorting": {
      "rangeStart": 0,
      "rangeEnd": 394,
      "total": 394,
      "categories": {
        "other": 384.37358333336033,
        "rendering": 1.671499999977338,
        "scripting": 6.3125166666507715,
        "painting": 0,
        "idle": 1.1713333332833524
      },
      "updateCounters": {
        "sampleCount": 1,
        "jsHeapMinBytes": 160309272,
        "jsHeapMaxBytes": 160309272,
        "jsHeapMinLabel": "160309 kb",
        "jsHeapMaxLabel": "160.3 Mb",
        "documentsMin": 4,
        "documentsMax": 4,
        "nodesMin": 1917,
        "nodesMax": 1917,
        "listenersMin": 145,
        "listenersMax": 145
      },
      "runs": 3,
      "hookTiming": 12.400000000023283
    }
  }
}