{
  "timestamp": "2026-05-13T08:24:56.980Z",
  "scenarios": {
    "cell-editing": {
      "rangeStart": 0,
      "rangeEnd": 2843,
      "total": 2843,
      "categories": {
        "other": 241.48266666671375,
        "rendering": 282.1056666667088,
        "scripting": 432.4173333331931,
        "painting": 56.3393333334728,
        "idle": 1830.9039999999125
      },
      "updateCounters": {
        "sampleCount": 2103,
        "jsHeapMinBytes": 15615048,
        "jsHeapMaxBytes": 29843960,
        "jsHeapMinLabel": "15615 kb",
        "jsHeapMaxLabel": "29.8 Mb",
        "documentsMin": 2,
        "documentsMax": 2,
        "nodesMin": 1030,
        "nodesMax": 1117,
        "listenersMin": 175,
        "listenersMax": 347
      },
      "runs": 3
    },
    "filtering": {
      "rangeStart": 0,
      "rangeEnd": 354,
      "total": 354,
      "categories": {
        "other": 338.9103333333379,
        "rendering": 2.09633333333962,
        "scripting": 11.982333333343268,
        "painting": 0,
        "idle": 1.2079999999841675
      },
      "updateCounters": {
        "sampleCount": 1,
        "jsHeapMinBytes": 155997580,
        "jsHeapMaxBytes": 155997580,
        "jsHeapMinLabel": "155998 kb",
        "jsHeapMaxLabel": "156.0 Mb",
        "documentsMin": 4,
        "documentsMax": 4,
        "nodesMin": 1981,
        "nodesMax": 1981,
        "listenersMin": 201,
        "listenersMax": 201
      },
      "runs": 3,
      "hookTiming": 4.633333333331393
    },
    "scroll-down": {
      "rangeStart": 0,
      "rangeEnd": 16730,
      "total": 16730,
      "categories": {
        "other": 221.627000000991,
        "rendering": 24.945333333006904,
        "painting": 28.767999999710202,
        "scripting": 143.10833333307178,
        "idle": 16311.548999999883
      },
      "updateCounters": {
        "sampleCount": 501,
        "jsHeapMinBytes": 26917073.333333332,
        "jsHeapMaxBytes": 30066549.333333332,
        "jsHeapMinLabel": "26917 kb",
        "jsHeapMaxLabel": "30.1 Mb",
        "documentsMin": 2,
        "documentsMax": 2,
        "nodesMin": 150268,
        "nodesMax": 150304,
        "listenersMin": 158,
        "listenersMax": 158
      },
      "runs": 3
    },
    "scroll-left": {
      "rangeStart": 0,
      "rangeEnd": 16708,
      "total": 16708,
      "categories": {
        "other": 611.679666668179,
        "rendering": 2383.8286666660183,
        "painting": 708.1740000003192,
        "scripting": 2384.8166666655816,
        "idle": 10619.575333333234
      },
      "updateCounters": {
        "sampleCount": 3042,
        "jsHeapMinBytes": 16012354.666666666,
        "jsHeapMaxBytes": 30576033.333333332,
        "jsHeapMinLabel": "16012 kb",
        "jsHeapMaxLabel": "30.6 Mb",
        "documentsMin": 2,
        "documentsMax": 2,
        "nodesMin": 1078,
        "nodesMax": 1170,
        "listenersMin": 158,
        "listenersMax": 158
      },
      "runs": 3
    },
    "scroll-right": {
      "rangeStart": 0,
      "rangeEnd": 13611,
      "total": 13611,
      "categories": {
        "rendering": 357.41733333406347,
        "scripting": 410.48800000028035,
        "painting": 121.11666666629026,
        "other": 226.97233333258532,
        "idle": 12494.953283333472
      },
      "updateCounters": {
        "sampleCount": 860,
        "jsHeapMinBytes": 16423909.333333334,
        "jsHeapMaxBytes": 23885497.333333332,
        "jsHeapMinLabel": "16424 kb",
        "jsHeapMaxLabel": "23.9 Mb",
        "documentsMin": 2,
        "documentsMax": 2,
        "nodesMin": 1078,
        "nodesMax": 1139,
        "listenersMin": 158,
        "listenersMax": 158
      },
      "runs": 3
    },
    "scroll-up": {
      "rangeStart": 0,
      "rangeEnd": 14560,
      "total": 14560,
      "categories": {
        "other": 359.68466666381954,
        "rendering": 1937.3316666695173,
        "scripting": 1800.0399999994709,
        "painting": 480.37199999964406,
        "idle": 9982.602083334214
      },
      "updateCounters": {
        "sampleCount": 927,
        "jsHeapMinBytes": 28065901.333333332,
        "jsHeapMaxBytes": 56746362.666666664,
        "jsHeapMinLabel": "28066 kb",
        "jsHeapMaxLabel": "56.7 Mb",
        "documentsMin": 2,
        "documentsMax": 2,
        "nodesMin": 150275,
        "nodesMax": 150755,
        "listenersMin": 158,
        "listenersMax": 158
      },
      "runs": 3
    },
    "sorting": {
      "rangeStart": 0,
      "rangeEnd": 346,
      "total": 346,
      "categories": {
        "other": 339.2852999999916,
        "rendering": 0.41456666666393477,
        "scripting": 4.720566666662694,
        "painting": 0,
        "idle": 1.5813333333159487
      },
      "updateCounters": {
        "sampleCount": 2,
        "jsHeapMinBytes": 141826512,
        "jsHeapMaxBytes": 147192100,
        "jsHeapMinLabel": "141827 kb",
        "jsHeapMaxLabel": "147.2 Mb",
        "documentsMin": 4,
        "documentsMax": 4,
        "nodesMin": 1913,
        "nodesMax": 1915,
        "listenersMin": 145,
        "listenersMax": 145
      },
      "runs": 3,
      "hookTiming": 12.59999999999612
    }
  }
}