{
  "timestamp": "2026-05-07T11:18:26.342Z",
  "scenarios": {
    "cell-editing": {
      "rangeStart": 0,
      "rangeEnd": 2748,
      "total": 2748,
      "categories": {
        "other": 220.6586666665793,
        "rendering": 236.46566666662207,
        "scripting": 406.1933333333275,
        "painting": 46.20433333343923,
        "idle": 1838.4196666666976
      },
      "updateCounters": {
        "sampleCount": 2102,
        "jsHeapMinBytes": 15261293.333333334,
        "jsHeapMaxBytes": 26737956,
        "jsHeapMinLabel": "15261 kb",
        "jsHeapMaxLabel": "26.7 Mb",
        "documentsMin": 2,
        "documentsMax": 2,
        "nodesMin": 1030,
        "nodesMax": 1101,
        "listenersMin": 175,
        "listenersMax": 308
      },
      "runs": 3
    },
    "filtering": {
      "rangeStart": 0,
      "rangeEnd": 353,
      "total": 353,
      "categories": {
        "other": 337.1143166666536,
        "rendering": 2.124666666679938,
        "scripting": 11.923699999999721,
        "painting": 0,
        "idle": 1.1750000000029104
      },
      "updateCounters": {
        "sampleCount": 1,
        "jsHeapMinBytes": 155180508,
        "jsHeapMaxBytes": 155180508,
        "jsHeapMinLabel": "155181 kb",
        "jsHeapMaxLabel": "155.2 Mb",
        "documentsMin": 4,
        "documentsMax": 4,
        "nodesMin": 1981,
        "nodesMax": 1981,
        "listenersMin": 201,
        "listenersMax": 201
      },
      "runs": 3,
      "hookTiming": 4.233333333327512
    },
    "scroll-down": {
      "rangeStart": 0,
      "rangeEnd": 16712,
      "total": 16712,
      "categories": {
        "other": 144.84699999876455,
        "rendering": 19.77933333335871,
        "painting": 19.943333333561895,
        "scripting": 110.09566666674569,
        "idle": 16416.86366666757
      },
      "updateCounters": {
        "sampleCount": 501,
        "jsHeapMinBytes": 26911536,
        "jsHeapMaxBytes": 30495376,
        "jsHeapMinLabel": "26912 kb",
        "jsHeapMaxLabel": "30.5 Mb",
        "documentsMin": 2,
        "documentsMax": 2,
        "nodesMin": 150268,
        "nodesMax": 150305,
        "listenersMin": 158,
        "listenersMax": 158
      },
      "runs": 3
    },
    "scroll-left": {
      "rangeStart": 0,
      "rangeEnd": 16701,
      "total": 16701,
      "categories": {
        "other": 483.46933333451415,
        "rendering": 2123.4570000001404,
        "scripting": 2165.1523333319265,
        "painting": 574.7463333336249,
        "idle": 11354.356666666456
      },
      "updateCounters": {
        "sampleCount": 3041,
        "jsHeapMinBytes": 16027701.333333334,
        "jsHeapMaxBytes": 30556948,
        "jsHeapMinLabel": "16028 kb",
        "jsHeapMaxLabel": "30.6 Mb",
        "documentsMin": 2,
        "documentsMax": 2,
        "nodesMin": 1078,
        "nodesMax": 1171,
        "listenersMin": 158,
        "listenersMax": 158
      },
      "runs": 3
    },
    "scroll-right": {
      "rangeStart": 0,
      "rangeEnd": 13609,
      "total": 13609,
      "categories": {
        "rendering": 323.2296666671561,
        "scripting": 362.03733333290165,
        "painting": 100.28700000034102,
        "other": 151.73499999937758,
        "idle": 12671.422116666916
      },
      "updateCounters": {
        "sampleCount": 861,
        "jsHeapMinBytes": 16407172,
        "jsHeapMaxBytes": 21400973.333333332,
        "jsHeapMinLabel": "16407 kb",
        "jsHeapMaxLabel": "21.4 Mb",
        "documentsMin": 2,
        "documentsMax": 2,
        "nodesMin": 1078,
        "nodesMax": 1109,
        "listenersMin": 158,
        "listenersMax": 158
      },
      "runs": 3
    },
    "scroll-up": {
      "rangeStart": 0,
      "rangeEnd": 14552,
      "total": 14552,
      "categories": {
        "other": 256.2223333322036,
        "rendering": 1700.535000001352,
        "scripting": 1674.618333331028,
        "painting": 361.2439999998508,
        "idle": 10559.140516668887
      },
      "updateCounters": {
        "sampleCount": 927,
        "jsHeapMinBytes": 28048158.666666668,
        "jsHeapMaxBytes": 56609993.333333336,
        "jsHeapMinLabel": "28048 kb",
        "jsHeapMaxLabel": "56.6 Mb",
        "documentsMin": 2,
        "documentsMax": 2,
        "nodesMin": 150275,
        "nodesMax": 150754,
        "listenersMin": 158,
        "listenersMax": 158
      },
      "runs": 3
    },
    "sorting": {
      "rangeStart": 0,
      "rangeEnd": 347,
      "total": 347,
      "categories": {
        "other": 338.9631000000015,
        "rendering": 0.8438666666625068,
        "scripting": 5.227133333345254,
        "painting": 0,
        "idle": 1.7433333333271246
      },
      "updateCounters": {
        "sampleCount": 1,
        "jsHeapMinBytes": 141740140,
        "jsHeapMaxBytes": 141740140,
        "jsHeapMinLabel": "141740 kb",
        "jsHeapMaxLabel": "141.7 Mb",
        "documentsMin": 4,
        "documentsMax": 4,
        "nodesMin": 1913,
        "nodesMax": 1913,
        "listenersMin": 145,
        "listenersMax": 145
      },
      "runs": 3,
      "hookTiming": 11.799999999988358
    }
  }
}