{
  "timestamp": "2026-04-27T07:53:17.886Z",
  "scenarios": {
    "cell-editing": {
      "rangeStart": 0,
      "rangeEnd": 2767,
      "total": 2767,
      "categories": {
        "other": 223.30599999958304,
        "rendering": 251.10500000042762,
        "scripting": 411.68966666645093,
        "painting": 48.68666666663679,
        "idle": 1832.1460000002407
      },
      "updateCounters": {
        "sampleCount": 2101,
        "jsHeapMinBytes": 15341748,
        "jsHeapMaxBytes": 28572357.333333332,
        "jsHeapMinLabel": "15342 kb",
        "jsHeapMaxLabel": "28.6 Mb",
        "documentsMin": 2,
        "documentsMax": 2,
        "nodesMin": 1030,
        "nodesMax": 1109,
        "listenersMin": 174,
        "listenersMax": 328
      },
      "runs": 3
    },
    "filtering": {
      "rangeStart": 0,
      "rangeEnd": 364,
      "total": 364,
      "categories": {
        "other": 161.5743166666343,
        "scripting": 195.20565000000056,
        "rendering": 3.790333333367016,
        "painting": 0.910666666663019,
        "idle": 2.6709999999923943
      },
      "updateCounters": {
        "sampleCount": 1,
        "jsHeapMinBytes": 147836014,
        "jsHeapMaxBytes": 147836014,
        "jsHeapMinLabel": "147836 kb",
        "jsHeapMaxLabel": "147.8 Mb",
        "documentsMin": 4,
        "documentsMax": 4,
        "nodesMin": 1983,
        "nodesMax": 1983,
        "listenersMin": 199,
        "listenersMax": 199
      },
      "runs": 3,
      "hookTiming": 5.233333333327512
    },
    "scroll-down": {
      "rangeStart": 0,
      "rangeEnd": 16717,
      "total": 16717,
      "categories": {
        "other": 187.7819999997457,
        "rendering": 24.227000000333646,
        "painting": 27.74366666660838,
        "scripting": 132.83566666651447,
        "idle": 16344.280666666795
      },
      "updateCounters": {
        "sampleCount": 501,
        "jsHeapMinBytes": 26863596,
        "jsHeapMaxBytes": 30901536,
        "jsHeapMinLabel": "26864 kb",
        "jsHeapMaxLabel": "30.9 Mb",
        "documentsMin": 2,
        "documentsMax": 2,
        "nodesMin": 150268,
        "nodesMax": 150307,
        "listenersMin": 156,
        "listenersMax": 156
      },
      "runs": 3
    },
    "scroll-left": {
      "rangeStart": 0,
      "rangeEnd": 16703,
      "total": 16703,
      "categories": {
        "other": 528.6679999972886,
        "rendering": 2315.133666667059,
        "scripting": 2379.653333334563,
        "painting": 642.5599999998813,
        "idle": 10836.606666667862
      },
      "updateCounters": {
        "sampleCount": 3042,
        "jsHeapMinBytes": 15967952,
        "jsHeapMaxBytes": 30496412,
        "jsHeapMinLabel": "15968 kb",
        "jsHeapMaxLabel": "30.5 Mb",
        "documentsMin": 2,
        "documentsMax": 2,
        "nodesMin": 1078,
        "nodesMax": 1170,
        "listenersMin": 156,
        "listenersMax": 156
      },
      "runs": 3
    },
    "scroll-right": {
      "rangeStart": 0,
      "rangeEnd": 13604,
      "total": 13604,
      "categories": {
        "rendering": 340.1930000008433,
        "scripting": 387.61933333426515,
        "painting": 107.90299999981653,
        "other": 171.1606666664807,
        "idle": 12597.379816665256
      },
      "updateCounters": {
        "sampleCount": 860,
        "jsHeapMinBytes": 16364990.666666666,
        "jsHeapMaxBytes": 21361165.333333332,
        "jsHeapMinLabel": "16365 kb",
        "jsHeapMaxLabel": "21.4 Mb",
        "documentsMin": 2,
        "documentsMax": 2,
        "nodesMin": 1078,
        "nodesMax": 1109,
        "listenersMin": 156,
        "listenersMax": 156
      },
      "runs": 3
    },
    "scroll-up": {
      "rangeStart": 0,
      "rangeEnd": 15303,
      "total": 15303,
      "categories": {
        "other": 295.1319999995922,
        "rendering": 1864.1280000028976,
        "scripting": 1855.9399999978905,
        "painting": 405.88400000021403,
        "idle": 10882.080016666072
      },
      "updateCounters": {
        "sampleCount": 948,
        "jsHeapMinBytes": 27848445.333333332,
        "jsHeapMaxBytes": 49976970.666666664,
        "jsHeapMinLabel": "27848 kb",
        "jsHeapMaxLabel": "50.0 Mb",
        "documentsMin": 2,
        "documentsMax": 2,
        "nodesMin": 150273,
        "nodesMax": 150746,
        "listenersMin": 156,
        "listenersMax": 156
      },
      "runs": 3
    },
    "sorting": {
      "rangeStart": 0,
      "rangeEnd": 351,
      "total": 351,
      "categories": {
        "other": 343.1093333333585,
        "rendering": 0.7669999999925494,
        "scripting": 4.902466666658719,
        "painting": 0,
        "idle": 1.651333333322924
      },
      "updateCounters": {
        "sampleCount": 2,
        "jsHeapMinBytes": 141751936,
        "jsHeapMaxBytes": 147107052,
        "jsHeapMinLabel": "141752 kb",
        "jsHeapMaxLabel": "147.1 Mb",
        "documentsMin": 4,
        "documentsMax": 4,
        "nodesMin": 1913,
        "nodesMax": 1915,
        "listenersMin": 143,
        "listenersMax": 143
      },
      "runs": 3,
      "hookTiming": 11.700000000011642
    }
  }
}