{
  "timestamp": "2026-06-30T08:57:59.415Z",
  "scenarios": {
    "cell-editing": {
      "rangeStart": 0,
      "rangeEnd": 2610,
      "total": 2610,
      "categories": {
        "other": 183.66133333309173,
        "rendering": 284.57333333334344,
        "painting": 34.46533333329717,
        "scripting": 307.5690000000399,
        "idle": 1799.6423333335551
      },
      "updateCounters": {
        "sampleCount": 2127,
        "jsHeapMinBytes": 11379034.666666666,
        "jsHeapMaxBytes": 18720400,
        "jsHeapMinLabel": "11379 kB",
        "jsHeapMaxLabel": "18.7 MB",
        "documentsMin": 1,
        "documentsMax": 1,
        "nodesMin": 744,
        "nodesMax": 1025,
        "listenersMin": 175,
        "listenersMax": 301
      },
      "runs": 3
    },
    "filtering": {
      "rangeStart": 0,
      "rangeEnd": 506,
      "total": 506,
      "categories": {
        "other": 491.5336666666683,
        "scripting": 13.036833333333334,
        "rendering": 0,
        "painting": 0,
        "idle": 1.1683333333349044
      },
      "updateCounters": {
        "sampleCount": 2,
        "jsHeapMinBytes": 311768184,
        "jsHeapMaxBytes": 316934444,
        "jsHeapMinLabel": "311768 kB",
        "jsHeapMaxLabel": "316.9 MB",
        "documentsMin": 3,
        "documentsMax": 3,
        "nodesMin": 1999,
        "nodesMax": 1999,
        "listenersMin": 209,
        "listenersMax": 209
      },
      "runs": 3,
      "hookTiming": 38.16666666666182
    },
    "initial-load": {
      "rangeStart": 0,
      "rangeEnd": 494,
      "total": 494,
      "categories": {
        "other": 475.2606999999992,
        "rendering": 1.3953000000183238,
        "scripting": 16.49690000000282,
        "painting": 0,
        "idle": 0.7216666666499805
      },
      "updateCounters": {
        "sampleCount": 2,
        "jsHeapMinBytes": 285975524,
        "jsHeapMaxBytes": 285975568,
        "jsHeapMinLabel": "285976 kB",
        "jsHeapMaxLabel": "286.0 MB",
        "documentsMin": 1,
        "documentsMax": 1,
        "nodesMin": 4500,
        "nodesMax": 4500,
        "listenersMin": 607,
        "listenersMax": 607
      },
      "runs": 3
    },
    "scroll-down": {
      "rangeStart": 0,
      "rangeEnd": 10263,
      "total": 10263,
      "categories": {
        "rendering": 716.7860000003857,
        "scripting": 636.3243333332412,
        "painting": 222.2803333333868,
        "other": 202.9909999996058,
        "idle": 8484.239050000038
      },
      "updateCounters": {
        "sampleCount": 901,
        "jsHeapMinBytes": 21718689.333333332,
        "jsHeapMaxBytes": 33030973.333333332,
        "jsHeapMinLabel": "21719 kB",
        "jsHeapMaxLabel": "33.0 MB",
        "documentsMin": 1,
        "documentsMax": 1,
        "nodesMin": 1754,
        "nodesMax": 1878,
        "listenersMin": 158,
        "listenersMax": 158
      },
      "runs": 3
    },
    "scroll-left": {
      "rangeStart": 0,
      "rangeEnd": 16684,
      "total": 16684,
      "categories": {
        "rendering": 1650.1773333333356,
        "scripting": 1785.0109999998178,
        "painting": 564.4530000000377,
        "other": 415.52533333289347,
        "idle": 12269.305666667255
      },
      "updateCounters": {
        "sampleCount": 3066,
        "jsHeapMinBytes": 14359482.666666666,
        "jsHeapMaxBytes": 23987422.666666668,
        "jsHeapMinLabel": "14359 kB",
        "jsHeapMaxLabel": "24.0 MB",
        "documentsMin": 1,
        "documentsMax": 1,
        "nodesMin": 1081,
        "nodesMax": 1111,
        "listenersMin": 158,
        "listenersMax": 158
      },
      "runs": 3
    },
    "scroll-right": {
      "rangeStart": 0,
      "rangeEnd": 13579,
      "total": 13579,
      "categories": {
        "rendering": 241.1906666669723,
        "scripting": 294.32866666657475,
        "painting": 92.62666666693985,
        "other": 136.6223333336978,
        "idle": 12814.649633332496
      },
      "updateCounters": {
        "sampleCount": 863,
        "jsHeapMinBytes": 14973272,
        "jsHeapMaxBytes": 19943520,
        "jsHeapMinLabel": "14973 kB",
        "jsHeapMaxLabel": "19.9 MB",
        "documentsMin": 1,
        "documentsMax": 1,
        "nodesMin": 1051,
        "nodesMax": 1061,
        "listenersMin": 158,
        "listenersMax": 158
      },
      "runs": 3
    },
    "scroll-up": {
      "rangeStart": 0,
      "rangeEnd": 16713,
      "total": 16713,
      "categories": {
        "other": 646.6156666656437,
        "rendering": 3110.9336666654563,
        "scripting": 2560.300333335547,
        "painting": 952.144999999747,
        "idle": 9443.527666666932
      },
      "updateCounters": {
        "sampleCount": 2319,
        "jsHeapMinBytes": 21807578.666666668,
        "jsHeapMaxBytes": 49705766.666666664,
        "jsHeapMinLabel": "21808 kB",
        "jsHeapMaxLabel": "49.7 MB",
        "documentsMin": 1,
        "documentsMax": 1,
        "nodesMin": 1795,
        "nodesMax": 2064,
        "listenersMin": 158,
        "listenersMax": 158
      },
      "runs": 3
    },
    "sorting": {
      "rangeStart": 0,
      "rangeEnd": 587,
      "total": 587,
      "categories": {
        "other": 531.4260000000482,
        "scripting": 50.97896666666415,
        "rendering": 3.3470000000088476,
        "painting": 0.6733333333395422,
        "idle": 0.9726666666101664
      },
      "updateCounters": {
        "sampleCount": 3,
        "jsHeapMinBytes": 355593744,
        "jsHeapMaxBytes": 357701828,
        "jsHeapMinLabel": "355594 kB",
        "jsHeapMaxLabel": "357.7 MB",
        "documentsMin": 3,
        "documentsMax": 3,
        "nodesMin": 1897,
        "nodesMax": 1897,
        "listenersMin": 145,
        "listenersMax": 145
      },
      "runs": 3,
      "hookTiming": 112.43333333332946
    },
    "source-data-validator-load": {
      "rangeStart": 0,
      "rangeEnd": 6443,
      "total": 6443,
      "categories": {
        "other": 1423.7009999999948,
        "rendering": 18.29466666665394,
        "scripting": 4997.85200000002,
        "painting": 0.017499999987194315,
        "idle": 3.1723333333502524
      },
      "updateCounters": {
        "sampleCount": 61,
        "jsHeapMinBytes": 474365800,
        "jsHeapMaxBytes": 1266830737.3333333,
        "jsHeapMinLabel": "474366 kB",
        "jsHeapMaxLabel": "1266.8 MB",
        "documentsMin": 1,
        "documentsMax": 1,
        "nodesMin": 3600,
        "nodesMax": 4757,
        "listenersMin": 383,
        "listenersMax": 459
      },
      "runs": 3
    }
  }
}