{
  "timestamp": "2026-05-13T11:24:34.428Z",
  "scenarios": {
    "cell-editing": {
      "rangeStart": 0,
      "rangeEnd": 2796,
      "total": 2796,
      "categories": {
        "other": 232.96033333365594,
        "rendering": 248.58633333309749,
        "scripting": 418.9606666668506,
        "painting": 49.82533333322984,
        "idle": 1845.7449999998305
      },
      "updateCounters": {
        "sampleCount": 2101,
        "jsHeapMinBytes": 15280225.333333334,
        "jsHeapMaxBytes": 28308709.333333332,
        "jsHeapMinLabel": "15280 kb",
        "jsHeapMaxLabel": "28.3 Mb",
        "documentsMin": 2,
        "documentsMax": 2,
        "nodesMin": 1030,
        "nodesMax": 1107,
        "listenersMin": 176,
        "listenersMax": 326
      },
      "runs": 3
    },
    "filtering": {
      "rangeStart": 0,
      "rangeEnd": 355,
      "total": 355,
      "categories": {
        "other": 163.9653333333417,
        "scripting": 187.90296666666504,
        "rendering": 1.8709000000041367,
        "painting": 0,
        "idle": 1.0373333333215367
      },
      "updateCounters": {
        "sampleCount": 1,
        "jsHeapMinBytes": 152440072,
        "jsHeapMaxBytes": 152440072,
        "jsHeapMinLabel": "152440 kb",
        "jsHeapMaxLabel": "152.4 Mb",
        "documentsMin": 4,
        "documentsMax": 4,
        "nodesMin": 1979,
        "nodesMax": 1979,
        "listenersMin": 201,
        "listenersMax": 201
      },
      "runs": 3,
      "hookTiming": 4.433333333339154
    },
    "scroll-down": {
      "rangeStart": 0,
      "rangeEnd": 16726,
      "total": 16726,
      "categories": {
        "other": 150.63899999988232,
        "rendering": 20.19633333366558,
        "painting": 22.06099999975413,
        "scripting": 128.7056666668473,
        "idle": 16403.86499999986
      },
      "updateCounters": {
        "sampleCount": 501,
        "jsHeapMinBytes": 27030376,
        "jsHeapMaxBytes": 35102610.666666664,
        "jsHeapMinLabel": "27030 kb",
        "jsHeapMaxLabel": "35.1 Mb",
        "documentsMin": 2,
        "documentsMax": 2,
        "nodesMin": 150268,
        "nodesMax": 150293,
        "listenersMin": 158,
        "listenersMax": 158
      },
      "runs": 3
    },
    "scroll-left": {
      "rangeStart": 0,
      "rangeEnd": 16700,
      "total": 16700,
      "categories": {
        "other": 504.6150000013849,
        "rendering": 2208.3919999983627,
        "scripting": 2310.6683333346177,
        "painting": 611.7729999995499,
        "idle": 11064.861333332752
      },
      "updateCounters": {
        "sampleCount": 3042,
        "jsHeapMinBytes": 16036794.666666666,
        "jsHeapMaxBytes": 30662034.666666668,
        "jsHeapMinLabel": "16037 kb",
        "jsHeapMaxLabel": "30.7 Mb",
        "documentsMin": 2,
        "documentsMax": 2,
        "nodesMin": 1078,
        "nodesMax": 1171,
        "listenersMin": 158,
        "listenersMax": 158
      },
      "runs": 3
    },
    "scroll-right": {
      "rangeStart": 0,
      "rangeEnd": 13596,
      "total": 13596,
      "categories": {
        "rendering": 309.48600000082905,
        "scripting": 364.16433333318327,
        "painting": 96.79300000029616,
        "other": 147.38266666759395,
        "idle": 12678.069483331405
      },
      "updateCounters": {
        "sampleCount": 860,
        "jsHeapMinBytes": 16428476,
        "jsHeapMaxBytes": 21426025.333333332,
        "jsHeapMinLabel": "16428 kb",
        "jsHeapMaxLabel": "21.4 Mb",
        "documentsMin": 2,
        "documentsMax": 2,
        "nodesMin": 1078,
        "nodesMax": 1109,
        "listenersMin": 158,
        "listenersMax": 158
      },
      "runs": 3
    },
    "scroll-up": {
      "rangeStart": 0,
      "rangeEnd": 14539,
      "total": 14539,
      "categories": {
        "other": 261.01099999624415,
        "rendering": 1713.5586666685024,
        "scripting": 1689.2170000010422,
        "painting": 368.3643333330013,
        "idle": 10506.670000001206
      },
      "updateCounters": {
        "sampleCount": 927,
        "jsHeapMinBytes": 28078921.333333332,
        "jsHeapMaxBytes": 56650821.333333336,
        "jsHeapMinLabel": "28079 kb",
        "jsHeapMaxLabel": "56.7 Mb",
        "documentsMin": 2,
        "documentsMax": 2,
        "nodesMin": 150274,
        "nodesMax": 150753,
        "listenersMin": 158,
        "listenersMax": 158
      },
      "runs": 3
    },
    "sorting": {
      "rangeStart": 0,
      "rangeEnd": 347,
      "total": 347,
      "categories": {
        "other": 340.4066166666875,
        "rendering": 0.09699999998944502,
        "scripting": 4.788350000003973,
        "painting": 0,
        "idle": 1.9850000000054326
      },
      "updateCounters": {
        "sampleCount": 2,
        "jsHeapMinBytes": 141893400,
        "jsHeapMaxBytes": 147259896,
        "jsHeapMinLabel": "141893 kb",
        "jsHeapMaxLabel": "147.3 Mb",
        "documentsMin": 4,
        "documentsMax": 4,
        "nodesMin": 1913,
        "nodesMax": 1915,
        "listenersMin": 145,
        "listenersMax": 145
      },
      "runs": 3,
      "hookTiming": 12.766666666662786
    }
  }
}