{
  "timestamp": "2026-05-15T08:04:02.073Z",
  "scenarios": {
    "cell-editing": {
      "rangeStart": 0,
      "rangeEnd": 3099,
      "total": 3099,
      "categories": {
        "other": 278.04366666547503,
        "rendering": 338.2676666670013,
        "scripting": 524.5913333337194,
        "painting": 66.55333333320839,
        "idle": 1891.9613333339028
      },
      "updateCounters": {
        "sampleCount": 2101,
        "jsHeapMinBytes": 15282517.333333334,
        "jsHeapMaxBytes": 29473122.666666668,
        "jsHeapMinLabel": "15283 kb",
        "jsHeapMaxLabel": "29.5 Mb",
        "documentsMin": 2,
        "documentsMax": 2,
        "nodesMin": 1030,
        "nodesMax": 1115,
        "listenersMin": 176,
        "listenersMax": 342
      },
      "runs": 3
    },
    "filtering": {
      "rangeStart": 0,
      "rangeEnd": 364,
      "total": 364,
      "categories": {
        "other": 346.9311833333151,
        "rendering": 2.425150000024587,
        "scripting": 12.456866666654747,
        "painting": 0,
        "idle": 1.643333333331005
      },
      "updateCounters": null,
      "runs": 3,
      "hookTiming": 4.899999999984478
    },
    "scroll-down": {
      "rangeStart": 0,
      "rangeEnd": 16727,
      "total": 16727,
      "categories": {
        "other": 253.32366666590715,
        "rendering": 29.75400000116012,
        "painting": 34.09033333308374,
        "scripting": 149.46566666686908,
        "idle": 16260.31766666635
      },
      "updateCounters": {
        "sampleCount": 501,
        "jsHeapMinBytes": 26917709.333333332,
        "jsHeapMaxBytes": 30723518.666666668,
        "jsHeapMinLabel": "26918 kb",
        "jsHeapMaxLabel": "30.7 Mb",
        "documentsMin": 2,
        "documentsMax": 2,
        "nodesMin": 150268,
        "nodesMax": 150306,
        "listenersMin": 158,
        "listenersMax": 158
      },
      "runs": 3
    },
    "scroll-left": {
      "rangeStart": 0,
      "rangeEnd": 16710,
      "total": 16710,
      "categories": {
        "other": 623.8076666646926,
        "rendering": 2567.68633333807,
        "painting": 700.9003333320143,
        "scripting": 2697.844666667397,
        "idle": 10119.637666664494
      },
      "updateCounters": {
        "sampleCount": 3043,
        "jsHeapMinBytes": 15942157.333333334,
        "jsHeapMaxBytes": 30472084,
        "jsHeapMinLabel": "15942 kb",
        "jsHeapMaxLabel": "30.5 Mb",
        "documentsMin": 2,
        "documentsMax": 2,
        "nodesMin": 1078,
        "nodesMax": 1171,
        "listenersMin": 158,
        "listenersMax": 158
      },
      "runs": 3
    },
    "scroll-right": {
      "rangeStart": 0,
      "rangeEnd": 9004,
      "total": 9004,
      "categories": {
        "rendering": 393.9989999996421,
        "scripting": 472.42300000199333,
        "painting": 119.87600000059076,
        "other": 198.76299999908017,
        "idle": 7818.945099998731
      },
      "updateCounters": {
        "sampleCount": 860,
        "jsHeapMinBytes": 16430973.333333334,
        "jsHeapMaxBytes": 25204505.333333332,
        "jsHeapMinLabel": "16431 kb",
        "jsHeapMaxLabel": "25.2 Mb",
        "documentsMin": 2,
        "documentsMax": 2,
        "nodesMin": 1078,
        "nodesMax": 1131,
        "listenersMin": 158,
        "listenersMax": 158
      },
      "runs": 3
    },
    "scroll-up": {
      "rangeStart": 0,
      "rangeEnd": 14558,
      "total": 14558,
      "categories": {
        "other": 376.4883333386167,
        "rendering": 2044.4596666638583,
        "scripting": 2018.1299999975818,
        "painting": 466.5753333323325,
        "idle": 9651.952100000926
      },
      "updateCounters": {
        "sampleCount": 927,
        "jsHeapMinBytes": 28315177.333333332,
        "jsHeapMaxBytes": 56989508,
        "jsHeapMinLabel": "28315 kb",
        "jsHeapMaxLabel": "57.0 Mb",
        "documentsMin": 2,
        "documentsMax": 2,
        "nodesMin": 150274,
        "nodesMax": 150757,
        "listenersMin": 158,
        "listenersMax": 158
      },
      "runs": 3
    },
    "sorting": {
      "rangeStart": 0,
      "rangeEnd": 356,
      "total": 356,
      "categories": {
        "other": 346.7391833334407,
        "rendering": 1.2103333332731079,
        "scripting": 6.060666666666667,
        "painting": 0,
        "idle": 2.044999999964299
      },
      "updateCounters": {
        "sampleCount": 1,
        "jsHeapMinBytes": 143208812,
        "jsHeapMaxBytes": 143208812,
        "jsHeapMinLabel": "143209 kb",
        "jsHeapMaxLabel": "143.2 Mb",
        "documentsMin": 4,
        "documentsMax": 4,
        "nodesMin": 1917,
        "nodesMax": 1917,
        "listenersMin": 145,
        "listenersMax": 145
      },
      "runs": 3,
      "hookTiming": 12.966666666674428
    }
  }
}