{
  "timestamp": "2026-06-29T12:30:39.412Z",
  "scenarios": {
    "cell-editing": {
      "rangeStart": 0,
      "rangeEnd": 2838,
      "total": 2838,
      "categories": {
        "other": 216.45366666443988,
        "rendering": 366.93033333289594,
        "scripting": 395.18099999985316,
        "painting": 50.372333334215604,
        "idle": 1808.5640000019146
      },
      "updateCounters": {
        "sampleCount": 2125,
        "jsHeapMinBytes": 11400826.666666666,
        "jsHeapMaxBytes": 18706168,
        "jsHeapMinLabel": "11401 kB",
        "jsHeapMaxLabel": "18.7 MB",
        "documentsMin": 1,
        "documentsMax": 1,
        "nodesMin": 831,
        "nodesMax": 1079,
        "listenersMin": 175,
        "listenersMax": 320
      },
      "runs": 3
    },
    "filtering": {
      "rangeStart": 0,
      "rangeEnd": 600,
      "total": 600,
      "categories": {
        "other": 524.2976666665921,
        "rendering": 9.404666666678773,
        "scripting": 58.19344999999211,
        "painting": 1.0026666666769113,
        "idle": 6.724333333433606
      },
      "updateCounters": {
        "sampleCount": 2,
        "jsHeapMinBytes": 333256717.3333333,
        "jsHeapMaxBytes": 349557873.3333333,
        "jsHeapMinLabel": "333257 kB",
        "jsHeapMaxLabel": "349.6 MB",
        "documentsMin": 3,
        "documentsMax": 3,
        "nodesMin": 1998,
        "nodesMax": 1999,
        "listenersMin": 209,
        "listenersMax": 209
      },
      "runs": 3,
      "hookTiming": 63.666666666666664
    },
    "initial-load": {
      "rangeStart": 0,
      "rangeEnd": 552,
      "total": 552,
      "categories": {
        "other": 504.0154333333833,
        "rendering": 7.743999999947846,
        "scripting": 38.55666666664587,
        "idle": 1.8336666666824992
      },
      "updateCounters": {
        "sampleCount": 1,
        "jsHeapMinBytes": 282830712,
        "jsHeapMaxBytes": 282830712,
        "jsHeapMinLabel": "282831 kB",
        "jsHeapMaxLabel": "282.8 MB",
        "documentsMin": 1,
        "documentsMax": 1,
        "nodesMin": 4664,
        "nodesMax": 4664,
        "listenersMin": 617,
        "listenersMax": 617
      },
      "runs": 3
    },
    "scroll-down": {
      "rangeStart": 0,
      "rangeEnd": 14975,
      "total": 14975,
      "categories": {
        "rendering": 856.8560000007661,
        "scripting": 791.5013333331809,
        "painting": 273.35400000070996,
        "other": 299.0966666670112,
        "idle": 12754.706983331707
      },
      "updateCounters": {
        "sampleCount": 899,
        "jsHeapMinBytes": 21913746.666666668,
        "jsHeapMaxBytes": 31409724,
        "jsHeapMinLabel": "21914 kB",
        "jsHeapMaxLabel": "31.4 MB",
        "documentsMin": 1,
        "documentsMax": 1,
        "nodesMin": 1754,
        "nodesMax": 1836,
        "listenersMin": 158,
        "listenersMax": 158
      },
      "runs": 3
    },
    "scroll-left": {
      "rangeStart": 0,
      "rangeEnd": 16703,
      "total": 16703,
      "categories": {
        "other": 542.6783333296316,
        "rendering": 2051.264333333626,
        "painting": 717.6776666646668,
        "scripting": 2425.8716666692894,
        "idle": 10965.18633333613
      },
      "updateCounters": {
        "sampleCount": 3063,
        "jsHeapMinBytes": 14402869.333333334,
        "jsHeapMaxBytes": 24065125.333333332,
        "jsHeapMinLabel": "14403 kB",
        "jsHeapMaxLabel": "24.1 MB",
        "documentsMin": 1,
        "documentsMax": 1,
        "nodesMin": 1081,
        "nodesMax": 1111,
        "listenersMin": 158,
        "listenersMax": 158
      },
      "runs": 3
    },
    "scroll-right": {
      "rangeStart": 0,
      "rangeEnd": 13603,
      "total": 13603,
      "categories": {
        "rendering": 302.2169999992475,
        "scripting": 393.12033333457015,
        "painting": 115.99700000098285,
        "other": 179.54233333082001,
        "idle": 12612.007450001043
      },
      "updateCounters": {
        "sampleCount": 863,
        "jsHeapMinBytes": 15018009.333333334,
        "jsHeapMaxBytes": 19985780,
        "jsHeapMinLabel": "15018 kB",
        "jsHeapMaxLabel": "20.0 MB",
        "documentsMin": 1,
        "documentsMax": 1,
        "nodesMin": 1051,
        "nodesMax": 1061,
        "listenersMin": 158,
        "listenersMax": 158
      },
      "runs": 3
    },
    "scroll-up": {
      "rangeStart": 0,
      "rangeEnd": 16734,
      "total": 16734,
      "categories": {
        "other": 843.637666665296,
        "rendering": 3636.4233333303514,
        "painting": 1110.9293333339738,
        "scripting": 3212.114000002304,
        "idle": 7930.587333334804
      },
      "updateCounters": {
        "sampleCount": 2315,
        "jsHeapMinBytes": 22037096,
        "jsHeapMaxBytes": 50389497.333333336,
        "jsHeapMinLabel": "22037 kB",
        "jsHeapMaxLabel": "50.4 MB",
        "documentsMin": 1,
        "documentsMax": 1,
        "nodesMin": 1795,
        "nodesMax": 2064,
        "listenersMin": 158,
        "listenersMax": 158
      },
      "runs": 3
    },
    "sorting": {
      "rangeStart": 0,
      "rangeEnd": 642,
      "total": 642,
      "categories": {
        "other": 572.2369999998655,
        "scripting": 63.86836666670286,
        "rendering": 3.834333333419636,
        "painting": 0.7206666667091971,
        "idle": 1.2800000000279397
      },
      "updateCounters": {
        "sampleCount": 3,
        "jsHeapMinBytes": 355004946.6666667,
        "jsHeapMaxBytes": 357517192,
        "jsHeapMinLabel": "355005 kB",
        "jsHeapMaxLabel": "357.5 MB",
        "documentsMin": 3,
        "documentsMax": 3,
        "nodesMin": 1897,
        "nodesMax": 1897,
        "listenersMin": 145,
        "listenersMax": 145
      },
      "runs": 3,
      "hookTiming": 146.59999999997672
    },
    "source-data-validator-load": {
      "rangeStart": 0,
      "rangeEnd": 8072,
      "total": 8072,
      "categories": {
        "other": 1615.65399999971,
        "rendering": 22.21400000003632,
        "scripting": 6430.664333333531,
        "painting": 0.021999999997206032,
        "idle": 3.9433333333969736
      },
      "updateCounters": {
        "sampleCount": 61,
        "jsHeapMinBytes": 473704472,
        "jsHeapMaxBytes": 1265534385.3333333,
        "jsHeapMinLabel": "473704 kB",
        "jsHeapMaxLabel": "1265.5 MB",
        "documentsMin": 1,
        "documentsMax": 1,
        "nodesMin": 3600,
        "nodesMax": 4757,
        "listenersMin": 383,
        "listenersMax": 459
      },
      "runs": 3
    }
  }
}