{
  "timestamp": "2026-06-16T06:21:16.935Z",
  "scenarios": {
    "cell-editing": {
      "rangeStart": 0,
      "rangeEnd": 2976,
      "total": 2976,
      "categories": {
        "other": 230.09333333368215,
        "rendering": 386.75433333368466,
        "scripting": 456.00466666623834,
        "painting": 53.801666666612924,
        "idle": 1849.1236666664433
      },
      "updateCounters": {
        "sampleCount": 2122,
        "jsHeapMinBytes": 15052012,
        "jsHeapMaxBytes": 29754094.666666668,
        "jsHeapMinLabel": "15052 kb",
        "jsHeapMaxLabel": "29.8 Mb",
        "documentsMin": 1,
        "documentsMax": 1,
        "nodesMin": 1032,
        "nodesMax": 1106,
        "listenersMin": 175,
        "listenersMax": 351
      },
      "runs": 3
    },
    "filtering": {
      "rangeStart": 0,
      "rangeEnd": 353,
      "total": 353,
      "categories": {
        "other": 328.14490000001496,
        "rendering": 10.1674499999887,
        "scripting": 13.349449999998013,
        "painting": 0,
        "idle": 1.6939999999982926
      },
      "updateCounters": {
        "sampleCount": 1,
        "jsHeapMinBytes": 157842848,
        "jsHeapMaxBytes": 157842848,
        "jsHeapMinLabel": "157843 kb",
        "jsHeapMaxLabel": "157.8 Mb",
        "documentsMin": 3,
        "documentsMax": 3,
        "nodesMin": 1980,
        "nodesMax": 1980,
        "listenersMin": 201,
        "listenersMax": 201
      },
      "runs": 3,
      "hookTiming": 2
    },
    "scroll-down": {
      "rangeStart": 0,
      "rangeEnd": 16729,
      "total": 16729,
      "categories": {
        "other": 209.7583333328039,
        "rendering": 24.856666666872723,
        "painting": 28.78666666666201,
        "scripting": 149.35000000013557,
        "idle": 16316.536333333526
      },
      "updateCounters": {
        "sampleCount": 501,
        "jsHeapMinBytes": 26617673.333333332,
        "jsHeapMaxBytes": 31622756,
        "jsHeapMinLabel": "26618 kb",
        "jsHeapMaxLabel": "31.6 Mb",
        "documentsMin": 1,
        "documentsMax": 1,
        "nodesMin": 150271,
        "nodesMax": 150271,
        "listenersMin": 158,
        "listenersMax": 158
      },
      "runs": 3
    },
    "scroll-left": {
      "rangeStart": 0,
      "rangeEnd": 16713,
      "total": 16713,
      "categories": {
        "other": 563.210333331511,
        "rendering": 2169.723333333522,
        "painting": 740.9433333331448,
        "scripting": 2686.4190000010385,
        "idle": 10552.560000000783
      },
      "updateCounters": {
        "sampleCount": 3043,
        "jsHeapMinBytes": 15797290.666666666,
        "jsHeapMaxBytes": 30772654.666666668,
        "jsHeapMinLabel": "15797 kb",
        "jsHeapMaxLabel": "30.8 Mb",
        "documentsMin": 1,
        "documentsMax": 1,
        "nodesMin": 1081,
        "nodesMax": 1081,
        "listenersMin": 158,
        "listenersMax": 158
      },
      "runs": 3
    },
    "scroll-right": {
      "rangeStart": 0,
      "rangeEnd": 8914,
      "total": 8914,
      "categories": {
        "rendering": 323.25133333306684,
        "scripting": 446.14199999980343,
        "painting": 119.11266666627489,
        "other": 169.30000000180723,
        "idle": 7855.616233332374
      },
      "updateCounters": {
        "sampleCount": 861,
        "jsHeapMinBytes": 16081972,
        "jsHeapMaxBytes": 23657726.666666668,
        "jsHeapMinLabel": "16082 kb",
        "jsHeapMaxLabel": "23.7 Mb",
        "documentsMin": 1,
        "documentsMax": 1,
        "nodesMin": 1081,
        "nodesMax": 1081,
        "listenersMin": 158,
        "listenersMax": 158
      },
      "runs": 3
    },
    "scroll-up": {
      "rangeStart": 0,
      "rangeEnd": 14556,
      "total": 14556,
      "categories": {
        "other": 391.5813333316773,
        "rendering": 1874.5833333324797,
        "scripting": 2070.7450000010326,
        "painting": 461.9833333339775,
        "idle": 9756.960550000833
      },
      "updateCounters": {
        "sampleCount": 954,
        "jsHeapMinBytes": 27650225.333333332,
        "jsHeapMaxBytes": 50254389.333333336,
        "jsHeapMinLabel": "27650 kb",
        "jsHeapMaxLabel": "50.3 Mb",
        "documentsMin": 1,
        "documentsMax": 1,
        "nodesMin": 150271,
        "nodesMax": 150273,
        "listenersMin": 158,
        "listenersMax": 158
      },
      "runs": 3
    },
    "sorting": {
      "rangeStart": 0,
      "rangeEnd": 365,
      "total": 365,
      "categories": {
        "other": 167.7140166666975,
        "scripting": 184.4063166666664,
        "rendering": 7.04298333330856,
        "painting": 1.7896666666880872,
        "idle": 3.990666666669616
      },
      "updateCounters": {
        "sampleCount": 1,
        "jsHeapMinBytes": 149072788,
        "jsHeapMaxBytes": 149072788,
        "jsHeapMinLabel": "149073 kb",
        "jsHeapMaxLabel": "149.1 Mb",
        "documentsMin": 3,
        "documentsMax": 3,
        "nodesMin": 1909,
        "nodesMax": 1909,
        "listenersMin": 145,
        "listenersMax": 145
      },
      "runs": 3,
      "hookTiming": 3.4666666666744277
    }
  }
}