{
  "timestamp": "2026-06-29T05:58:35.018Z",
  "scenarios": {
    "cell-editing": {
      "rangeStart": 0,
      "rangeEnd": 2906,
      "total": 2906,
      "categories": {
        "other": 222.68033333444302,
        "rendering": 361.48900000097154,
        "scripting": 422.4783333316691,
        "painting": 46.24199999994986,
        "idle": 1853.0466666663026
      },
      "updateCounters": {
        "sampleCount": 2127,
        "jsHeapMinBytes": 11935906.666666666,
        "jsHeapMaxBytes": 20043352,
        "jsHeapMinLabel": "11936 kB",
        "jsHeapMaxLabel": "20.0 MB",
        "documentsMin": 1,
        "documentsMax": 1,
        "nodesMin": 825,
        "nodesMax": 1197,
        "listenersMin": 175,
        "listenersMax": 417
      },
      "runs": 3
    },
    "filtering": {
      "rangeStart": 0,
      "rangeEnd": 641,
      "total": 641,
      "categories": {
        "other": 591.352883333313,
        "scripting": 41.85590000001263,
        "rendering": 4.438999999993636,
        "painting": 0.48433333334590617,
        "idle": 2.9999999999805973
      },
      "updateCounters": {
        "sampleCount": 2,
        "jsHeapMinBytes": 347403109.3333333,
        "jsHeapMaxBytes": 380834797.3333333,
        "jsHeapMinLabel": "347403 kB",
        "jsHeapMaxLabel": "380.8 MB",
        "documentsMin": 2,
        "documentsMax": 3,
        "nodesMin": 1936,
        "nodesMax": 1968,
        "listenersMin": 204,
        "listenersMax": 206
      },
      "runs": 3,
      "hookTiming": 76.69999999999224
    },
    "initial-load": {
      "rangeStart": 0,
      "rangeEnd": 644,
      "total": 644,
      "categories": {
        "other": 546.1653333334195,
        "rendering": 14.102333333246255,
        "scripting": 80.70076666668166,
        "idle": 2.9760000000048117,
        "painting": 0.011499999993247911
      },
      "updateCounters": {
        "sampleCount": 5,
        "jsHeapMinBytes": 303241278,
        "jsHeapMaxBytes": 304486888,
        "jsHeapMinLabel": "303241 kB",
        "jsHeapMaxLabel": "304.5 MB",
        "documentsMin": 1,
        "documentsMax": 1,
        "nodesMin": 5369,
        "nodesMax": 6243,
        "listenersMin": 484,
        "listenersMax": 541
      },
      "runs": 3
    },
    "scroll-down": {
      "rangeStart": 0,
      "rangeEnd": 15057,
      "total": 15057,
      "categories": {
        "rendering": 854.3423333336056,
        "scripting": 783.1823333324463,
        "painting": 261.31833333320293,
        "other": 227.2696666669037,
        "idle": 12930.4709000005
      },
      "updateCounters": {
        "sampleCount": 898,
        "jsHeapMinBytes": 38423466.666666664,
        "jsHeapMaxBytes": 49852113.333333336,
        "jsHeapMinLabel": "38423 kB",
        "jsHeapMaxLabel": "49.9 MB",
        "documentsMin": 1,
        "documentsMax": 1,
        "nodesMin": 1754,
        "nodesMax": 1857,
        "listenersMin": 158,
        "listenersMax": 158
      },
      "runs": 3
    },
    "scroll-left": {
      "rangeStart": 0,
      "rangeEnd": 16685,
      "total": 16685,
      "categories": {
        "other": 456.9826666641673,
        "rendering": 1866.2806666698307,
        "scripting": 2287.9326666653774,
        "painting": 634.5589999997368,
        "idle": 11439.300666667521
      },
      "updateCounters": {
        "sampleCount": 3057,
        "jsHeapMinBytes": 14598568,
        "jsHeapMaxBytes": 26655445.333333332,
        "jsHeapMinLabel": "14599 kB",
        "jsHeapMaxLabel": "26.7 MB",
        "documentsMin": 1,
        "documentsMax": 1,
        "nodesMin": 1081,
        "nodesMax": 1111,
        "listenersMin": 158,
        "listenersMax": 158
      },
      "runs": 3
    },
    "scroll-right": {
      "rangeStart": 0,
      "rangeEnd": 13597,
      "total": 13597,
      "categories": {
        "rendering": 287.5916666639193,
        "scripting": 378.61766666569093,
        "painting": 106.44933333422523,
        "other": 142.176333336981,
        "idle": 12682.365533332495
      },
      "updateCounters": {
        "sampleCount": 863,
        "jsHeapMinBytes": 15212617.333333334,
        "jsHeapMaxBytes": 20180624,
        "jsHeapMinLabel": "15213 kB",
        "jsHeapMaxLabel": "20.2 MB",
        "documentsMin": 1,
        "documentsMax": 1,
        "nodesMin": 1051,
        "nodesMax": 1061,
        "listenersMin": 158,
        "listenersMax": 158
      },
      "runs": 3
    },
    "scroll-up": {
      "rangeStart": 0,
      "rangeEnd": 16751,
      "total": 16751,
      "categories": {
        "other": 681.8176666645852,
        "rendering": 3753.056333335621,
        "painting": 1115.4480000014883,
        "scripting": 3117.7353333305596,
        "idle": 8083.380000001052
      },
      "updateCounters": {
        "sampleCount": 2312,
        "jsHeapMinBytes": 34071038.666666664,
        "jsHeapMaxBytes": 62059405.333333336,
        "jsHeapMinLabel": "34071 kB",
        "jsHeapMaxLabel": "62.1 MB",
        "documentsMin": 1,
        "documentsMax": 1,
        "nodesMin": 1795,
        "nodesMax": 2167,
        "listenersMin": 158,
        "listenersMax": 158
      },
      "runs": 3
    },
    "sorting": {
      "rangeStart": 0,
      "rangeEnd": 717,
      "total": 717,
      "categories": {
        "other": 630.3160000000674,
        "scripting": 79.19129999998832,
        "rendering": 4.923333333339542,
        "painting": 0.8430000000322858,
        "idle": 1.4426666665434216
      },
      "updateCounters": {
        "sampleCount": 3,
        "jsHeapMinBytes": 398526606.6666667,
        "jsHeapMaxBytes": 401222972,
        "jsHeapMinLabel": "398527 kB",
        "jsHeapMaxLabel": "401.2 MB",
        "documentsMin": 2,
        "documentsMax": 2,
        "nodesMin": 1867,
        "nodesMax": 1867,
        "listenersMin": 145,
        "listenersMax": 145
      },
      "runs": 3,
      "hookTiming": 189.59999999997672
    },
    "source-data-validator-load": {
      "rangeStart": 0,
      "rangeEnd": 9111,
      "total": 9111,
      "categories": {
        "other": 1602.7226666664246,
        "rendering": 22.823666666595575,
        "scripting": 7481.550333333659,
        "painting": 0.021999999997206032,
        "idle": 3.7473333332842835
      },
      "updateCounters": {
        "sampleCount": 61,
        "jsHeapMinBytes": 590392309.3333334,
        "jsHeapMaxBytes": 1381710868,
        "jsHeapMinLabel": "590392 kB",
        "jsHeapMaxLabel": "1381.7 MB",
        "documentsMin": 1,
        "documentsMax": 1,
        "nodesMin": 3587,
        "nodesMax": 4759,
        "listenersMin": 377,
        "listenersMax": 459
      },
      "runs": 3
    }
  }
}