{
  "timestamp": "2026-04-30T12:27:11.907Z",
  "scenarios": {
    "cell-editing": {
      "rangeStart": 0,
      "rangeEnd": 3378,
      "total": 3378,
      "categories": {
        "other": 329.5209999995346,
        "rendering": 443.06800000124105,
        "scripting": 617.6856666655299,
        "painting": 92.86266666684726,
        "idle": 1895.4310000001763
      },
      "updateCounters": {
        "sampleCount": 2102,
        "jsHeapMinBytes": 19069728,
        "jsHeapMaxBytes": 34786652,
        "jsHeapMinLabel": "19070 kb",
        "jsHeapMaxLabel": "34.8 Mb",
        "documentsMin": 2,
        "documentsMax": 2,
        "nodesMin": 1047,
        "nodesMax": 1149,
        "listenersMin": 208,
        "listenersMax": 416
      },
      "runs": 3
    },
    "filtering": {
      "rangeStart": 0,
      "rangeEnd": 359,
      "total": 359,
      "categories": {
        "other": 342.32299999998787,
        "rendering": 1.9483333333337214,
        "scripting": 12.356399999996029,
        "painting": 0,
        "idle": 2.546666666690726
      },
      "updateCounters": {
        "sampleCount": 1,
        "jsHeapMinBytes": 143584012,
        "jsHeapMaxBytes": 143584012,
        "jsHeapMinLabel": "143584 kb",
        "jsHeapMaxLabel": "143.6 Mb",
        "documentsMin": 4,
        "documentsMax": 4,
        "nodesMin": 1987,
        "nodesMax": 1987,
        "listenersMin": 201,
        "listenersMax": 201
      },
      "runs": 3,
      "hookTiming": 5
    },
    "scroll-down": {
      "rangeStart": 0,
      "rangeEnd": 16759,
      "total": 16759,
      "categories": {
        "other": 316.13933333373603,
        "rendering": 33.18200000027233,
        "painting": 38.356666666610785,
        "scripting": 199.23399999966364,
        "idle": 16172.518666666389
      },
      "updateCounters": {
        "sampleCount": 501,
        "jsHeapMinBytes": 27153968,
        "jsHeapMaxBytes": 35868948,
        "jsHeapMinLabel": "27154 kb",
        "jsHeapMaxLabel": "35.9 Mb",
        "documentsMin": 2,
        "documentsMax": 2,
        "nodesMin": 150268,
        "nodesMax": 150295,
        "listenersMin": 158,
        "listenersMax": 158
      },
      "runs": 3
    },
    "scroll-left": {
      "rangeStart": 0,
      "rangeEnd": 16734,
      "total": 16734,
      "categories": {
        "other": 769.7140000012993,
        "rendering": 2873.553999998238,
        "painting": 845.1766666662297,
        "scripting": 2962.46199999992,
        "idle": 9282.649666667663
      },
      "updateCounters": {
        "sampleCount": 3042,
        "jsHeapMinBytes": 16011565.333333334,
        "jsHeapMaxBytes": 30789614.666666668,
        "jsHeapMinLabel": "16012 kb",
        "jsHeapMaxLabel": "30.8 Mb",
        "documentsMin": 2,
        "documentsMax": 2,
        "nodesMin": 1078,
        "nodesMax": 1175,
        "listenersMin": 158,
        "listenersMax": 158
      },
      "runs": 3
    },
    "scroll-right": {
      "rangeStart": 0,
      "rangeEnd": 9045,
      "total": 9045,
      "categories": {
        "rendering": 427.7769999995944,
        "scripting": 489.2096666677296,
        "painting": 135.7280000000028,
        "other": 223.69099999945766,
        "idle": 7767.954849999922
      },
      "updateCounters": {
        "sampleCount": 860,
        "jsHeapMinBytes": 16391846.666666666,
        "jsHeapMaxBytes": 24358008,
        "jsHeapMinLabel": "16392 kb",
        "jsHeapMaxLabel": "24.4 Mb",
        "documentsMin": 2,
        "documentsMax": 2,
        "nodesMin": 1078,
        "nodesMax": 1142,
        "listenersMin": 158,
        "listenersMax": 158
      },
      "runs": 3
    },
    "scroll-up": {
      "rangeStart": 0,
      "rangeEnd": 14616,
      "total": 14616,
      "categories": {
        "other": 443.43633333210505,
        "rendering": 2259.0693333357726,
        "scripting": 2184.6126666651194,
        "painting": 570.3179999997374,
        "idle": 9158.946016667256
      },
      "updateCounters": {
        "sampleCount": 927,
        "jsHeapMinBytes": 27983577.333333332,
        "jsHeapMaxBytes": 56667396,
        "jsHeapMinLabel": "27984 kb",
        "jsHeapMaxLabel": "56.7 Mb",
        "documentsMin": 2,
        "documentsMax": 2,
        "nodesMin": 150276,
        "nodesMax": 150754,
        "listenersMin": 158,
        "listenersMax": 158
      },
      "runs": 3
    },
    "sorting": {
      "rangeStart": 0,
      "rangeEnd": 367,
      "total": 367,
      "categories": {
        "other": 178.46194999997908,
        "scripting": 183.08265000000503,
        "rendering": 2.7816499999995963,
        "painting": 0.6846666666679084,
        "idle": 1.8240000000223517
      },
      "updateCounters": {
        "sampleCount": 2,
        "jsHeapMinBytes": 142085496,
        "jsHeapMaxBytes": 143141296,
        "jsHeapMinLabel": "142085 kb",
        "jsHeapMaxLabel": "143.1 Mb",
        "documentsMin": 4,
        "documentsMax": 4,
        "nodesMin": 1913,
        "nodesMax": 1913,
        "listenersMin": 145,
        "listenersMax": 145
      },
      "runs": 3,
      "hookTiming": 12.233333333337214
    }
  }
}