{
  "timestamp": "2026-05-05T11:55:13.704Z",
  "scenarios": {
    "cell-editing": {
      "rangeStart": 0,
      "rangeEnd": 2771,
      "total": 2771,
      "categories": {
        "other": 233.71266666689974,
        "rendering": 245.76333333320994,
        "scripting": 403.7379999998296,
        "painting": 48.27566666676042,
        "idle": 1839.2969999999623
      },
      "updateCounters": {
        "sampleCount": 2102,
        "jsHeapMinBytes": 15539732,
        "jsHeapMaxBytes": 27043160,
        "jsHeapMinLabel": "15540 kb",
        "jsHeapMaxLabel": "27.0 Mb",
        "documentsMin": 2,
        "documentsMax": 2,
        "nodesMin": 1030,
        "nodesMax": 1100,
        "listenersMin": 175,
        "listenersMax": 311
      },
      "runs": 3
    },
    "filtering": {
      "rangeStart": 0,
      "rangeEnd": 356,
      "total": 356,
      "categories": {
        "other": 341.08278333333084,
        "rendering": 1.887999999996585,
        "scripting": 11.730766666665673,
        "painting": 0,
        "idle": 1.2986666666693054
      },
      "updateCounters": {
        "sampleCount": 1,
        "jsHeapMinBytes": 155413332,
        "jsHeapMaxBytes": 155413332,
        "jsHeapMinLabel": "155413 kb",
        "jsHeapMaxLabel": "155.4 Mb",
        "documentsMin": 4,
        "documentsMax": 4,
        "nodesMin": 1981,
        "nodesMax": 1981,
        "listenersMin": 201,
        "listenersMax": 201
      },
      "runs": 3,
      "hookTiming": 4.2333333333323635
    },
    "scroll-down": {
      "rangeStart": 0,
      "rangeEnd": 16715,
      "total": 16715,
      "categories": {
        "other": 159.89100000178487,
        "rendering": 21.463333332396967,
        "painting": 22.57299999980023,
        "scripting": 118.94233333337229,
        "idle": 16391.99066666598
      },
      "updateCounters": {
        "sampleCount": 501,
        "jsHeapMinBytes": 26908581.333333332,
        "jsHeapMaxBytes": 30270973.333333332,
        "jsHeapMinLabel": "26909 kb",
        "jsHeapMaxLabel": "30.3 Mb",
        "documentsMin": 2,
        "documentsMax": 2,
        "nodesMin": 150268,
        "nodesMax": 150305,
        "listenersMin": 158,
        "listenersMax": 158
      },
      "runs": 3
    },
    "scroll-left": {
      "rangeStart": 0,
      "rangeEnd": 16696,
      "total": 16696,
      "categories": {
        "other": 520.4193333339216,
        "rendering": 2302.5100000008147,
        "scripting": 2347.9269999996027,
        "painting": 633.2423333330274,
        "idle": 10892.149666665975
      },
      "updateCounters": {
        "sampleCount": 3042,
        "jsHeapMinBytes": 15972028,
        "jsHeapMaxBytes": 30677784,
        "jsHeapMinLabel": "15972 kb",
        "jsHeapMaxLabel": "30.7 Mb",
        "documentsMin": 2,
        "documentsMax": 2,
        "nodesMin": 1078,
        "nodesMax": 1171,
        "listenersMin": 158,
        "listenersMax": 158
      },
      "runs": 3
    },
    "scroll-right": {
      "rangeStart": 0,
      "rangeEnd": 13600,
      "total": 13600,
      "categories": {
        "rendering": 341.8793333329183,
        "scripting": 389.3703333323536,
        "painting": 105.36366666647761,
        "other": 165.26333333571426,
        "idle": 12598.130566665883
      },
      "updateCounters": {
        "sampleCount": 860,
        "jsHeapMinBytes": 16417566.666666666,
        "jsHeapMaxBytes": 21415616,
        "jsHeapMinLabel": "16418 kb",
        "jsHeapMaxLabel": "21.4 Mb",
        "documentsMin": 2,
        "documentsMax": 2,
        "nodesMin": 1078,
        "nodesMax": 1110,
        "listenersMin": 158,
        "listenersMax": 158
      },
      "runs": 3
    },
    "scroll-up": {
      "rangeStart": 0,
      "rangeEnd": 14555,
      "total": 14555,
      "categories": {
        "other": 281.3576666645209,
        "rendering": 1843.3099999997455,
        "scripting": 1813.7460000017534,
        "painting": 431.59166666620877,
        "idle": 10184.82213333445
      },
      "updateCounters": {
        "sampleCount": 927,
        "jsHeapMinBytes": 28046004,
        "jsHeapMaxBytes": 56623037.333333336,
        "jsHeapMinLabel": "28046 kb",
        "jsHeapMaxLabel": "56.6 Mb",
        "documentsMin": 2,
        "documentsMax": 2,
        "nodesMin": 150274,
        "nodesMax": 150755,
        "listenersMin": 158,
        "listenersMax": 158
      },
      "runs": 3
    },
    "sorting": {
      "rangeStart": 0,
      "rangeEnd": 347,
      "total": 347,
      "categories": {
        "other": 340.6247000000306,
        "rendering": 0.08833333333798994,
        "scripting": 4.755883333325386,
        "painting": 0,
        "idle": 1.1656666666385718
      },
      "updateCounters": {
        "sampleCount": 2,
        "jsHeapMinBytes": 141852724,
        "jsHeapMaxBytes": 147216248,
        "jsHeapMinLabel": "141853 kb",
        "jsHeapMaxLabel": "147.2 Mb",
        "documentsMin": 4,
        "documentsMax": 4,
        "nodesMin": 1913,
        "nodesMax": 1915,
        "listenersMin": 145,
        "listenersMax": 145
      },
      "runs": 3,
      "hookTiming": 13.466666666655025
    }
  }
}