{
  "timestamp": "2026-05-14T07:05:08.970Z",
  "scenarios": {
    "cell-editing": {
      "rangeStart": 0,
      "rangeEnd": 2807,
      "total": 2807,
      "categories": {
        "other": 246.1469999993823,
        "rendering": 261.69066666749615,
        "scripting": 421.81533333296716,
        "painting": 51.946666666694604,
        "idle": 1825.3043333334597
      },
      "updateCounters": {
        "sampleCount": 2102,
        "jsHeapMinBytes": 15658380,
        "jsHeapMaxBytes": 28108293.333333332,
        "jsHeapMinLabel": "15658 kb",
        "jsHeapMaxLabel": "28.1 Mb",
        "documentsMin": 2,
        "documentsMax": 2,
        "nodesMin": 1030,
        "nodesMax": 1111,
        "listenersMin": 175,
        "listenersMax": 331
      },
      "runs": 3
    },
    "filtering": {
      "rangeStart": 0,
      "rangeEnd": 394,
      "total": 394,
      "categories": {
        "other": 377.0703333333306,
        "rendering": 1.9246666666682966,
        "scripting": 13.249300000001986,
        "painting": 0,
        "idle": 1.2476666666722547
      },
      "updateCounters": {
        "sampleCount": 1,
        "jsHeapMinBytes": 155949584,
        "jsHeapMaxBytes": 155949584,
        "jsHeapMinLabel": "155950 kb",
        "jsHeapMaxLabel": "155.9 Mb",
        "documentsMin": 4,
        "documentsMax": 4,
        "nodesMin": 1981,
        "nodesMax": 1981,
        "listenersMin": 201,
        "listenersMax": 201
      },
      "runs": 3,
      "hookTiming": 5.233333333346915
    },
    "scroll-down": {
      "rangeStart": 0,
      "rangeEnd": 16738,
      "total": 16738,
      "categories": {
        "other": 175.90266666734124,
        "rendering": 23.963333331921604,
        "painting": 24.59900000018145,
        "scripting": 137.2226666667161,
        "idle": 16376.527666667165
      },
      "updateCounters": {
        "sampleCount": 501,
        "jsHeapMinBytes": 26919393.333333332,
        "jsHeapMaxBytes": 30943960,
        "jsHeapMinLabel": "26919 kb",
        "jsHeapMaxLabel": "30.9 Mb",
        "documentsMin": 2,
        "documentsMax": 2,
        "nodesMin": 150268,
        "nodesMax": 150307,
        "listenersMin": 158,
        "listenersMax": 158
      },
      "runs": 3
    },
    "scroll-left": {
      "rangeStart": 0,
      "rangeEnd": 16709,
      "total": 16709,
      "categories": {
        "other": 530.1223333290328,
        "rendering": 2369.8563333345323,
        "painting": 658.8293333339292,
        "scripting": 2262.8946666679913,
        "idle": 10887.55100000118
      },
      "updateCounters": {
        "sampleCount": 3041,
        "jsHeapMinBytes": 16042133.333333334,
        "jsHeapMaxBytes": 30338390.666666668,
        "jsHeapMinLabel": "16042 kb",
        "jsHeapMaxLabel": "30.3 Mb",
        "documentsMin": 2,
        "documentsMax": 2,
        "nodesMin": 1078,
        "nodesMax": 1172,
        "listenersMin": 158,
        "listenersMax": 158
      },
      "runs": 3
    },
    "scroll-right": {
      "rangeStart": 0,
      "rangeEnd": 13604,
      "total": 13604,
      "categories": {
        "rendering": 357.44966666631325,
        "scripting": 379.10799999942225,
        "painting": 111.63966666614094,
        "other": 177.54566666651053,
        "idle": 12578.01643333493
      },
      "updateCounters": {
        "sampleCount": 860,
        "jsHeapMinBytes": 16434654.666666666,
        "jsHeapMaxBytes": 21433149.333333332,
        "jsHeapMinLabel": "16435 kb",
        "jsHeapMaxLabel": "21.4 Mb",
        "documentsMin": 2,
        "documentsMax": 2,
        "nodesMin": 1078,
        "nodesMax": 1110,
        "listenersMin": 158,
        "listenersMax": 158
      },
      "runs": 3
    },
    "scroll-up": {
      "rangeStart": 0,
      "rangeEnd": 14544,
      "total": 14544,
      "categories": {
        "other": 290.1356666664282,
        "rendering": 1811.4723333311656,
        "scripting": 1675.3703333346718,
        "painting": 414.6479999998507,
        "idle": 10351.969000001205
      },
      "updateCounters": {
        "sampleCount": 927,
        "jsHeapMinBytes": 28087945.333333332,
        "jsHeapMaxBytes": 56646446.666666664,
        "jsHeapMinLabel": "28088 kb",
        "jsHeapMaxLabel": "56.6 Mb",
        "documentsMin": 2,
        "documentsMax": 2,
        "nodesMin": 150275,
        "nodesMax": 150755,
        "listenersMin": 158,
        "listenersMax": 158
      },
      "runs": 3
    },
    "sorting": {
      "rangeStart": 0,
      "rangeEnd": 386,
      "total": 386,
      "categories": {
        "other": 377.06461666670936,
        "rendering": 1.3293833332912375,
        "scripting": 6.24146666665872,
        "painting": 0,
        "idle": 1.1896666666531626
      },
      "updateCounters": {
        "sampleCount": 2,
        "jsHeapMinBytes": 141754200,
        "jsHeapMaxBytes": 147121720,
        "jsHeapMinLabel": "141754 kb",
        "jsHeapMaxLabel": "147.1 Mb",
        "documentsMin": 4,
        "documentsMax": 4,
        "nodesMin": 1913,
        "nodesMax": 1915,
        "listenersMin": 145,
        "listenersMax": 145
      },
      "runs": 3,
      "hookTiming": 12.833333333352735
    }
  }
}