{
  "timestamp": "2026-05-08T11:59:04.219Z",
  "scenarios": {
    "cell-editing": {
      "rangeStart": 0,
      "rangeEnd": 2733,
      "total": 2733,
      "categories": {
        "other": 222.604000000204,
        "rendering": 228.18899999995483,
        "scripting": 398.3276666664815,
        "painting": 44.31466666677928,
        "idle": 1839.8019999999185
      },
      "updateCounters": {
        "sampleCount": 2103,
        "jsHeapMinBytes": 15256009.333333334,
        "jsHeapMaxBytes": 26591020,
        "jsHeapMinLabel": "15256 kb",
        "jsHeapMaxLabel": "26.6 Mb",
        "documentsMin": 2,
        "documentsMax": 2,
        "nodesMin": 1030,
        "nodesMax": 1100,
        "listenersMin": 175,
        "listenersMax": 305
      },
      "runs": 3
    },
    "filtering": {
      "rangeStart": 0,
      "rangeEnd": 357,
      "total": 357,
      "categories": {
        "other": 340.28753333332423,
        "rendering": 2.2438000000062552,
        "scripting": 12.23695000000298,
        "painting": 0,
        "idle": 1.9176666666705084
      },
      "updateCounters": {
        "sampleCount": 1,
        "jsHeapMinBytes": 149237540,
        "jsHeapMaxBytes": 149237540,
        "jsHeapMinLabel": "149238 kb",
        "jsHeapMaxLabel": "149.2 Mb",
        "documentsMin": 4,
        "documentsMax": 4,
        "nodesMin": 1984,
        "nodesMax": 1984,
        "listenersMin": 201,
        "listenersMax": 201
      },
      "runs": 3,
      "hookTiming": 4.70000000000194
    },
    "scroll-down": {
      "rangeStart": 0,
      "rangeEnd": 16722,
      "total": 16722,
      "categories": {
        "other": 159.36999999887,
        "rendering": 21.75700000032278,
        "painting": 22.873666666797362,
        "scripting": 127.0533333332666,
        "idle": 16391.10600000073
      },
      "updateCounters": {
        "sampleCount": 501,
        "jsHeapMinBytes": 26916604,
        "jsHeapMaxBytes": 30278185.333333332,
        "jsHeapMinLabel": "26917 kb",
        "jsHeapMaxLabel": "30.3 Mb",
        "documentsMin": 2,
        "documentsMax": 2,
        "nodesMin": 150268,
        "nodesMax": 150305,
        "listenersMin": 158,
        "listenersMax": 158
      },
      "runs": 3
    },
    "scroll-left": {
      "rangeStart": 0,
      "rangeEnd": 16712,
      "total": 16712,
      "categories": {
        "other": 491.5040000003862,
        "rendering": 2143.7636666664134,
        "scripting": 2309.8886666663143,
        "painting": 594.8546666669135,
        "idle": 11171.781666666628
      },
      "updateCounters": {
        "sampleCount": 3090,
        "jsHeapMinBytes": 15978853.333333334,
        "jsHeapMaxBytes": 30645502.666666668,
        "jsHeapMinLabel": "15979 kb",
        "jsHeapMaxLabel": "30.6 Mb",
        "documentsMin": 2,
        "documentsMax": 2,
        "nodesMin": 1078,
        "nodesMax": 1178,
        "listenersMin": 158,
        "listenersMax": 158
      },
      "runs": 3
    },
    "scroll-right": {
      "rangeStart": 0,
      "rangeEnd": 13608,
      "total": 13608,
      "categories": {
        "rendering": 346.2963333327013,
        "scripting": 397.68833333401676,
        "painting": 108.92466666702724,
        "other": 175.2783333328517,
        "idle": 12579.262916666727
      },
      "updateCounters": {
        "sampleCount": 860,
        "jsHeapMinBytes": 16425764,
        "jsHeapMaxBytes": 21422805.333333332,
        "jsHeapMinLabel": "16426 kb",
        "jsHeapMaxLabel": "21.4 Mb",
        "documentsMin": 2,
        "documentsMax": 2,
        "nodesMin": 1078,
        "nodesMax": 1109,
        "listenersMin": 158,
        "listenersMax": 158
      },
      "runs": 3
    },
    "scroll-up": {
      "rangeStart": 0,
      "rangeEnd": 15304,
      "total": 15304,
      "categories": {
        "other": 329.1063333321778,
        "rendering": 1889.1076666674537,
        "scripting": 1918.7059999999253,
        "painting": 446.4133333332332,
        "idle": 10720.973583333855
      },
      "updateCounters": {
        "sampleCount": 948,
        "jsHeapMinBytes": 27930300,
        "jsHeapMaxBytes": 50053733.333333336,
        "jsHeapMinLabel": "27930 kb",
        "jsHeapMaxLabel": "50.1 Mb",
        "documentsMin": 2,
        "documentsMax": 2,
        "nodesMin": 150273,
        "nodesMax": 150746,
        "listenersMin": 158,
        "listenersMax": 158
      },
      "runs": 3
    },
    "sorting": {
      "rangeStart": 0,
      "rangeEnd": 347,
      "total": 347,
      "categories": {
        "other": 340.06621666668775,
        "rendering": 0.43306666665012017,
        "scripting": 5.053183333337307,
        "painting": 0,
        "idle": 1.2456666666742724
      },
      "updateCounters": {
        "sampleCount": 2,
        "jsHeapMinBytes": 141644796,
        "jsHeapMaxBytes": 147012220,
        "jsHeapMinLabel": "141645 kb",
        "jsHeapMaxLabel": "147.0 Mb",
        "documentsMin": 4,
        "documentsMax": 4,
        "nodesMin": 1913,
        "nodesMax": 1915,
        "listenersMin": 145,
        "listenersMax": 145
      },
      "runs": 3,
      "hookTiming": 12.166666666666666
    }
  }
}