{
  "timestamp": "2026-05-25T09:26:28.874Z",
  "scenarios": {
    "cell-editing": {
      "rangeStart": 0,
      "rangeEnd": 2837,
      "total": 2837,
      "categories": {
        "other": 249.28433333332646,
        "rendering": 269.14866666679154,
        "scripting": 438.68166666651865,
        "painting": 51.393666666689874,
        "idle": 1828.8156666666716
      },
      "updateCounters": {
        "sampleCount": 2102,
        "jsHeapMinBytes": 16301985.333333334,
        "jsHeapMaxBytes": 32606088,
        "jsHeapMinLabel": "16302 kb",
        "jsHeapMaxLabel": "32.6 Mb",
        "documentsMin": 2,
        "documentsMax": 2,
        "nodesMin": 1038,
        "nodesMax": 1169,
        "listenersMin": 176,
        "listenersMax": 455
      },
      "runs": 3
    },
    "filtering": {
      "rangeStart": 0,
      "rangeEnd": 379,
      "total": 379,
      "categories": {
        "other": 362.37490000001475,
        "rendering": 2.198999999993248,
        "scripting": 12.526800000001986,
        "painting": 0,
        "idle": 1.6203333333299572
      },
      "updateCounters": null,
      "runs": 3,
      "hookTiming": 5.766666666662786
    },
    "scroll-down": {
      "rangeStart": 0,
      "rangeEnd": 16736,
      "total": 16736,
      "categories": {
        "other": 181.53400000064372,
        "rendering": 24.52966666633438,
        "painting": 23.900999999934964,
        "scripting": 139.54466666656768,
        "idle": 16365.727333333178
      },
      "updateCounters": {
        "sampleCount": 501,
        "jsHeapMinBytes": 26922073.333333332,
        "jsHeapMaxBytes": 30503144,
        "jsHeapMinLabel": "26922 kb",
        "jsHeapMaxLabel": "30.5 Mb",
        "documentsMin": 2,
        "documentsMax": 2,
        "nodesMin": 150268,
        "nodesMax": 150305,
        "listenersMin": 158,
        "listenersMax": 158
      },
      "runs": 3
    },
    "scroll-left": {
      "rangeStart": 0,
      "rangeEnd": 16730,
      "total": 16730,
      "categories": {
        "other": 567.2306666663999,
        "rendering": 2425.191999999583,
        "painting": 669.3669999997461,
        "scripting": 2553.5493333332306,
        "idle": 10515.010333334367
      },
      "updateCounters": {
        "sampleCount": 3042,
        "jsHeapMinBytes": 16036925.333333334,
        "jsHeapMaxBytes": 30681225.333333332,
        "jsHeapMinLabel": "16037 kb",
        "jsHeapMaxLabel": "30.7 Mb",
        "documentsMin": 2,
        "documentsMax": 2,
        "nodesMin": 1078,
        "nodesMax": 1171,
        "listenersMin": 158,
        "listenersMax": 158
      },
      "runs": 3
    },
    "scroll-right": {
      "rangeStart": 0,
      "rangeEnd": 13609,
      "total": 13609,
      "categories": {
        "rendering": 350.0839999993914,
        "scripting": 410.7453333338631,
        "painting": 109.51566666620784,
        "other": 177.50033333380068,
        "idle": 12561.57976666675
      },
      "updateCounters": {
        "sampleCount": 860,
        "jsHeapMinBytes": 16437478.666666666,
        "jsHeapMaxBytes": 21434921.333333332,
        "jsHeapMinLabel": "16437 kb",
        "jsHeapMaxLabel": "21.4 Mb",
        "documentsMin": 2,
        "documentsMax": 2,
        "nodesMin": 1078,
        "nodesMax": 1110,
        "listenersMin": 158,
        "listenersMax": 158
      },
      "runs": 3
    },
    "scroll-up": {
      "rangeStart": 0,
      "rangeEnd": 14581,
      "total": 14581,
      "categories": {
        "other": 317.02300000052946,
        "rendering": 1904.412333332332,
        "scripting": 1942.2376666687976,
        "painting": 432.1166666660768,
        "idle": 9985.675766665585
      },
      "updateCounters": {
        "sampleCount": 927,
        "jsHeapMinBytes": 28260400,
        "jsHeapMaxBytes": 56939454.666666664,
        "jsHeapMinLabel": "28260 kb",
        "jsHeapMaxLabel": "56.9 Mb",
        "documentsMin": 2,
        "documentsMax": 2,
        "nodesMin": 150275,
        "nodesMax": 150757,
        "listenersMin": 158,
        "listenersMax": 158
      },
      "runs": 3
    },
    "sorting": {
      "rangeStart": 0,
      "rangeEnd": 367,
      "total": 367,
      "categories": {
        "other": 359.6087666666868,
        "rendering": 0.33293333331433433,
        "scripting": 5.851466666678587,
        "painting": 0,
        "idle": 1.7420000000080715
      },
      "updateCounters": {
        "sampleCount": 2,
        "jsHeapMinBytes": 142081516,
        "jsHeapMaxBytes": 147450796,
        "jsHeapMinLabel": "142082 kb",
        "jsHeapMaxLabel": "147.5 Mb",
        "documentsMin": 4,
        "documentsMax": 4,
        "nodesMin": 1913,
        "nodesMax": 1915,
        "listenersMin": 145,
        "listenersMax": 145
      },
      "runs": 3,
      "hookTiming": 12.499999999980597
    }
  }
}