{
  "timestamp": "2026-04-20T07:23:21.349Z",
  "scenarios": {
    "cell-editing": {
      "rangeStart": 0,
      "rangeEnd": 2771,
      "total": 2771,
      "categories": {
        "other": 243.0013333329659,
        "rendering": 236.8726666665801,
        "scripting": 407.24666666713796,
        "painting": 46.33000000013757,
        "idle": 1837.6326666665118
      },
      "updateCounters": {
        "sampleCount": 2102,
        "jsHeapMinBytes": 18303006.666666668,
        "jsHeapMaxBytes": 39453298.666666664,
        "jsHeapMinLabel": "18303 kb",
        "jsHeapMaxLabel": "39.5 Mb",
        "documentsMin": 2,
        "documentsMax": 2,
        "nodesMin": 1046,
        "nodesMax": 1188,
        "listenersMin": 200,
        "listenersMax": 508
      },
      "runs": 3
    },
    "filtering": {
      "rangeStart": 0,
      "rangeEnd": 358,
      "total": 358,
      "categories": {
        "other": 341.40066666661954,
        "rendering": 1.9416666666802485,
        "scripting": 11.983433333337308,
        "painting": 0,
        "idle": 2.2580000000210325
      },
      "updateCounters": {
        "sampleCount": 1,
        "jsHeapMinBytes": 149264962,
        "jsHeapMaxBytes": 149264962,
        "jsHeapMinLabel": "149265 kb",
        "jsHeapMaxLabel": "149.3 Mb",
        "documentsMin": 4,
        "documentsMax": 4,
        "nodesMin": 1984,
        "nodesMax": 1984,
        "listenersMin": 199,
        "listenersMax": 199
      },
      "runs": 3,
      "hookTiming": 5.266666666672488
    },
    "scroll-down": {
      "rangeStart": 0,
      "rangeEnd": 16711,
      "total": 16711,
      "categories": {
        "other": 155.50500000039062,
        "rendering": 21.034999999178883,
        "painting": 22.2809999997844,
        "scripting": 120.92900000015135,
        "idle": 16391.757666667167
      },
      "updateCounters": {
        "sampleCount": 501,
        "jsHeapMinBytes": 26863801.333333332,
        "jsHeapMaxBytes": 30221134.666666668,
        "jsHeapMinLabel": "26864 kb",
        "jsHeapMaxLabel": "30.2 Mb",
        "documentsMin": 2,
        "documentsMax": 2,
        "nodesMin": 150268,
        "nodesMax": 150305,
        "listenersMin": 156,
        "listenersMax": 156
      },
      "runs": 3
    },
    "scroll-left": {
      "rangeStart": 0,
      "rangeEnd": 16697,
      "total": 16697,
      "categories": {
        "other": 507.44733333182626,
        "rendering": 2219.9236666663687,
        "scripting": 2253.934333334352,
        "painting": 602.1900000002643,
        "idle": 11113.808000000505
      },
      "updateCounters": {
        "sampleCount": 3042,
        "jsHeapMinBytes": 15798933.333333334,
        "jsHeapMaxBytes": 30392828,
        "jsHeapMinLabel": "15799 kb",
        "jsHeapMaxLabel": "30.4 Mb",
        "documentsMin": 2,
        "documentsMax": 2,
        "nodesMin": 1078,
        "nodesMax": 1171,
        "listenersMin": 156,
        "listenersMax": 156
      },
      "runs": 3
    },
    "scroll-right": {
      "rangeStart": 0,
      "rangeEnd": 13606,
      "total": 13606,
      "categories": {
        "rendering": 323.08066666469676,
        "scripting": 366.71899999912904,
        "painting": 100.8486666669487,
        "other": 151.24500000476837,
        "idle": 12664.719883331118
      },
      "updateCounters": {
        "sampleCount": 860,
        "jsHeapMinBytes": 16366990.666666666,
        "jsHeapMaxBytes": 21364468,
        "jsHeapMinLabel": "16367 kb",
        "jsHeapMaxLabel": "21.4 Mb",
        "documentsMin": 2,
        "documentsMax": 2,
        "nodesMin": 1078,
        "nodesMax": 1109,
        "listenersMin": 156,
        "listenersMax": 156
      },
      "runs": 3
    },
    "scroll-up": {
      "rangeStart": 0,
      "rangeEnd": 14544,
      "total": 14544,
      "categories": {
        "other": 266.3719999995196,
        "rendering": 1754.7819999994438,
        "scripting": 1710.2216666664153,
        "painting": 406.0830000002558,
        "idle": 10406.839200001015
      },
      "updateCounters": {
        "sampleCount": 927,
        "jsHeapMinBytes": 28029710.666666668,
        "jsHeapMaxBytes": 56587345.333333336,
        "jsHeapMinLabel": "28030 kb",
        "jsHeapMaxLabel": "56.6 Mb",
        "documentsMin": 2,
        "documentsMax": 2,
        "nodesMin": 150274,
        "nodesMax": 150753,
        "listenersMin": 156,
        "listenersMax": 156
      },
      "runs": 3
    },
    "sorting": {
      "rangeStart": 0,
      "rangeEnd": 349,
      "total": 349,
      "categories": {
        "other": 342.55548333330484,
        "rendering": 0.4694333333754912,
        "scripting": 5.0994333333373065,
        "painting": 0,
        "idle": 1.1539999999804518
      },
      "updateCounters": {
        "sampleCount": 1,
        "jsHeapMinBytes": 163598692,
        "jsHeapMaxBytes": 163598692,
        "jsHeapMinLabel": "163599 kb",
        "jsHeapMaxLabel": "163.6 Mb",
        "documentsMin": 4,
        "documentsMax": 4,
        "nodesMin": 1915,
        "nodesMax": 1915,
        "listenersMin": 143,
        "listenersMax": 143
      },
      "runs": 3,
      "hookTiming": 13.700000000011642
    }
  }
}