{
  "timestamp": "2026-06-03T06:28:28.942Z",
  "scenarios": {
    "cell-editing": {
      "rangeStart": 0,
      "rangeEnd": 2785,
      "total": 2785,
      "categories": {
        "other": 243.36933333348261,
        "rendering": 254.76833333357354,
        "scripting": 421.73599999975573,
        "painting": 49.598333333293944,
        "idle": 1815.6316666665614
      },
      "updateCounters": {
        "sampleCount": 2123,
        "jsHeapMinBytes": 15405768,
        "jsHeapMaxBytes": 28838461.333333332,
        "jsHeapMinLabel": "15406 kb",
        "jsHeapMaxLabel": "28.8 Mb",
        "documentsMin": 2,
        "documentsMax": 2,
        "nodesMin": 1032,
        "nodesMax": 1102,
        "listenersMin": 175,
        "listenersMax": 314
      },
      "runs": 3
    },
    "filtering": {
      "rangeStart": 0,
      "rangeEnd": 366,
      "total": 366,
      "categories": {
        "other": 351.01100000000275,
        "rendering": 1.9593333333323244,
        "scripting": 11.31001666667064,
        "painting": 0,
        "idle": 1.2503333333346138
      },
      "updateCounters": {
        "sampleCount": 1,
        "jsHeapMinBytes": 158174149.33333334,
        "jsHeapMaxBytes": 158174149.33333334,
        "jsHeapMinLabel": "158174 kb",
        "jsHeapMaxLabel": "158.2 Mb",
        "documentsMin": 4,
        "documentsMax": 4,
        "nodesMin": 1985,
        "nodesMax": 1985,
        "listenersMin": 201,
        "listenersMax": 201
      },
      "runs": 3,
      "hookTiming": 4.29999999999806
    },
    "scroll-down": {
      "rangeStart": 0,
      "rangeEnd": 16714,
      "total": 16714,
      "categories": {
        "other": 166.79433333288137,
        "rendering": 21.3446666670546,
        "painting": 24.017333333210747,
        "scripting": 126.08933333360517,
        "idle": 16375.35899999991
      },
      "updateCounters": {
        "sampleCount": 501,
        "jsHeapMinBytes": 27003472,
        "jsHeapMaxBytes": 29873397.333333332,
        "jsHeapMinLabel": "27003 kb",
        "jsHeapMaxLabel": "29.9 Mb",
        "documentsMin": 2,
        "documentsMax": 2,
        "nodesMin": 150270,
        "nodesMax": 150270,
        "listenersMin": 158,
        "listenersMax": 158
      },
      "runs": 3
    },
    "scroll-left": {
      "rangeStart": 0,
      "rangeEnd": 16699,
      "total": 16699,
      "categories": {
        "other": 495.53066666808473,
        "rendering": 2163.9979999994102,
        "scripting": 2410.155333333561,
        "painting": 717.347000000038,
        "idle": 10911.895666665581
      },
      "updateCounters": {
        "sampleCount": 3040,
        "jsHeapMinBytes": 16167608,
        "jsHeapMaxBytes": 30279814.666666668,
        "jsHeapMinLabel": "16168 kb",
        "jsHeapMaxLabel": "30.3 Mb",
        "documentsMin": 2,
        "documentsMax": 2,
        "nodesMin": 1080,
        "nodesMax": 1080,
        "listenersMin": 158,
        "listenersMax": 158
      },
      "runs": 3
    },
    "scroll-right": {
      "rangeStart": 0,
      "rangeEnd": 13619,
      "total": 13619,
      "categories": {
        "rendering": 328.05266666594736,
        "scripting": 431.2616666665531,
        "painting": 122.7709999998139,
        "other": 200.81400000007932,
        "idle": 12536.39513333427
      },
      "updateCounters": {
        "sampleCount": 861,
        "jsHeapMinBytes": 16481720,
        "jsHeapMaxBytes": 25541804,
        "jsHeapMinLabel": "16482 kb",
        "jsHeapMaxLabel": "25.5 Mb",
        "documentsMin": 2,
        "documentsMax": 2,
        "nodesMin": 1080,
        "nodesMax": 1080,
        "listenersMin": 158,
        "listenersMax": 158
      },
      "runs": 3
    },
    "scroll-up": {
      "rangeStart": 0,
      "rangeEnd": 14538,
      "total": 14538,
      "categories": {
        "other": 367.0883333312973,
        "rendering": 1796.1350000009018,
        "scripting": 1933.0676666669153,
        "painting": 485.9413333335348,
        "idle": 9956.154166667353
      },
      "updateCounters": {
        "sampleCount": 953,
        "jsHeapMinBytes": 28117046.666666668,
        "jsHeapMaxBytes": 49772430.666666664,
        "jsHeapMinLabel": "28117 kb",
        "jsHeapMaxLabel": "49.8 Mb",
        "documentsMin": 2,
        "documentsMax": 2,
        "nodesMin": 150270,
        "nodesMax": 150274,
        "listenersMin": 158,
        "listenersMax": 158
      },
      "runs": 3
    },
    "sorting": {
      "rangeStart": 0,
      "rangeEnd": 361,
      "total": 361,
      "categories": {
        "other": 353.8547166666804,
        "rendering": 0,
        "scripting": 5.812983333349227,
        "painting": 0,
        "idle": 1.2086666666630965
      },
      "updateCounters": {
        "sampleCount": 1,
        "jsHeapMinBytes": 153816056,
        "jsHeapMaxBytes": 153816056,
        "jsHeapMinLabel": "153816 kb",
        "jsHeapMaxLabel": "153.8 Mb",
        "documentsMin": 4,
        "documentsMax": 4,
        "nodesMin": 1911,
        "nodesMax": 1911,
        "listenersMin": 145,
        "listenersMax": 145
      },
      "runs": 3,
      "hookTiming": 12.66666666668607
    }
  }
}