{
  "timestamp": "2026-06-30T07:13:46.855Z",
  "scenarios": {
    "cell-editing": {
      "rangeStart": 0,
      "rangeEnd": 2860,
      "total": 2860,
      "categories": {
        "other": 221.72133333345474,
        "rendering": 368.77299999955966,
        "scripting": 397.74666666685897,
        "painting": 46.88899999995677,
        "idle": 1824.9193333335036
      },
      "updateCounters": {
        "sampleCount": 2127,
        "jsHeapMinBytes": 11393385.333333334,
        "jsHeapMaxBytes": 18832670.666666668,
        "jsHeapMinLabel": "11393 kB",
        "jsHeapMaxLabel": "18.8 MB",
        "documentsMin": 1,
        "documentsMax": 1,
        "nodesMin": 797,
        "nodesMax": 1084,
        "listenersMin": 176,
        "listenersMax": 377
      },
      "runs": 3
    },
    "filtering": {
      "rangeStart": 0,
      "rangeEnd": 694,
      "total": 694,
      "categories": {
        "other": 613.7603333333354,
        "rendering": 11.772666666671284,
        "scripting": 61.447716666675404,
        "painting": 1.2623333333273574,
        "idle": 6.177333333325805
      },
      "updateCounters": {
        "sampleCount": 2,
        "jsHeapMinBytes": 329559164,
        "jsHeapMaxBytes": 349838761.3333333,
        "jsHeapMinLabel": "329559 kB",
        "jsHeapMaxLabel": "349.8 MB",
        "documentsMin": 3,
        "documentsMax": 3,
        "nodesMin": 1998,
        "nodesMax": 1999,
        "listenersMin": 209,
        "listenersMax": 209
      },
      "runs": 3,
      "hookTiming": 66.76666666666763
    },
    "initial-load": {
      "rangeStart": 0,
      "rangeEnd": 616,
      "total": 616,
      "categories": {
        "other": 592.6814500000133,
        "rendering": 1.2330166666506557,
        "scripting": 20.222833333333334,
        "idle": 1.5150000000042685,
        "painting": 0
      },
      "updateCounters": {
        "sampleCount": 3,
        "jsHeapMinBytes": 309426342.6666667,
        "jsHeapMaxBytes": 309426430.6666667,
        "jsHeapMinLabel": "309426 kB",
        "jsHeapMaxLabel": "309.4 MB",
        "documentsMin": 1,
        "documentsMax": 1,
        "nodesMin": 5389,
        "nodesMax": 5389,
        "listenersMin": 673,
        "listenersMax": 673
      },
      "runs": 3
    },
    "scroll-down": {
      "rangeStart": 0,
      "rangeEnd": 10011,
      "total": 10011,
      "categories": {
        "rendering": 916.8889999996367,
        "scripting": 828.4916666669336,
        "painting": 281.34133333315066,
        "other": 247.26800000024073,
        "idle": 7736.872233333376
      },
      "updateCounters": {
        "sampleCount": 900,
        "jsHeapMinBytes": 22000340,
        "jsHeapMaxBytes": 33891058.666666664,
        "jsHeapMinLabel": "22000 kB",
        "jsHeapMaxLabel": "33.9 MB",
        "documentsMin": 1,
        "documentsMax": 1,
        "nodesMin": 1754,
        "nodesMax": 1878,
        "listenersMin": 158,
        "listenersMax": 158
      },
      "runs": 3
    },
    "scroll-left": {
      "rangeStart": 0,
      "rangeEnd": 16702,
      "total": 16702,
      "categories": {
        "other": 512.3479999990028,
        "rendering": 2102.3916666676328,
        "painting": 715.9893333329334,
        "scripting": 2343.9513333326477,
        "idle": 11027.810666667783
      },
      "updateCounters": {
        "sampleCount": 3147,
        "jsHeapMinBytes": 14402540,
        "jsHeapMaxBytes": 18758306.666666668,
        "jsHeapMinLabel": "14403 kB",
        "jsHeapMaxLabel": "18.8 MB",
        "documentsMin": 1,
        "documentsMax": 1,
        "nodesMin": 1081,
        "nodesMax": 1111,
        "listenersMin": 158,
        "listenersMax": 158
      },
      "runs": 3
    },
    "scroll-right": {
      "rangeStart": 0,
      "rangeEnd": 13603,
      "total": 13603,
      "categories": {
        "rendering": 351.0773333325633,
        "scripting": 434.5063333334927,
        "painting": 131.7223333340953,
        "other": 185.47866666666792,
        "idle": 12499.547933333146
      },
      "updateCounters": {
        "sampleCount": 863,
        "jsHeapMinBytes": 15018553.333333334,
        "jsHeapMaxBytes": 19995454.666666668,
        "jsHeapMinLabel": "15019 kB",
        "jsHeapMaxLabel": "20.0 MB",
        "documentsMin": 1,
        "documentsMax": 1,
        "nodesMin": 1051,
        "nodesMax": 1061,
        "listenersMin": 158,
        "listenersMax": 158
      },
      "runs": 3
    },
    "scroll-up": {
      "rangeStart": 0,
      "rangeEnd": 16747,
      "total": 16747,
      "categories": {
        "other": 809.8123333336212,
        "rendering": 4255.43699999986,
        "painting": 1284.9216666659534,
        "scripting": 3507.744666667864,
        "idle": 6889.043666666024
      },
      "updateCounters": {
        "sampleCount": 2315,
        "jsHeapMinBytes": 21851281.333333332,
        "jsHeapMaxBytes": 50357788,
        "jsHeapMinLabel": "21851 kB",
        "jsHeapMaxLabel": "50.4 MB",
        "documentsMin": 1,
        "documentsMax": 1,
        "nodesMin": 1795,
        "nodesMax": 2043,
        "listenersMin": 158,
        "listenersMax": 158
      },
      "runs": 3
    },
    "sorting": {
      "rangeStart": 0,
      "rangeEnd": 759,
      "total": 759,
      "categories": {
        "other": 682.8026666665306,
        "scripting": 69.62218333328578,
        "rendering": 4.095666666650989,
        "painting": 0.8380000000082267,
        "idle": 1.330333333501244
      },
      "updateCounters": {
        "sampleCount": 3,
        "jsHeapMinBytes": 355669709.3333333,
        "jsHeapMaxBytes": 358143745.3333333,
        "jsHeapMinLabel": "355670 kB",
        "jsHeapMaxLabel": "358.1 MB",
        "documentsMin": 3,
        "documentsMax": 3,
        "nodesMin": 1897,
        "nodesMax": 1897,
        "listenersMin": 145,
        "listenersMax": 145
      },
      "runs": 3,
      "hookTiming": 153.09999999997672
    },
    "source-data-validator-load": {
      "rangeStart": 0,
      "rangeEnd": 8613,
      "total": 8613,
      "categories": {
        "other": 1749.126333333318,
        "rendering": 24.95933333328382,
        "scripting": 6836.9800000000605,
        "painting": 0.022999999986495823,
        "idle": 1.8116666666852932
      },
      "updateCounters": {
        "sampleCount": 62,
        "jsHeapMinBytes": 525947969.3333333,
        "jsHeapMaxBytes": 1320175201.3333333,
        "jsHeapMinLabel": "525948 kB",
        "jsHeapMaxLabel": "1320.2 MB",
        "documentsMin": 1,
        "documentsMax": 1,
        "nodesMin": 3600,
        "nodesMax": 5334,
        "listenersMin": 383,
        "listenersMax": 497
      },
      "runs": 3
    }
  }
}