{
  "timestamp": "2026-05-13T10:41:49.316Z",
  "scenarios": {
    "cell-editing": {
      "rangeStart": 0,
      "rangeEnd": 2809,
      "total": 2809,
      "categories": {
        "other": 238.49033333371185,
        "rendering": 256.81966666668694,
        "scripting": 420.7876666667741,
        "painting": 52.55333333327629,
        "idle": 1841.0823333328783
      },
      "updateCounters": {
        "sampleCount": 2102,
        "jsHeapMinBytes": 15308674.666666666,
        "jsHeapMaxBytes": 28548922.666666668,
        "jsHeapMinLabel": "15309 kb",
        "jsHeapMaxLabel": "28.5 Mb",
        "documentsMin": 2,
        "documentsMax": 2,
        "nodesMin": 1030,
        "nodesMax": 1109,
        "listenersMin": 176,
        "listenersMax": 330
      },
      "runs": 3
    },
    "filtering": {
      "rangeStart": 0,
      "rangeEnd": 357,
      "total": 357,
      "categories": {
        "other": 341.2018500000234,
        "rendering": 2.5793333333179667,
        "scripting": 12.047416666666669,
        "painting": 0,
        "idle": 1.2396666666706249
      },
      "updateCounters": {
        "sampleCount": 1,
        "jsHeapMinBytes": 155876436,
        "jsHeapMaxBytes": 155876436,
        "jsHeapMinLabel": "155876 kb",
        "jsHeapMaxLabel": "155.9 Mb",
        "documentsMin": 4,
        "documentsMax": 4,
        "nodesMin": 1981,
        "nodesMax": 1981,
        "listenersMin": 201,
        "listenersMax": 201
      },
      "runs": 3,
      "hookTiming": 5.133333333341095
    },
    "scroll-down": {
      "rangeStart": 0,
      "rangeEnd": 16720,
      "total": 16720,
      "categories": {
        "other": 209.1656666667878,
        "rendering": 25.69100000000132,
        "painting": 30.17699999983112,
        "scripting": 143.31366666679597,
        "idle": 16311.558999999912
      },
      "updateCounters": {
        "sampleCount": 501,
        "jsHeapMinBytes": 26908893.333333332,
        "jsHeapMaxBytes": 30047718.666666668,
        "jsHeapMinLabel": "26909 kb",
        "jsHeapMaxLabel": "30.0 Mb",
        "documentsMin": 2,
        "documentsMax": 2,
        "nodesMin": 150268,
        "nodesMax": 150304,
        "listenersMin": 158,
        "listenersMax": 158
      },
      "runs": 3
    },
    "scroll-left": {
      "rangeStart": 0,
      "rangeEnd": 16708,
      "total": 16708,
      "categories": {
        "other": 578.8706666693657,
        "rendering": 2389.9136666646714,
        "scripting": 2522.8423333318456,
        "painting": 664.6816666667582,
        "idle": 10551.898666667365
      },
      "updateCounters": {
        "sampleCount": 3042,
        "jsHeapMinBytes": 16030153.333333334,
        "jsHeapMaxBytes": 30978736,
        "jsHeapMinLabel": "16030 kb",
        "jsHeapMaxLabel": "31.0 Mb",
        "documentsMin": 2,
        "documentsMax": 2,
        "nodesMin": 1078,
        "nodesMax": 1171,
        "listenersMin": 158,
        "listenersMax": 158
      },
      "runs": 3
    },
    "scroll-right": {
      "rangeStart": 0,
      "rangeEnd": 13607,
      "total": 13607,
      "categories": {
        "rendering": 372.858666666861,
        "scripting": 423.2016666666036,
        "painting": 118.85666666719287,
        "other": 218.10533333200976,
        "idle": 12473.695833334
      },
      "updateCounters": {
        "sampleCount": 860,
        "jsHeapMinBytes": 16435172,
        "jsHeapMaxBytes": 21433689.333333332,
        "jsHeapMinLabel": "16435 kb",
        "jsHeapMaxLabel": "21.4 Mb",
        "documentsMin": 2,
        "documentsMax": 2,
        "nodesMin": 1078,
        "nodesMax": 1109,
        "listenersMin": 158,
        "listenersMax": 158
      },
      "runs": 3
    },
    "scroll-up": {
      "rangeStart": 0,
      "rangeEnd": 14555,
      "total": 14555,
      "categories": {
        "other": 318.29566666864775,
        "rendering": 1930.102666664888,
        "scripting": 1895.117333334593,
        "painting": 451.93533333369606,
        "idle": 9959.254783331495
      },
      "updateCounters": {
        "sampleCount": 927,
        "jsHeapMinBytes": 28085412,
        "jsHeapMaxBytes": 56650529.333333336,
        "jsHeapMinLabel": "28085 kb",
        "jsHeapMaxLabel": "56.7 Mb",
        "documentsMin": 2,
        "documentsMax": 2,
        "nodesMin": 150275,
        "nodesMax": 150755,
        "listenersMin": 158,
        "listenersMax": 158
      },
      "runs": 3
    },
    "sorting": {
      "rangeStart": 0,
      "rangeEnd": 356,
      "total": 356,
      "categories": {
        "other": 169.72825000001708,
        "scripting": 180.96866666666028,
        "rendering": 2.9527333333001784,
        "painting": 0.650666666663407,
        "idle": 1.9983333333511837
      },
      "updateCounters": {
        "sampleCount": 2,
        "jsHeapMinBytes": 141989304,
        "jsHeapMaxBytes": 143053848,
        "jsHeapMinLabel": "141989 kb",
        "jsHeapMaxLabel": "143.1 Mb",
        "documentsMin": 4,
        "documentsMax": 4,
        "nodesMin": 1913,
        "nodesMax": 1913,
        "listenersMin": 145,
        "listenersMax": 145
      },
      "runs": 3,
      "hookTiming": 13.09999999999612
    }
  }
}