{
  "timestamp": "2026-06-12T07:04:10.184Z",
  "scenarios": {
    "cell-editing": {
      "rangeStart": 0,
      "rangeEnd": 2713,
      "total": 2713,
      "categories": {
        "other": 216.5606666665782,
        "rendering": 240.09966666667606,
        "scripting": 382.53766666672544,
        "painting": 45.73199999995995,
        "idle": 1827.7860000000655
      },
      "updateCounters": {
        "sampleCount": 2124,
        "jsHeapMinBytes": 15002413.333333334,
        "jsHeapMaxBytes": 27403929.333333332,
        "jsHeapMinLabel": "15002 kb",
        "jsHeapMaxLabel": "27.4 Mb",
        "documentsMin": 1,
        "documentsMax": 1,
        "nodesMin": 1030,
        "nodesMax": 1104,
        "listenersMin": 176,
        "listenersMax": 322
      },
      "runs": 3
    },
    "filtering": {
      "rangeStart": 0,
      "rangeEnd": 383,
      "total": 383,
      "categories": {
        "other": 188.5445666666595,
        "scripting": 189.94723333333422,
        "rendering": 3.6195666666753823,
        "painting": 0.17831666667188983,
        "idle": 0.8286666666632906
      },
      "updateCounters": {
        "sampleCount": 1,
        "jsHeapMinBytes": 156622001.33333334,
        "jsHeapMaxBytes": 157683514.66666666,
        "jsHeapMinLabel": "156622 kb",
        "jsHeapMaxLabel": "157.7 Mb",
        "documentsMin": 3,
        "documentsMax": 3,
        "nodesMin": 1982,
        "nodesMax": 1983,
        "listenersMin": 201,
        "listenersMax": 201
      },
      "runs": 3,
      "hookTiming": 2.2000000000019404
    },
    "scroll-down": {
      "rangeStart": 0,
      "rangeEnd": 16728,
      "total": 16728,
      "categories": {
        "other": 167.28933333360737,
        "rendering": 22.177999999412958,
        "painting": 23.78766666657854,
        "scripting": 130.54833333354645,
        "idle": 16384.469333333516
      },
      "updateCounters": {
        "sampleCount": 501,
        "jsHeapMinBytes": 26602298.666666668,
        "jsHeapMaxBytes": 30356817.333333332,
        "jsHeapMinLabel": "26602 kb",
        "jsHeapMaxLabel": "30.4 Mb",
        "documentsMin": 1,
        "documentsMax": 1,
        "nodesMin": 150268,
        "nodesMax": 150268,
        "listenersMin": 158,
        "listenersMax": 158
      },
      "runs": 3
    },
    "scroll-left": {
      "rangeStart": 0,
      "rangeEnd": 16708,
      "total": 16708,
      "categories": {
        "other": 486.12866666648006,
        "rendering": 2103.9239999998535,
        "scripting": 2225.018333333876,
        "painting": 705.9543333331434,
        "idle": 11187.522333333318
      },
      "updateCounters": {
        "sampleCount": 3042,
        "jsHeapMinBytes": 15769789.333333334,
        "jsHeapMaxBytes": 30649221.333333332,
        "jsHeapMinLabel": "15770 kb",
        "jsHeapMaxLabel": "30.6 Mb",
        "documentsMin": 1,
        "documentsMax": 1,
        "nodesMin": 1078,
        "nodesMax": 1078,
        "listenersMin": 158,
        "listenersMax": 158
      },
      "runs": 3
    },
    "scroll-right": {
      "rangeStart": 0,
      "rangeEnd": 13603,
      "total": 13603,
      "categories": {
        "rendering": 309.02633333340054,
        "scripting": 369.486999999232,
        "painting": 116.41766666725744,
        "other": 159.4586666677644,
        "idle": 12648.445433332343
      },
      "updateCounters": {
        "sampleCount": 860,
        "jsHeapMinBytes": 16158018.666666666,
        "jsHeapMaxBytes": 21215028,
        "jsHeapMinLabel": "16158 kb",
        "jsHeapMaxLabel": "21.2 Mb",
        "documentsMin": 1,
        "documentsMax": 1,
        "nodesMin": 1078,
        "nodesMax": 1078,
        "listenersMin": 158,
        "listenersMax": 158
      },
      "runs": 3
    },
    "scroll-up": {
      "rangeStart": 0,
      "rangeEnd": 14544,
      "total": 14544,
      "categories": {
        "other": 276.94299999866126,
        "rendering": 1715.261999999988,
        "scripting": 1564.2103333341554,
        "painting": 455.57466666631325,
        "idle": 10531.487716667567
      },
      "updateCounters": {
        "sampleCount": 928,
        "jsHeapMinBytes": 27836729.333333332,
        "jsHeapMaxBytes": 56618573.333333336,
        "jsHeapMinLabel": "27837 kb",
        "jsHeapMaxLabel": "56.6 Mb",
        "documentsMin": 1,
        "documentsMax": 1,
        "nodesMin": 150268,
        "nodesMax": 150272,
        "listenersMin": 158,
        "listenersMax": 158
      },
      "runs": 3
    },
    "sorting": {
      "rangeStart": 0,
      "rangeEnd": 384,
      "total": 384,
      "categories": {
        "other": 364.3752166666595,
        "rendering": 5.47463333333144,
        "scripting": 12.755116666674924,
        "painting": 0.6096666666756695,
        "idle": 0.8009999999776483
      },
      "updateCounters": {
        "sampleCount": 1,
        "jsHeapMinBytes": 153622184,
        "jsHeapMaxBytes": 153622184,
        "jsHeapMinLabel": "153622 kb",
        "jsHeapMaxLabel": "153.6 Mb",
        "documentsMin": 3,
        "documentsMax": 3,
        "nodesMin": 1909,
        "nodesMax": 1909,
        "listenersMin": 145,
        "listenersMax": 145
      },
      "runs": 3,
      "hookTiming": 3.699999999992239
    }
  }
}