{
  "timestamp": "2026-06-16T07:46:32.426Z",
  "scenarios": {
    "cell-editing": {
      "rangeStart": 0,
      "rangeEnd": 3030,
      "total": 3030,
      "categories": {
        "other": 237.81433333344455,
        "rendering": 397.76866666655405,
        "scripting": 466.6083333335653,
        "painting": 63.81566666659395,
        "idle": 1864.1929999998392
      },
      "updateCounters": {
        "sampleCount": 2124,
        "jsHeapMinBytes": 15049233.333333334,
        "jsHeapMaxBytes": 27969628,
        "jsHeapMinLabel": "15049 kb",
        "jsHeapMaxLabel": "28.0 Mb",
        "documentsMin": 1,
        "documentsMax": 1,
        "nodesMin": 1032,
        "nodesMax": 1102,
        "listenersMin": 176,
        "listenersMax": 336
      },
      "runs": 3
    },
    "filtering": {
      "rangeStart": 0,
      "rangeEnd": 362,
      "total": 362,
      "categories": {
        "other": 337.7990499999891,
        "rendering": 9.252616666679387,
        "scripting": 13.471433333337307,
        "painting": 0,
        "idle": 1.3693333333309663
      },
      "updateCounters": {
        "sampleCount": 1,
        "jsHeapMinBytes": 157739828,
        "jsHeapMaxBytes": 157739828,
        "jsHeapMinLabel": "157740 kb",
        "jsHeapMaxLabel": "157.7 Mb",
        "documentsMin": 3,
        "documentsMax": 3,
        "nodesMin": 1980,
        "nodesMax": 1980,
        "listenersMin": 201,
        "listenersMax": 201
      },
      "runs": 3,
      "hookTiming": 1.9000000000038806
    },
    "scroll-down": {
      "rangeStart": 0,
      "rangeEnd": 16726,
      "total": 16726,
      "categories": {
        "other": 200.00866666572088,
        "rendering": 24.991333334114945,
        "painting": 28.309333333163522,
        "scripting": 137.12066666652797,
        "idle": 16336.155666667139
      },
      "updateCounters": {
        "sampleCount": 501,
        "jsHeapMinBytes": 26631669.333333332,
        "jsHeapMaxBytes": 28432610.666666668,
        "jsHeapMinLabel": "26632 kb",
        "jsHeapMaxLabel": "28.4 Mb",
        "documentsMin": 1,
        "documentsMax": 1,
        "nodesMin": 150271,
        "nodesMax": 150271,
        "listenersMin": 158,
        "listenersMax": 158
      },
      "runs": 3
    },
    "scroll-left": {
      "rangeStart": 0,
      "rangeEnd": 16711,
      "total": 16711,
      "categories": {
        "other": 555.0670000009744,
        "rendering": 2240.7279999994594,
        "painting": 753.9956666666161,
        "scripting": 2601.801999999497,
        "idle": 10559.036000000118
      },
      "updateCounters": {
        "sampleCount": 3043,
        "jsHeapMinBytes": 15803784,
        "jsHeapMaxBytes": 30904184,
        "jsHeapMinLabel": "15804 kb",
        "jsHeapMaxLabel": "30.9 Mb",
        "documentsMin": 1,
        "documentsMax": 1,
        "nodesMin": 1081,
        "nodesMax": 1081,
        "listenersMin": 158,
        "listenersMax": 158
      },
      "runs": 3
    },
    "scroll-right": {
      "rangeStart": 0,
      "rangeEnd": 13607,
      "total": 13607,
      "categories": {
        "rendering": 343.12566666683415,
        "scripting": 444.11666666670516,
        "painting": 130.10699999997937,
        "other": 195.71933333417823,
        "idle": 12493.883149998961
      },
      "updateCounters": {
        "sampleCount": 860,
        "jsHeapMinBytes": 16170893.333333334,
        "jsHeapMaxBytes": 21217400,
        "jsHeapMinLabel": "16171 kb",
        "jsHeapMaxLabel": "21.2 Mb",
        "documentsMin": 1,
        "documentsMax": 1,
        "nodesMin": 1081,
        "nodesMax": 1081,
        "listenersMin": 158,
        "listenersMax": 158
      },
      "runs": 3
    },
    "scroll-up": {
      "rangeStart": 0,
      "rangeEnd": 14553,
      "total": 14553,
      "categories": {
        "other": 391.15933333473464,
        "rendering": 1916.597999997534,
        "scripting": 2084.9576666681064,
        "painting": 468.5536666662665,
        "idle": 9692.025500000009
      },
      "updateCounters": {
        "sampleCount": 954,
        "jsHeapMinBytes": 27669310.666666668,
        "jsHeapMaxBytes": 50278661.333333336,
        "jsHeapMinLabel": "27669 kb",
        "jsHeapMaxLabel": "50.3 Mb",
        "documentsMin": 1,
        "documentsMax": 1,
        "nodesMin": 150271,
        "nodesMax": 150273,
        "listenersMin": 158,
        "listenersMax": 158
      },
      "runs": 3
    },
    "sorting": {
      "rangeStart": 0,
      "rangeEnd": 364,
      "total": 364,
      "categories": {
        "other": 346.28268333329305,
        "rendering": 3.7695500000263564,
        "scripting": 12.57388333333237,
        "painting": 0.015333333324330548,
        "idle": 1.2763333333617386
      },
      "updateCounters": {
        "sampleCount": 1,
        "jsHeapMinBytes": 153689628,
        "jsHeapMaxBytes": 153689628,
        "jsHeapMinLabel": "153690 kb",
        "jsHeapMaxLabel": "153.7 Mb",
        "documentsMin": 3,
        "documentsMax": 3,
        "nodesMin": 1909,
        "nodesMax": 1909,
        "listenersMin": 145,
        "listenersMax": 145
      },
      "runs": 3,
      "hookTiming": 3.233333333337214
    }
  }
}