{
  "timestamp": "2026-04-16T08:56:54.152Z",
  "scenarios": {
    "cell-editing": {
      "rangeStart": 0,
      "rangeEnd": 2996,
      "total": 2996,
      "categories": {
        "other": 280.9599999999125,
        "rendering": 279.66133333321585,
        "scripting": 513.1663333339304,
        "painting": 54.740999999882966,
        "idle": 1867.4399999997306
      },
      "updateCounters": {
        "sampleCount": 2102,
        "jsHeapMinBytes": 18490929.333333332,
        "jsHeapMaxBytes": 35201336,
        "jsHeapMinLabel": "18491 kb",
        "jsHeapMaxLabel": "35.2 Mb",
        "documentsMin": 2,
        "documentsMax": 2,
        "nodesMin": 1055,
        "nodesMax": 1159,
        "listenersMin": 228,
        "listenersMax": 432
      },
      "runs": 3
    },
    "filtering": {
      "rangeStart": 0,
      "rangeEnd": 371,
      "total": 371,
      "categories": {
        "other": 354.94699999995856,
        "rendering": 2.3196666666966244,
        "scripting": 11.581966666686968,
        "painting": 0.30940000000797835,
        "idle": 1.75
      },
      "updateCounters": {
        "sampleCount": 2,
        "jsHeapMinBytes": 141558912,
        "jsHeapMaxBytes": 146121728,
        "jsHeapMinLabel": "141559 kb",
        "jsHeapMaxLabel": "146.1 Mb",
        "documentsMin": 4,
        "documentsMax": 4,
        "nodesMin": 1979,
        "nodesMax": 1981,
        "listenersMin": 199,
        "listenersMax": 199
      },
      "runs": 3,
      "hookTiming": 5.166666666666667
    },
    "scroll-down": {
      "rangeStart": 0,
      "rangeEnd": 16728,
      "total": 16728,
      "categories": {
        "other": 173.2410000017959,
        "rendering": 22.05133333286115,
        "painting": 25.003333333317034,
        "scripting": 143.27199999992752,
        "idle": 16364.375666665437
      },
      "updateCounters": {
        "sampleCount": 501,
        "jsHeapMinBytes": 26766017.333333332,
        "jsHeapMaxBytes": 33239026.666666668,
        "jsHeapMinLabel": "26766 kb",
        "jsHeapMaxLabel": "33.2 Mb",
        "documentsMin": 2,
        "documentsMax": 2,
        "nodesMin": 150268,
        "nodesMax": 150329,
        "listenersMin": 156,
        "listenersMax": 156
      },
      "runs": 3
    },
    "scroll-left": {
      "rangeStart": 0,
      "rangeEnd": 16686,
      "total": 16686,
      "categories": {
        "other": 500.579666664327,
        "rendering": 2238.489333332303,
        "scripting": 2323.660333334325,
        "painting": 608.7623333338415,
        "idle": 11015.011000001861
      },
      "updateCounters": {
        "sampleCount": 3042,
        "jsHeapMinBytes": 15776664,
        "jsHeapMaxBytes": 34325856,
        "jsHeapMinLabel": "15777 kb",
        "jsHeapMaxLabel": "34.3 Mb",
        "documentsMin": 2,
        "documentsMax": 2,
        "nodesMin": 1078,
        "nodesMax": 1170,
        "listenersMin": 156,
        "listenersMax": 156
      },
      "runs": 3
    },
    "scroll-right": {
      "rangeStart": 0,
      "rangeEnd": 13604,
      "total": 13604,
      "categories": {
        "rendering": 345.73133333361085,
        "scripting": 417.3040000005808,
        "painting": 108.23033333329174,
        "other": 169.6819999988318,
        "idle": 12563.378066667006
      },
      "updateCounters": {
        "sampleCount": 861,
        "jsHeapMinBytes": 16124165.333333334,
        "jsHeapMaxBytes": 25235909.333333332,
        "jsHeapMinLabel": "16124 kb",
        "jsHeapMaxLabel": "25.2 Mb",
        "documentsMin": 2,
        "documentsMax": 2,
        "nodesMin": 1078,
        "nodesMax": 1119,
        "listenersMin": 156,
        "listenersMax": 156
      },
      "runs": 3
    },
    "scroll-up": {
      "rangeStart": 0,
      "rangeEnd": 14671,
      "total": 14671,
      "categories": {
        "other": 294.93851667363134,
        "rendering": 1805.474333330368,
        "scripting": 1978.12866666494,
        "painting": 417.9909999994561,
        "idle": 10173.82683333157
      },
      "updateCounters": {
        "sampleCount": 929,
        "jsHeapMinBytes": 27747802.666666668,
        "jsHeapMaxBytes": 58952734.666666664,
        "jsHeapMinLabel": "27748 kb",
        "jsHeapMaxLabel": "59.0 Mb",
        "documentsMin": 2,
        "documentsMax": 2,
        "nodesMin": 150273,
        "nodesMax": 150746,
        "listenersMin": 156,
        "listenersMax": 156
      },
      "runs": 3
    },
    "sorting": {
      "rangeStart": 0,
      "rangeEnd": 368,
      "total": 368,
      "categories": {
        "other": 359.00986666674356,
        "rendering": 1.48644999996759,
        "scripting": 6.196000000000001,
        "painting": 0,
        "idle": 1.1209999999264255
      },
      "updateCounters": {
        "sampleCount": 2,
        "jsHeapMinBytes": 141396420,
        "jsHeapMaxBytes": 146990308,
        "jsHeapMinLabel": "141396 kb",
        "jsHeapMaxLabel": "147.0 Mb",
        "documentsMin": 4,
        "documentsMax": 4,
        "nodesMin": 1913,
        "nodesMax": 1915,
        "listenersMin": 143,
        "listenersMax": 143
      },
      "runs": 3,
      "hookTiming": 11.666666666666666
    }
  }
}