{
  "timestamp": "2026-06-16T09:22:49.076Z",
  "scenarios": {
    "cell-editing": {
      "rangeStart": 0,
      "rangeEnd": 2810,
      "total": 2810,
      "categories": {
        "other": 217.61333333363066,
        "rendering": 333.7693333332184,
        "scripting": 396.6569999999312,
        "painting": 44.11599999999453,
        "idle": 1817.3846666665584
      },
      "updateCounters": {
        "sampleCount": 2124,
        "jsHeapMinBytes": 15331665.333333334,
        "jsHeapMaxBytes": 28147457.333333332,
        "jsHeapMinLabel": "15332 kb",
        "jsHeapMaxLabel": "28.1 Mb",
        "documentsMin": 1,
        "documentsMax": 1,
        "nodesMin": 1032,
        "nodesMax": 1099,
        "listenersMin": 175,
        "listenersMax": 331
      },
      "runs": 3
    },
    "filtering": {
      "rangeStart": 0,
      "rangeEnd": 387,
      "total": 387,
      "categories": {
        "other": 361.18184999999556,
        "rendering": 9.951333333330695,
        "scripting": 14.213766666665672,
        "painting": 0,
        "idle": 1.3830000000064804
      },
      "updateCounters": {
        "sampleCount": 1,
        "jsHeapMinBytes": 157382674.66666666,
        "jsHeapMaxBytes": 157382674.66666666,
        "jsHeapMinLabel": "157383 kb",
        "jsHeapMaxLabel": "157.4 Mb",
        "documentsMin": 3,
        "documentsMax": 3,
        "nodesMin": 1980,
        "nodesMax": 1980,
        "listenersMin": 201,
        "listenersMax": 201
      },
      "runs": 3,
      "hookTiming": 1.9666666666598758
    },
    "scroll-down": {
      "rangeStart": 0,
      "rangeEnd": 16730,
      "total": 16730,
      "categories": {
        "other": 165.51233333283253,
        "rendering": 21.857666666522466,
        "painting": 23.257333333642844,
        "scripting": 125.666666666788,
        "idle": 16394.014000000214
      },
      "updateCounters": {
        "sampleCount": 501,
        "jsHeapMinBytes": 26617533.333333332,
        "jsHeapMaxBytes": 28218552,
        "jsHeapMinLabel": "26618 kb",
        "jsHeapMaxLabel": "28.2 Mb",
        "documentsMin": 1,
        "documentsMax": 1,
        "nodesMin": 150271,
        "nodesMax": 150271,
        "listenersMin": 158,
        "listenersMax": 158
      },
      "runs": 3
    },
    "scroll-left": {
      "rangeStart": 0,
      "rangeEnd": 16701,
      "total": 16701,
      "categories": {
        "other": 507.21966666868394,
        "rendering": 2045.0263333327312,
        "scripting": 2259.2326666654803,
        "painting": 700.111999999625,
        "idle": 11189.26333333349
      },
      "updateCounters": {
        "sampleCount": 3043,
        "jsHeapMinBytes": 15806897.333333334,
        "jsHeapMaxBytes": 30885568,
        "jsHeapMinLabel": "15807 kb",
        "jsHeapMaxLabel": "30.9 Mb",
        "documentsMin": 1,
        "documentsMax": 1,
        "nodesMin": 1081,
        "nodesMax": 1081,
        "listenersMin": 158,
        "listenersMax": 158
      },
      "runs": 3
    },
    "scroll-right": {
      "rangeStart": 0,
      "rangeEnd": 13603,
      "total": 13603,
      "categories": {
        "rendering": 312.24866666596307,
        "scripting": 393.3450000004166,
        "painting": 119.53900000039721,
        "other": 172.45833333321863,
        "idle": 12605.45066666668
      },
      "updateCounters": {
        "sampleCount": 861,
        "jsHeapMinBytes": 16194649.333333334,
        "jsHeapMaxBytes": 21212392,
        "jsHeapMinLabel": "16195 kb",
        "jsHeapMaxLabel": "21.2 Mb",
        "documentsMin": 1,
        "documentsMax": 1,
        "nodesMin": 1081,
        "nodesMax": 1081,
        "listenersMin": 158,
        "listenersMax": 158
      },
      "runs": 3
    },
    "scroll-up": {
      "rangeStart": 0,
      "rangeEnd": 14550,
      "total": 14550,
      "categories": {
        "other": 356.18666666403277,
        "rendering": 1777.710333334903,
        "scripting": 1816.593666665755,
        "painting": 424.0543333337603,
        "idle": 10175.382150001553
      },
      "updateCounters": {
        "sampleCount": 954,
        "jsHeapMinBytes": 27647036,
        "jsHeapMaxBytes": 49821409.333333336,
        "jsHeapMinLabel": "27647 kb",
        "jsHeapMaxLabel": "49.8 Mb",
        "documentsMin": 1,
        "documentsMax": 1,
        "nodesMin": 150271,
        "nodesMax": 150273,
        "listenersMin": 158,
        "listenersMax": 158
      },
      "runs": 3
    },
    "sorting": {
      "rangeStart": 0,
      "rangeEnd": 390,
      "total": 390,
      "categories": {
        "other": 369.8732166666696,
        "rendering": 5.556449999974575,
        "scripting": 13.19511666666918,
        "painting": 0.5730000000136594,
        "idle": 1.2039999999882032
      },
      "updateCounters": {
        "sampleCount": 1,
        "jsHeapMinBytes": 153574852,
        "jsHeapMaxBytes": 153574852,
        "jsHeapMinLabel": "153575 kb",
        "jsHeapMaxLabel": "153.6 Mb",
        "documentsMin": 3,
        "documentsMax": 3,
        "nodesMin": 1909,
        "nodesMax": 1909,
        "listenersMin": 145,
        "listenersMax": 145
      },
      "runs": 3,
      "hookTiming": 3.4666666666744277
    }
  }
}