{
  "timestamp": "2026-04-20T13:51:34.936Z",
  "scenarios": {
    "cell-editing": {
      "rangeStart": 0,
      "rangeEnd": 2739,
      "total": 2739,
      "categories": {
        "other": 225.3663333331849,
        "rendering": 230.39866666667027,
        "scripting": 401.2593333331593,
        "painting": 44.381000000076405,
        "idle": 1837.802333333578
      },
      "updateCounters": {
        "sampleCount": 2103,
        "jsHeapMinBytes": 15157288,
        "jsHeapMaxBytes": 28927892,
        "jsHeapMinLabel": "15157 kb",
        "jsHeapMaxLabel": "28.9 Mb",
        "documentsMin": 2,
        "documentsMax": 2,
        "nodesMin": 1030,
        "nodesMax": 1100,
        "listenersMin": 173,
        "listenersMax": 312
      },
      "runs": 3
    },
    "filtering": {
      "rangeStart": 0,
      "rangeEnd": 354,
      "total": 354,
      "categories": {
        "other": 338.0755499999996,
        "rendering": 1.9683333333280946,
        "scripting": 12.352566666667661,
        "painting": 0,
        "idle": 1.2753333333336438
      },
      "updateCounters": {
        "sampleCount": 1,
        "jsHeapMinBytes": 155344600,
        "jsHeapMaxBytes": 155344600,
        "jsHeapMinLabel": "155345 kb",
        "jsHeapMaxLabel": "155.3 Mb",
        "documentsMin": 4,
        "documentsMax": 4,
        "nodesMin": 1981,
        "nodesMax": 1981,
        "listenersMin": 199,
        "listenersMax": 199
      },
      "runs": 3,
      "hookTiming": 4.266666666672488
    },
    "scroll-down": {
      "rangeStart": 0,
      "rangeEnd": 16715,
      "total": 16715,
      "categories": {
        "other": 146.20399999946184,
        "rendering": 19.874333333801285,
        "painting": 20.794333333304774,
        "scripting": 111.85300000001497,
        "idle": 16416.488333333426
      },
      "updateCounters": {
        "sampleCount": 501,
        "jsHeapMinBytes": 26859620,
        "jsHeapMaxBytes": 30907093.333333332,
        "jsHeapMinLabel": "26860 kb",
        "jsHeapMaxLabel": "30.9 Mb",
        "documentsMin": 2,
        "documentsMax": 2,
        "nodesMin": 150268,
        "nodesMax": 150307,
        "listenersMin": 156,
        "listenersMax": 156
      },
      "runs": 3
    },
    "scroll-left": {
      "rangeStart": 0,
      "rangeEnd": 16702,
      "total": 16702,
      "categories": {
        "other": 489.45966666699127,
        "rendering": 2165.9103333333137,
        "scripting": 2297.361333334198,
        "painting": 598.011666666435,
        "idle": 11151.536333332391
      },
      "updateCounters": {
        "sampleCount": 3091,
        "jsHeapMinBytes": 15914281.333333334,
        "jsHeapMaxBytes": 30547040,
        "jsHeapMinLabel": "15914 kb",
        "jsHeapMaxLabel": "30.5 Mb",
        "documentsMin": 2,
        "documentsMax": 2,
        "nodesMin": 1078,
        "nodesMax": 1178,
        "listenersMin": 156,
        "listenersMax": 156
      },
      "runs": 3
    },
    "scroll-right": {
      "rangeStart": 0,
      "rangeEnd": 13601,
      "total": 13601,
      "categories": {
        "rendering": 311.0706666658904,
        "scripting": 353.6490000003351,
        "painting": 95.30033333331812,
        "other": 144.8713333353804,
        "idle": 12696.11506666505
      },
      "updateCounters": {
        "sampleCount": 860,
        "jsHeapMinBytes": 16366430.666666666,
        "jsHeapMaxBytes": 21363204,
        "jsHeapMinLabel": "16366 kb",
        "jsHeapMaxLabel": "21.4 Mb",
        "documentsMin": 2,
        "documentsMax": 2,
        "nodesMin": 1078,
        "nodesMax": 1109,
        "listenersMin": 156,
        "listenersMax": 156
      },
      "runs": 3
    },
    "scroll-up": {
      "rangeStart": 0,
      "rangeEnd": 14533,
      "total": 14533,
      "categories": {
        "other": 260.2906666641608,
        "rendering": 1733.7710000016184,
        "scripting": 1681.6549999998863,
        "painting": 401.6706666672447,
        "idle": 10455.780550000412
      },
      "updateCounters": {
        "sampleCount": 926,
        "jsHeapMinBytes": 27976028,
        "jsHeapMaxBytes": 56455761.333333336,
        "jsHeapMinLabel": "27976 kb",
        "jsHeapMaxLabel": "56.5 Mb",
        "documentsMin": 2,
        "documentsMax": 2,
        "nodesMin": 150274,
        "nodesMax": 150753,
        "listenersMin": 156,
        "listenersMax": 156
      },
      "runs": 3
    },
    "sorting": {
      "rangeStart": 0,
      "rangeEnd": 352,
      "total": 352,
      "categories": {
        "other": 346.0411166666993,
        "rendering": 0.46021666668821126,
        "scripting": 4.920799999992052,
        "painting": 0,
        "idle": 1.139666666625999
      },
      "updateCounters": {
        "sampleCount": 1,
        "jsHeapMinBytes": 157803416,
        "jsHeapMaxBytes": 157803416,
        "jsHeapMinLabel": "157803 kb",
        "jsHeapMaxLabel": "157.8 Mb",
        "documentsMin": 4,
        "documentsMax": 4,
        "nodesMin": 1915,
        "nodesMax": 1915,
        "listenersMin": 143,
        "listenersMax": 143
      },
      "runs": 3,
      "hookTiming": 12.133333333321692
    }
  }
}