{
  "timestamp": "2026-04-21T08:40:43.244Z",
  "scenarios": {
    "cell-editing": {
      "rangeStart": 0,
      "rangeEnd": 2731,
      "total": 2731,
      "categories": {
        "other": 223.7560000000992,
        "rendering": 230.26933333380535,
        "scripting": 397.21166666640937,
        "painting": 44.73466666683089,
        "idle": 1834.8676666661631
      },
      "updateCounters": {
        "sampleCount": 2102,
        "jsHeapMinBytes": 15189304,
        "jsHeapMaxBytes": 28197753.333333332,
        "jsHeapMinLabel": "15189 kb",
        "jsHeapMaxLabel": "28.2 Mb",
        "documentsMin": 2,
        "documentsMax": 2,
        "nodesMin": 1030,
        "nodesMax": 1107,
        "listenersMin": 173,
        "listenersMax": 325
      },
      "runs": 3
    },
    "filtering": {
      "rangeStart": 0,
      "rangeEnd": 356,
      "total": 356,
      "categories": {
        "other": 340.4276666666513,
        "rendering": 2.2098666666812883,
        "scripting": 11.428216666656857,
        "painting": 0,
        "idle": 1.5033333333364378
      },
      "updateCounters": {
        "sampleCount": 1,
        "jsHeapMinBytes": 143351896,
        "jsHeapMaxBytes": 143351896,
        "jsHeapMinLabel": "143352 kb",
        "jsHeapMaxLabel": "143.4 Mb",
        "documentsMin": 4,
        "documentsMax": 4,
        "nodesMin": 1987,
        "nodesMax": 1987,
        "listenersMin": 199,
        "listenersMax": 199
      },
      "runs": 3,
      "hookTiming": 5.099999999996119
    },
    "scroll-down": {
      "rangeStart": 0,
      "rangeEnd": 16718,
      "total": 16718,
      "categories": {
        "other": 151.53600000015135,
        "rendering": 20.458333333333332,
        "painting": 21.684333333570976,
        "scripting": 118.51166666610182,
        "idle": 16405.748333333508
      },
      "updateCounters": {
        "sampleCount": 501,
        "jsHeapMinBytes": 26864378.666666668,
        "jsHeapMaxBytes": 30903350.666666668,
        "jsHeapMinLabel": "26864 kb",
        "jsHeapMaxLabel": "30.9 Mb",
        "documentsMin": 2,
        "documentsMax": 2,
        "nodesMin": 150268,
        "nodesMax": 150307,
        "listenersMin": 156,
        "listenersMax": 156
      },
      "runs": 3
    },
    "scroll-left": {
      "rangeStart": 0,
      "rangeEnd": 16708,
      "total": 16708,
      "categories": {
        "other": 500.9850000017832,
        "rendering": 2194.0033333350634,
        "scripting": 2258.792999999702,
        "painting": 608.0893333333466,
        "idle": 11146.387333330096
      },
      "updateCounters": {
        "sampleCount": 3042,
        "jsHeapMinBytes": 15798361.333333334,
        "jsHeapMaxBytes": 30485658.666666668,
        "jsHeapMinLabel": "15798 kb",
        "jsHeapMaxLabel": "30.5 Mb",
        "documentsMin": 2,
        "documentsMax": 2,
        "nodesMin": 1078,
        "nodesMax": 1170,
        "listenersMin": 156,
        "listenersMax": 156
      },
      "runs": 3
    },
    "scroll-right": {
      "rangeStart": 0,
      "rangeEnd": 13604,
      "total": 13604,
      "categories": {
        "rendering": 326.40533333155327,
        "scripting": 364.12333333268333,
        "painting": 101.89566666683338,
        "other": 152.51733333449468,
        "idle": 12658.492950001111
      },
      "updateCounters": {
        "sampleCount": 860,
        "jsHeapMinBytes": 16367257.333333334,
        "jsHeapMaxBytes": 21364304,
        "jsHeapMinLabel": "16367 kb",
        "jsHeapMaxLabel": "21.4 Mb",
        "documentsMin": 2,
        "documentsMax": 2,
        "nodesMin": 1078,
        "nodesMax": 1109,
        "listenersMin": 156,
        "listenersMax": 156
      },
      "runs": 3
    },
    "scroll-up": {
      "rangeStart": 0,
      "rangeEnd": 15298,
      "total": 15298,
      "categories": {
        "other": 278.9623333355101,
        "rendering": 1838.7053333306685,
        "scripting": 1795.1056666678749,
        "painting": 406.5099999991556,
        "idle": 10978.769466666776
      },
      "updateCounters": {
        "sampleCount": 948,
        "jsHeapMinBytes": 27788542.666666668,
        "jsHeapMaxBytes": 49907962.666666664,
        "jsHeapMinLabel": "27789 kb",
        "jsHeapMaxLabel": "49.9 Mb",
        "documentsMin": 2,
        "documentsMax": 2,
        "nodesMin": 150272,
        "nodesMax": 150746,
        "listenersMin": 156,
        "listenersMax": 156
      },
      "runs": 3
    },
    "sorting": {
      "rangeStart": 0,
      "rangeEnd": 356,
      "total": 356,
      "categories": {
        "other": 349.42171666667736,
        "rendering": 0.09033333335537463,
        "scripting": 5.014950000007947,
        "painting": 0,
        "idle": 1.176333333288009
      },
      "updateCounters": {
        "sampleCount": 1,
        "jsHeapMinBytes": 163465528,
        "jsHeapMaxBytes": 163465528,
        "jsHeapMinLabel": "163466 kb",
        "jsHeapMaxLabel": "163.5 Mb",
        "documentsMin": 4,
        "documentsMax": 4,
        "nodesMin": 1915,
        "nodesMax": 1915,
        "listenersMin": 143,
        "listenersMax": 143
      },
      "runs": 3,
      "hookTiming": 12.833333333372138
    }
  }
}