{
  "timestamp": "2026-05-04T12:56:36.434Z",
  "scenarios": {
    "cell-editing": {
      "rangeStart": 0,
      "rangeEnd": 2890,
      "total": 2890,
      "categories": {
        "other": 268.85233333339323,
        "rendering": 272.5703333337054,
        "scripting": 443.10433333281594,
        "painting": 54.18600000003547,
        "idle": 1851.1706666667208
      },
      "updateCounters": {
        "sampleCount": 2104,
        "jsHeapMinBytes": 15630974.666666666,
        "jsHeapMaxBytes": 30859489.333333332,
        "jsHeapMinLabel": "15631 kb",
        "jsHeapMaxLabel": "30.9 Mb",
        "documentsMin": 2,
        "documentsMax": 2,
        "nodesMin": 1034,
        "nodesMax": 1143,
        "listenersMin": 175,
        "listenersMax": 402
      },
      "runs": 3
    },
    "filtering": {
      "rangeStart": 0,
      "rangeEnd": 387,
      "total": 387,
      "categories": {
        "other": 369.54043333335386,
        "rendering": 2.5242333333105003,
        "scripting": 12.153549999996399,
        "painting": 0.44743333333948004,
        "idle": 2.177333333325805
      },
      "updateCounters": {
        "sampleCount": 1,
        "jsHeapMinBytes": 149312296,
        "jsHeapMaxBytes": 149312296,
        "jsHeapMinLabel": "149312 kb",
        "jsHeapMaxLabel": "149.3 Mb",
        "documentsMin": 4,
        "documentsMax": 4,
        "nodesMin": 1984,
        "nodesMax": 1984,
        "listenersMin": 201,
        "listenersMax": 201
      },
      "runs": 3,
      "hookTiming": 4.899999999994179
    },
    "scroll-down": {
      "rangeStart": 0,
      "rangeEnd": 16732,
      "total": 16732,
      "categories": {
        "other": 186.7773333343017,
        "rendering": 25.819333332765382,
        "painting": 25.523333333064027,
        "scripting": 144.16733333312254,
        "idle": 16349.772000000075
      },
      "updateCounters": {
        "sampleCount": 501,
        "jsHeapMinBytes": 26911164,
        "jsHeapMaxBytes": 30493114.666666668,
        "jsHeapMinLabel": "26911 kb",
        "jsHeapMaxLabel": "30.5 Mb",
        "documentsMin": 2,
        "documentsMax": 2,
        "nodesMin": 150268,
        "nodesMax": 150305,
        "listenersMin": 158,
        "listenersMax": 158
      },
      "runs": 3
    },
    "scroll-left": {
      "rangeStart": 0,
      "rangeEnd": 16716,
      "total": 16716,
      "categories": {
        "other": 539.6636666676701,
        "rendering": 2412.9450000003367,
        "painting": 676.7439999993658,
        "scripting": 2391.24733333371,
        "idle": 10695.47433333222
      },
      "updateCounters": {
        "sampleCount": 3091,
        "jsHeapMinBytes": 16022241.333333334,
        "jsHeapMaxBytes": 30540204,
        "jsHeapMinLabel": "16022 kb",
        "jsHeapMaxLabel": "30.5 Mb",
        "documentsMin": 2,
        "documentsMax": 2,
        "nodesMin": 1078,
        "nodesMax": 1179,
        "listenersMin": 158,
        "listenersMax": 158
      },
      "runs": 3
    },
    "scroll-right": {
      "rangeStart": 0,
      "rangeEnd": 13601,
      "total": 13601,
      "categories": {
        "rendering": 367.3436666679142,
        "scripting": 392.0309999997926,
        "painting": 115.78500000069228,
        "other": 184.85866666353493,
        "idle": 12540.92973333473
      },
      "updateCounters": {
        "sampleCount": 860,
        "jsHeapMinBytes": 16415397.333333334,
        "jsHeapMaxBytes": 21414038.666666668,
        "jsHeapMinLabel": "16415 kb",
        "jsHeapMaxLabel": "21.4 Mb",
        "documentsMin": 2,
        "documentsMax": 2,
        "nodesMin": 1078,
        "nodesMax": 1109,
        "listenersMin": 158,
        "listenersMax": 158
      },
      "runs": 3
    },
    "scroll-up": {
      "rangeStart": 0,
      "rangeEnd": 14560,
      "total": 14560,
      "categories": {
        "other": 302.049666666167,
        "rendering": 1969.7563333346236,
        "scripting": 1822.8480000001985,
        "painting": 470.71166666727123,
        "idle": 9994.788999998418
      },
      "updateCounters": {
        "sampleCount": 927,
        "jsHeapMinBytes": 28075037.333333332,
        "jsHeapMaxBytes": 56635644,
        "jsHeapMinLabel": "28075 kb",
        "jsHeapMaxLabel": "56.6 Mb",
        "documentsMin": 2,
        "documentsMax": 2,
        "nodesMin": 150275,
        "nodesMax": 150755,
        "listenersMin": 158,
        "listenersMax": 158
      },
      "runs": 3
    },
    "sorting": {
      "rangeStart": 0,
      "rangeEnd": 383,
      "total": 383,
      "categories": {
        "other": 372.8823166666976,
        "rendering": 1.6367166666702058,
        "scripting": 6.45946666665872,
        "painting": 0,
        "idle": 1.6496666666353121
      },
      "updateCounters": {
        "sampleCount": 2,
        "jsHeapMinBytes": 141937524,
        "jsHeapMaxBytes": 147301828,
        "jsHeapMinLabel": "141938 kb",
        "jsHeapMaxLabel": "147.3 Mb",
        "documentsMin": 4,
        "documentsMax": 4,
        "nodesMin": 1913,
        "nodesMax": 1915,
        "listenersMin": 145,
        "listenersMax": 145
      },
      "runs": 3,
      "hookTiming": 12.999999999980597
    }
  }
}