{
  "timestamp": "2026-04-16T08:32:30.742Z",
  "scenarios": {
    "cell-editing": {
      "rangeStart": 0,
      "rangeEnd": 2939,
      "total": 2939,
      "categories": {
        "other": 265.03799999971267,
        "rendering": 274.0269999997836,
        "scripting": 489.4813333335155,
        "painting": 53.84599999996135,
        "idle": 1856.173000000359
      },
      "updateCounters": {
        "sampleCount": 2102,
        "jsHeapMinBytes": 18473581.333333332,
        "jsHeapMaxBytes": 35179977.333333336,
        "jsHeapMinLabel": "18474 kb",
        "jsHeapMaxLabel": "35.2 Mb",
        "documentsMin": 2,
        "documentsMax": 2,
        "nodesMin": 1055,
        "nodesMax": 1159,
        "listenersMin": 230,
        "listenersMax": 433
      },
      "runs": 3
    },
    "filtering": {
      "rangeStart": 0,
      "rangeEnd": 371,
      "total": 371,
      "categories": {
        "other": 162.3042999999878,
        "scripting": 205.42820000000074,
        "rendering": 1.922999999995227,
        "painting": 0,
        "idle": 1.5513333333462167
      },
      "updateCounters": {
        "sampleCount": 2,
        "jsHeapMinBytes": 141589600,
        "jsHeapMaxBytes": 142786500,
        "jsHeapMinLabel": "141590 kb",
        "jsHeapMaxLabel": "142.8 Mb",
        "documentsMin": 4,
        "documentsMax": 4,
        "nodesMin": 1979,
        "nodesMax": 1979,
        "listenersMin": 199,
        "listenersMax": 199
      },
      "runs": 3,
      "hookTiming": 4.366666666663757
    },
    "scroll-down": {
      "rangeStart": 0,
      "rangeEnd": 16734,
      "total": 16734,
      "categories": {
        "other": 179.60699999937552,
        "rendering": 22.520000000455184,
        "painting": 25.96566666709259,
        "scripting": 143.09833333336903,
        "idle": 16363.121666666377
      },
      "updateCounters": {
        "sampleCount": 501,
        "jsHeapMinBytes": 26705474.666666668,
        "jsHeapMaxBytes": 32063269.333333332,
        "jsHeapMinLabel": "26705 kb",
        "jsHeapMaxLabel": "32.1 Mb",
        "documentsMin": 2,
        "documentsMax": 2,
        "nodesMin": 150268,
        "nodesMax": 150327,
        "listenersMin": 156,
        "listenersMax": 156
      },
      "runs": 3
    },
    "scroll-left": {
      "rangeStart": 0,
      "rangeEnd": 16709,
      "total": 16709,
      "categories": {
        "other": 566.9933333330453,
        "rendering": 2437.568666667716,
        "painting": 674.377666666444,
        "scripting": 2592.4739999995804,
        "idle": 10437.044666666547
      },
      "updateCounters": {
        "sampleCount": 3041,
        "jsHeapMinBytes": 15711658.666666666,
        "jsHeapMaxBytes": 34488693.333333336,
        "jsHeapMinLabel": "15712 kb",
        "jsHeapMaxLabel": "34.5 Mb",
        "documentsMin": 2,
        "documentsMax": 2,
        "nodesMin": 1078,
        "nodesMax": 1170,
        "listenersMin": 156,
        "listenersMax": 156
      },
      "runs": 3
    },
    "scroll-right": {
      "rangeStart": 0,
      "rangeEnd": 13602,
      "total": 13602,
      "categories": {
        "rendering": 335.16566666735645,
        "scripting": 409.58133333341016,
        "painting": 106.54033333301777,
        "other": 174.37499999899387,
        "idle": 12576.635400000572
      },
      "updateCounters": {
        "sampleCount": 861,
        "jsHeapMinBytes": 16053273.333333334,
        "jsHeapMaxBytes": 21174557.333333332,
        "jsHeapMinLabel": "16053 kb",
        "jsHeapMaxLabel": "21.2 Mb",
        "documentsMin": 2,
        "documentsMax": 2,
        "nodesMin": 1078,
        "nodesMax": 1110,
        "listenersMin": 156,
        "listenersMax": 156
      },
      "runs": 3
    },
    "scroll-up": {
      "rangeStart": 0,
      "rangeEnd": 14569,
      "total": 14569,
      "categories": {
        "other": 292.2383333309774,
        "rendering": 1804.1429999999043,
        "scripting": 1910.6656666671795,
        "painting": 408.1403333331691,
        "idle": 10153.888616668759
      },
      "updateCounters": {
        "sampleCount": 929,
        "jsHeapMinBytes": 27337781.333333332,
        "jsHeapMaxBytes": 58397285.333333336,
        "jsHeapMinLabel": "27338 kb",
        "jsHeapMaxLabel": "58.4 Mb",
        "documentsMin": 2,
        "documentsMax": 2,
        "nodesMin": 150271,
        "nodesMax": 150742,
        "listenersMin": 156,
        "listenersMax": 156
      },
      "runs": 3
    },
    "sorting": {
      "rangeStart": 0,
      "rangeEnd": 369,
      "total": 369,
      "categories": {
        "other": 361.09220000007844,
        "rendering": 0.3696666666461776,
        "scripting": 5.740333333333333,
        "painting": 0,
        "idle": 1.334333333283818
      },
      "updateCounters": {
        "sampleCount": 2,
        "jsHeapMinBytes": 141470344,
        "jsHeapMaxBytes": 147112948,
        "jsHeapMinLabel": "141470 kb",
        "jsHeapMaxLabel": "147.1 Mb",
        "documentsMin": 4,
        "documentsMax": 4,
        "nodesMin": 1913,
        "nodesMax": 1915,
        "listenersMin": 143,
        "listenersMax": 143
      },
      "runs": 3,
      "hookTiming": 11.966666666674428
    }
  }
}