{
  "timestamp": "2026-05-05T12:33:34.018Z",
  "scenarios": {
    "cell-editing": {
      "rangeStart": 0,
      "rangeEnd": 2746,
      "total": 2746,
      "categories": {
        "other": 224.97166666665893,
        "rendering": 239.43233333376702,
        "scripting": 399.35499999950684,
        "painting": 48.451333333282186,
        "idle": 1834.1910000000983
      },
      "updateCounters": {
        "sampleCount": 2102,
        "jsHeapMinBytes": 15256170.666666666,
        "jsHeapMaxBytes": 29473314.666666668,
        "jsHeapMinLabel": "15256 kb",
        "jsHeapMaxLabel": "29.5 Mb",
        "documentsMin": 2,
        "documentsMax": 2,
        "nodesMin": 1030,
        "nodesMax": 1115,
        "listenersMin": 175,
        "listenersMax": 343
      },
      "runs": 3
    },
    "filtering": {
      "rangeStart": 0,
      "rangeEnd": 353,
      "total": 353,
      "categories": {
        "other": 338.1983333333542,
        "rendering": 1.914666666649282,
        "scripting": 11.548099999994042,
        "painting": 0,
        "idle": 1.2549999999949553
      },
      "updateCounters": {
        "sampleCount": 1,
        "jsHeapMinBytes": 155086196,
        "jsHeapMaxBytes": 155086196,
        "jsHeapMinLabel": "155086 kb",
        "jsHeapMaxLabel": "155.1 Mb",
        "documentsMin": 4,
        "documentsMax": 4,
        "nodesMin": 1981,
        "nodesMax": 1981,
        "listenersMin": 201,
        "listenersMax": 201
      },
      "runs": 3,
      "hookTiming": 4.499999999990298
    },
    "scroll-down": {
      "rangeStart": 0,
      "rangeEnd": 16714,
      "total": 16714,
      "categories": {
        "other": 149.18666666641226,
        "rendering": 20.553666667246336,
        "painting": 21.50233333321133,
        "scripting": 122.12300000010043,
        "idle": 16400.974666666367
      },
      "updateCounters": {
        "sampleCount": 501,
        "jsHeapMinBytes": 26906448,
        "jsHeapMaxBytes": 30265062.666666668,
        "jsHeapMinLabel": "26906 kb",
        "jsHeapMaxLabel": "30.3 Mb",
        "documentsMin": 2,
        "documentsMax": 2,
        "nodesMin": 150268,
        "nodesMax": 150305,
        "listenersMin": 158,
        "listenersMax": 158
      },
      "runs": 3
    },
    "scroll-left": {
      "rangeStart": 0,
      "rangeEnd": 16701,
      "total": 16701,
      "categories": {
        "other": 484.9296666681169,
        "rendering": 2156.752333333512,
        "scripting": 2227.761666665903,
        "painting": 598.2463333333532,
        "idle": 11233.433666665767
      },
      "updateCounters": {
        "sampleCount": 3041,
        "jsHeapMinBytes": 16028992,
        "jsHeapMaxBytes": 30561456,
        "jsHeapMinLabel": "16029 kb",
        "jsHeapMaxLabel": "30.6 Mb",
        "documentsMin": 2,
        "documentsMax": 2,
        "nodesMin": 1078,
        "nodesMax": 1171,
        "listenersMin": 158,
        "listenersMax": 158
      },
      "runs": 3
    },
    "scroll-right": {
      "rangeStart": 0,
      "rangeEnd": 13607,
      "total": 13607,
      "categories": {
        "rendering": 314.18566666725866,
        "scripting": 361.3969999999849,
        "painting": 98.1750000002794,
        "other": 143.43399999825502,
        "idle": 12689.932866667572
      },
      "updateCounters": {
        "sampleCount": 860,
        "jsHeapMinBytes": 16416417.333333334,
        "jsHeapMaxBytes": 21413746.666666668,
        "jsHeapMinLabel": "16416 kb",
        "jsHeapMaxLabel": "21.4 Mb",
        "documentsMin": 2,
        "documentsMax": 2,
        "nodesMin": 1078,
        "nodesMax": 1109,
        "listenersMin": 158,
        "listenersMax": 158
      },
      "runs": 3
    },
    "scroll-up": {
      "rangeStart": 0,
      "rangeEnd": 14546,
      "total": 14546,
      "categories": {
        "other": 269.13900000305904,
        "rendering": 1741.2739999966386,
        "scripting": 1714.8856666676895,
        "painting": 399.7186666664202,
        "idle": 10420.686716666174
      },
      "updateCounters": {
        "sampleCount": 947,
        "jsHeapMinBytes": 27950621.333333332,
        "jsHeapMaxBytes": 50035741.333333336,
        "jsHeapMinLabel": "27951 kb",
        "jsHeapMaxLabel": "50.0 Mb",
        "documentsMin": 2,
        "documentsMax": 2,
        "nodesMin": 150273,
        "nodesMax": 150743,
        "listenersMin": 158,
        "listenersMax": 158
      },
      "runs": 3
    },
    "sorting": {
      "rangeStart": 0,
      "rangeEnd": 345,
      "total": 345,
      "categories": {
        "other": 337.98400000000214,
        "rendering": 0.08999999998680626,
        "scripting": 5.04676666667064,
        "painting": 0,
        "idle": 1.6850000000170742
      },
      "updateCounters": {
        "sampleCount": 2,
        "jsHeapMinBytes": 142064720,
        "jsHeapMaxBytes": 147436260,
        "jsHeapMinLabel": "142065 kb",
        "jsHeapMaxLabel": "147.4 Mb",
        "documentsMin": 4,
        "documentsMax": 4,
        "nodesMin": 1913,
        "nodesMax": 1915,
        "listenersMin": 145,
        "listenersMax": 145
      },
      "runs": 3,
      "hookTiming": 12.466666666674428
    }
  }
}