{
  "timestamp": "2026-06-22T13:11:28.745Z",
  "scenarios": {
    "cell-editing": {
      "rangeStart": 0,
      "rangeEnd": 2884,
      "total": 2884,
      "categories": {
        "other": 224.05666666644865,
        "rendering": 357.3799999999901,
        "scripting": 420.9083333333587,
        "painting": 48.941666666796664,
        "idle": 1833.1576666667436
      },
      "updateCounters": {
        "sampleCount": 2124,
        "jsHeapMinBytes": 15071788,
        "jsHeapMaxBytes": 29286960,
        "jsHeapMinLabel": "15072 kb",
        "jsHeapMaxLabel": "29.3 Mb",
        "documentsMin": 1,
        "documentsMax": 1,
        "nodesMin": 1032,
        "nodesMax": 1104,
        "listenersMin": 175,
        "listenersMax": 347
      },
      "runs": 3
    },
    "filtering": {
      "rangeStart": 0,
      "rangeEnd": 400,
      "total": 400,
      "categories": {
        "other": 373.5730000000021,
        "rendering": 10.383566666670959,
        "scripting": 14.844283333336314,
        "painting": 0,
        "idle": 1.3239999999980985
      },
      "updateCounters": {
        "sampleCount": 1,
        "jsHeapMinBytes": 158028318.66666666,
        "jsHeapMaxBytes": 158028318.66666666,
        "jsHeapMinLabel": "158028 kb",
        "jsHeapMaxLabel": "158.0 Mb",
        "documentsMin": 3,
        "documentsMax": 3,
        "nodesMin": 1980,
        "nodesMax": 1980,
        "listenersMin": 201,
        "listenersMax": 201
      },
      "runs": 3,
      "hookTiming": 2.3333333333333335
    },
    "scroll-down": {
      "rangeStart": 0,
      "rangeEnd": 16736,
      "total": 16736,
      "categories": {
        "other": 173.51700000101718,
        "rendering": 23.06633333316131,
        "painting": 24.583333333279977,
        "scripting": 138.9816666665951,
        "idle": 16375.893666665943
      },
      "updateCounters": {
        "sampleCount": 501,
        "jsHeapMinBytes": 26617640,
        "jsHeapMaxBytes": 27786809.333333332,
        "jsHeapMinLabel": "26618 kb",
        "jsHeapMaxLabel": "27.8 Mb",
        "documentsMin": 1,
        "documentsMax": 1,
        "nodesMin": 150271,
        "nodesMax": 150271,
        "listenersMin": 158,
        "listenersMax": 158
      },
      "runs": 3
    },
    "scroll-left": {
      "rangeStart": 0,
      "rangeEnd": 16703,
      "total": 16703,
      "categories": {
        "other": 567.0203333325552,
        "rendering": 2371.3963333335123,
        "scripting": 2655.179666666583,
        "painting": 814.3019999999378,
        "idle": 10295.235333334072
      },
      "updateCounters": {
        "sampleCount": 3041,
        "jsHeapMinBytes": 15805249.333333334,
        "jsHeapMaxBytes": 30683022.666666668,
        "jsHeapMinLabel": "15805 kb",
        "jsHeapMaxLabel": "30.7 Mb",
        "documentsMin": 1,
        "documentsMax": 1,
        "nodesMin": 1081,
        "nodesMax": 1081,
        "listenersMin": 158,
        "listenersMax": 158
      },
      "runs": 3
    },
    "scroll-right": {
      "rangeStart": 0,
      "rangeEnd": 13617,
      "total": 13617,
      "categories": {
        "rendering": 340.8990000011593,
        "scripting": 444.6179999997668,
        "painting": 132.1116666671975,
        "other": 189.82766666457132,
        "idle": 12509.130416667293
      },
      "updateCounters": {
        "sampleCount": 860,
        "jsHeapMinBytes": 16181713.333333334,
        "jsHeapMaxBytes": 24970480,
        "jsHeapMinLabel": "16182 kb",
        "jsHeapMaxLabel": "25.0 Mb",
        "documentsMin": 1,
        "documentsMax": 1,
        "nodesMin": 1081,
        "nodesMax": 1081,
        "listenersMin": 158,
        "listenersMax": 158
      },
      "runs": 3
    },
    "scroll-up": {
      "rangeStart": 0,
      "rangeEnd": 14548,
      "total": 14548,
      "categories": {
        "other": 287.88266666618347,
        "rendering": 1782.8709999993637,
        "scripting": 1662.7223333339919,
        "painting": 428.72700000011054,
        "idle": 10385.986250000327
      },
      "updateCounters": {
        "sampleCount": 928,
        "jsHeapMinBytes": 27818254.666666668,
        "jsHeapMaxBytes": 56584836,
        "jsHeapMinLabel": "27818 kb",
        "jsHeapMaxLabel": "56.6 Mb",
        "documentsMin": 1,
        "documentsMax": 1,
        "nodesMin": 150271,
        "nodesMax": 150273,
        "listenersMin": 158,
        "listenersMax": 158
      },
      "runs": 3
    },
    "sorting": {
      "rangeStart": 0,
      "rangeEnd": 399,
      "total": 399,
      "categories": {
        "other": 379.5250499999838,
        "rendering": 3.5654333333368413,
        "scripting": 14.857333333321847,
        "painting": 0,
        "idle": 1.2813333333275903
      },
      "updateCounters": {
        "sampleCount": 1,
        "jsHeapMinBytes": 153604080,
        "jsHeapMaxBytes": 153604080,
        "jsHeapMinLabel": "153604 kb",
        "jsHeapMaxLabel": "153.6 Mb",
        "documentsMin": 3,
        "documentsMax": 3,
        "nodesMin": 1909,
        "nodesMax": 1909,
        "listenersMin": 145,
        "listenersMax": 145
      },
      "runs": 3,
      "hookTiming": 4.433333333348855
    }
  }
}