{
  "timestamp": "2026-04-15T05:50:28.868Z",
  "scenarios": {
    "cell-editing": {
      "rangeStart": 0,
      "rangeEnd": 2957,
      "total": 2957,
      "categories": {
        "other": 264.6730000001166,
        "rendering": 269.10866666618193,
        "scripting": 500.5500000003521,
        "painting": 54.15466666655266,
        "idle": 1868.3346666667978
      },
      "updateCounters": {
        "sampleCount": 2102,
        "jsHeapMinBytes": 15812165.333333334,
        "jsHeapMaxBytes": 31560969.333333332,
        "jsHeapMinLabel": "15812 kb",
        "jsHeapMaxLabel": "31.6 Mb",
        "documentsMin": 2,
        "documentsMax": 2,
        "nodesMin": 1030,
        "nodesMax": 1144,
        "listenersMin": 174,
        "listenersMax": 408
      },
      "runs": 3
    },
    "filtering": {
      "rangeStart": 0,
      "rangeEnd": 378,
      "total": 378,
      "categories": {
        "other": 165.57166666666748,
        "scripting": 209.27309999999898,
        "rendering": 2.270633333333535,
        "painting": 0,
        "idle": 0.9663333333349632
      },
      "updateCounters": {
        "sampleCount": 1,
        "jsHeapMinBytes": 143625620,
        "jsHeapMaxBytes": 143625620,
        "jsHeapMinLabel": "143626 kb",
        "jsHeapMaxLabel": "143.6 Mb",
        "documentsMin": 4,
        "documentsMax": 4,
        "nodesMin": 1979,
        "nodesMax": 1979,
        "listenersMin": 199,
        "listenersMax": 199
      },
      "runs": 3,
      "hookTiming": 4.7333333333323635
    },
    "scroll-down": {
      "rangeStart": 0,
      "rangeEnd": 16726,
      "total": 16726,
      "categories": {
        "other": 198.40966666651832,
        "rendering": 23.950333333108574,
        "painting": 27.3816666668378,
        "scripting": 140.43933333321203,
        "idle": 16336.154000000324
      },
      "updateCounters": {
        "sampleCount": 501,
        "jsHeapMinBytes": 26769514.666666668,
        "jsHeapMaxBytes": 33120404,
        "jsHeapMinLabel": "26770 kb",
        "jsHeapMaxLabel": "33.1 Mb",
        "documentsMin": 2,
        "documentsMax": 2,
        "nodesMin": 150268,
        "nodesMax": 150329,
        "listenersMin": 156,
        "listenersMax": 156
      },
      "runs": 3
    },
    "scroll-left": {
      "rangeStart": 0,
      "rangeEnd": 16714,
      "total": 16714,
      "categories": {
        "other": 531.1506666681344,
        "rendering": 2348.9089999985104,
        "painting": 649.2400000000101,
        "scripting": 2565.790333333691,
        "idle": 10618.378999999657
      },
      "updateCounters": {
        "sampleCount": 3040,
        "jsHeapMinBytes": 15770074.666666666,
        "jsHeapMaxBytes": 34336514.666666664,
        "jsHeapMinLabel": "15770 kb",
        "jsHeapMaxLabel": "34.3 Mb",
        "documentsMin": 2,
        "documentsMax": 2,
        "nodesMin": 1078,
        "nodesMax": 1170,
        "listenersMin": 156,
        "listenersMax": 156
      },
      "runs": 3
    },
    "scroll-right": {
      "rangeStart": 0,
      "rangeEnd": 13611,
      "total": 13611,
      "categories": {
        "rendering": 351.63966666596633,
        "scripting": 430.2229999999109,
        "painting": 107.74399999963741,
        "other": 172.50533333542012,
        "idle": 12548.881899999067
      },
      "updateCounters": {
        "sampleCount": 861,
        "jsHeapMinBytes": 16113934.666666666,
        "jsHeapMaxBytes": 25501858.666666668,
        "jsHeapMinLabel": "16114 kb",
        "jsHeapMaxLabel": "25.5 Mb",
        "documentsMin": 2,
        "documentsMax": 2,
        "nodesMin": 1078,
        "nodesMax": 1120,
        "listenersMin": 156,
        "listenersMax": 156
      },
      "runs": 3
    },
    "scroll-up": {
      "rangeStart": 0,
      "rangeEnd": 14593,
      "total": 14593,
      "categories": {
        "other": 348.11300000044906,
        "rendering": 1982.4943333319195,
        "scripting": 2131.59200000011,
        "painting": 439.73733333325555,
        "idle": 9691.736750000913
      },
      "updateCounters": {
        "sampleCount": 945,
        "jsHeapMinBytes": 27611045.333333332,
        "jsHeapMaxBytes": 53628009.333333336,
        "jsHeapMinLabel": "27611 kb",
        "jsHeapMaxLabel": "53.6 Mb",
        "documentsMin": 2,
        "documentsMax": 2,
        "nodesMin": 150273,
        "nodesMax": 150689,
        "listenersMin": 156,
        "listenersMax": 156
      },
      "runs": 3
    },
    "sorting": {
      "rangeStart": 0,
      "rangeEnd": 371,
      "total": 371,
      "categories": {
        "other": 362.8406833332976,
        "rendering": 0.4339333333385487,
        "scripting": 5.008933333337307,
        "painting": 0,
        "idle": 2.340333333335972
      },
      "updateCounters": {
        "sampleCount": 2,
        "jsHeapMinBytes": 141543200,
        "jsHeapMaxBytes": 147154780,
        "jsHeapMinLabel": "141543 kb",
        "jsHeapMaxLabel": "147.2 Mb",
        "documentsMin": 4,
        "documentsMax": 4,
        "nodesMin": 1913,
        "nodesMax": 1915,
        "listenersMin": 143,
        "listenersMax": 143
      },
      "runs": 3,
      "hookTiming": 12.666666666666666
    }
  }
}