{
  "timestamp": "2026-07-02T08:01:30.484Z",
  "scenarios": {
    "cell-editing": {
      "rangeStart": 0,
      "rangeEnd": 2608,
      "total": 2608,
      "categories": {
        "other": 183.57666666611422,
        "rendering": 292.1776666669175,
        "scripting": 305.23699999995785,
        "painting": 36.154333333358714,
        "idle": 1791.2940000003193
      },
      "updateCounters": {
        "sampleCount": 2126,
        "jsHeapMinBytes": 11341448,
        "jsHeapMaxBytes": 19139564,
        "jsHeapMinLabel": "11341 kB",
        "jsHeapMaxLabel": "19.1 MB",
        "documentsMin": 1,
        "documentsMax": 1,
        "nodesMin": 769,
        "nodesMax": 1179,
        "listenersMin": 175,
        "listenersMax": 418
      },
      "runs": 3
    },
    "filtering": {
      "rangeStart": 0,
      "rangeEnd": 506,
      "total": 506,
      "categories": {
        "other": 491.5005666666645,
        "scripting": 14.108383333329888,
        "rendering": 0,
        "painting": 0,
        "idle": 1.0873333333341482
      },
      "updateCounters": {
        "sampleCount": 2,
        "jsHeapMinBytes": 314221541.3333333,
        "jsHeapMaxBytes": 322589352,
        "jsHeapMinLabel": "314222 kB",
        "jsHeapMaxLabel": "322.6 MB",
        "documentsMin": 3,
        "documentsMax": 3,
        "nodesMin": 1998,
        "nodesMax": 1999,
        "listenersMin": 209,
        "listenersMax": 209
      },
      "runs": 3,
      "hookTiming": 41.76666666666764
    },
    "initial-load": {
      "rangeStart": 0,
      "rangeEnd": 518,
      "total": 518,
      "categories": {
        "other": 475.42771666666744,
        "rendering": 8.528333333325767,
        "scripting": 32.910999999992974,
        "idle": 0.8353333333458673
      },
      "updateCounters": {
        "sampleCount": 2,
        "jsHeapMinBytes": 271412132,
        "jsHeapMaxBytes": 289088012,
        "jsHeapMinLabel": "271412 kB",
        "jsHeapMaxLabel": "289.1 MB",
        "documentsMin": 1,
        "documentsMax": 1,
        "nodesMin": 5397,
        "nodesMax": 7176,
        "listenersMin": 805,
        "listenersMax": 937
      },
      "runs": 3
    },
    "scroll-down": {
      "rangeStart": 0,
      "rangeEnd": 10249,
      "total": 10249,
      "categories": {
        "rendering": 839.3686666666908,
        "scripting": 741.4246666662044,
        "painting": 261.61666666654247,
        "other": 252.2413333340356,
        "idle": 8154.639466666525
      },
      "updateCounters": {
        "sampleCount": 901,
        "jsHeapMinBytes": 21712769.333333332,
        "jsHeapMaxBytes": 37465646.666666664,
        "jsHeapMinLabel": "21713 kB",
        "jsHeapMaxLabel": "37.5 MB",
        "documentsMin": 1,
        "documentsMax": 1,
        "nodesMin": 1754,
        "nodesMax": 1857,
        "listenersMin": 158,
        "listenersMax": 158
      },
      "runs": 3
    },
    "scroll-left": {
      "rangeStart": 0,
      "rangeEnd": 16690,
      "total": 16690,
      "categories": {
        "other": 473.8050000018964,
        "rendering": 1899.966333331812,
        "scripting": 2081.9803333332998,
        "painting": 639.1126666661585,
        "idle": 11594.810666666832
      },
      "updateCounters": {
        "sampleCount": 3063,
        "jsHeapMinBytes": 14347588,
        "jsHeapMaxBytes": 24026616,
        "jsHeapMinLabel": "14348 kB",
        "jsHeapMaxLabel": "24.0 MB",
        "documentsMin": 1,
        "documentsMax": 1,
        "nodesMin": 1081,
        "nodesMax": 1111,
        "listenersMin": 158,
        "listenersMax": 158
      },
      "runs": 3
    },
    "scroll-right": {
      "rangeStart": 0,
      "rangeEnd": 13581,
      "total": 13581,
      "categories": {
        "rendering": 255.78933333357176,
        "scripting": 318.39999999927886,
        "painting": 98.17699999983112,
        "other": 143.39366666765744,
        "idle": 12765.385149999676
      },
      "updateCounters": {
        "sampleCount": 863,
        "jsHeapMinBytes": 14944014.666666666,
        "jsHeapMaxBytes": 20045836,
        "jsHeapMinLabel": "14944 kB",
        "jsHeapMaxLabel": "20.0 MB",
        "documentsMin": 1,
        "documentsMax": 1,
        "nodesMin": 1051,
        "nodesMax": 1061,
        "listenersMin": 158,
        "listenersMax": 158
      },
      "runs": 3
    },
    "scroll-up": {
      "rangeStart": 0,
      "rangeEnd": 16721,
      "total": 16721,
      "categories": {
        "other": 667.2683333364931,
        "rendering": 3306.2596666682125,
        "painting": 1021.2513333332414,
        "scripting": 2656.989999996363,
        "idle": 9068.929666665694
      },
      "updateCounters": {
        "sampleCount": 2319,
        "jsHeapMinBytes": 21804740,
        "jsHeapMaxBytes": 49934990.666666664,
        "jsHeapMinLabel": "21805 kB",
        "jsHeapMaxLabel": "49.9 MB",
        "documentsMin": 1,
        "documentsMax": 1,
        "nodesMin": 1795,
        "nodesMax": 2064,
        "listenersMin": 158,
        "listenersMax": 158
      },
      "runs": 3
    },
    "sorting": {
      "rangeStart": 0,
      "rangeEnd": 590,
      "total": 590,
      "categories": {
        "other": 531.2803333334472,
        "scripting": 53.431249999991934,
        "rendering": 3.652333333312223,
        "painting": 1.1156666666890185,
        "idle": 0.7823333332392698
      },
      "updateCounters": {
        "sampleCount": 3,
        "jsHeapMinBytes": 355278526.6666667,
        "jsHeapMaxBytes": 357348328,
        "jsHeapMinLabel": "355279 kB",
        "jsHeapMaxLabel": "357.3 MB",
        "documentsMin": 3,
        "documentsMax": 3,
        "nodesMin": 1897,
        "nodesMax": 1897,
        "listenersMin": 145,
        "listenersMax": 145
      },
      "runs": 3,
      "hookTiming": 113.53333333334497
    },
    "source-data-validator-load": {
      "rangeStart": 0,
      "rangeEnd": 494,
      "total": 494,
      "categories": {
        "other": 475.5790000000399,
        "rendering": 0.4459999999768722,
        "scripting": 16.689383333322592,
        "painting": 0,
        "idle": 1.142666666652076
      },
      "updateCounters": {
        "sampleCount": 12,
        "jsHeapMinBytes": 279623336,
        "jsHeapMaxBytes": 288764930.6666667,
        "jsHeapMinLabel": "279623 kB",
        "jsHeapMaxLabel": "288.8 MB",
        "documentsMin": 1,
        "documentsMax": 1,
        "nodesMin": 3632,
        "nodesMax": 5389,
        "listenersMin": 556,
        "listenersMax": 673
      },
      "runs": 3
    }
  }
}