{
  "timestamp": "2026-05-13T11:38:20.035Z",
  "scenarios": {
    "cell-editing": {
      "rangeStart": 0,
      "rangeEnd": 2777,
      "total": 2777,
      "categories": {
        "other": 234.66399999999928,
        "rendering": 252.56500000014785,
        "scripting": 409.1729999999323,
        "painting": 49.75633333334796,
        "idle": 1831.0529999999126
      },
      "updateCounters": {
        "sampleCount": 2101,
        "jsHeapMinBytes": 15278744,
        "jsHeapMaxBytes": 29866152,
        "jsHeapMinLabel": "15279 kb",
        "jsHeapMaxLabel": "29.9 Mb",
        "documentsMin": 2,
        "documentsMax": 2,
        "nodesMin": 1030,
        "nodesMax": 1117,
        "listenersMin": 175,
        "listenersMax": 347
      },
      "runs": 3
    },
    "filtering": {
      "rangeStart": 0,
      "rangeEnd": 391,
      "total": 391,
      "categories": {
        "other": 375.3253333333409,
        "rendering": 1.9607333333260613,
        "scripting": 12.882433333332846,
        "painting": 0,
        "idle": 1.3099999999976717
      },
      "updateCounters": {
        "sampleCount": 1,
        "jsHeapMinBytes": 155860064,
        "jsHeapMaxBytes": 155860064,
        "jsHeapMinLabel": "155860 kb",
        "jsHeapMaxLabel": "155.9 Mb",
        "documentsMin": 4,
        "documentsMax": 4,
        "nodesMin": 1981,
        "nodesMax": 1981,
        "listenersMin": 201,
        "listenersMax": 201
      },
      "runs": 3,
      "hookTiming": 4.466666666669577
    },
    "scroll-down": {
      "rangeStart": 0,
      "rangeEnd": 16743,
      "total": 16743,
      "categories": {
        "other": 176.4930000000733,
        "rendering": 24.191666666331002,
        "painting": 24.727666666576017,
        "scripting": 143.6720000001143,
        "idle": 16374.463000000236
      },
      "updateCounters": {
        "sampleCount": 501,
        "jsHeapMinBytes": 26910105.333333332,
        "jsHeapMaxBytes": 30941316,
        "jsHeapMinLabel": "26910 kb",
        "jsHeapMaxLabel": "30.9 Mb",
        "documentsMin": 2,
        "documentsMax": 2,
        "nodesMin": 150268,
        "nodesMax": 150307,
        "listenersMin": 158,
        "listenersMax": 158
      },
      "runs": 3
    },
    "scroll-left": {
      "rangeStart": 0,
      "rangeEnd": 16724,
      "total": 16724,
      "categories": {
        "other": 540.1593333322432,
        "rendering": 2363.5166666666823,
        "painting": 662.870666666684,
        "scripting": 2331.569333332818,
        "idle": 10825.92433333491
      },
      "updateCounters": {
        "sampleCount": 3041,
        "jsHeapMinBytes": 16043381.333333334,
        "jsHeapMaxBytes": 30576933.333333332,
        "jsHeapMinLabel": "16043 kb",
        "jsHeapMaxLabel": "30.6 Mb",
        "documentsMin": 2,
        "documentsMax": 2,
        "nodesMin": 1078,
        "nodesMax": 1171,
        "listenersMin": 158,
        "listenersMax": 158
      },
      "runs": 3
    },
    "scroll-right": {
      "rangeStart": 0,
      "rangeEnd": 13602,
      "total": 13602,
      "categories": {
        "rendering": 347.8813333335177,
        "scripting": 386.62166666743116,
        "painting": 111.15533333312487,
        "other": 181.52199999915203,
        "idle": 12575.29678333345
      },
      "updateCounters": {
        "sampleCount": 860,
        "jsHeapMinBytes": 16434916,
        "jsHeapMaxBytes": 21432206.666666668,
        "jsHeapMinLabel": "16435 kb",
        "jsHeapMaxLabel": "21.4 Mb",
        "documentsMin": 2,
        "documentsMax": 2,
        "nodesMin": 1078,
        "nodesMax": 1109,
        "listenersMin": 158,
        "listenersMax": 158
      },
      "runs": 3
    },
    "scroll-up": {
      "rangeStart": 0,
      "rangeEnd": 14559,
      "total": 14559,
      "categories": {
        "other": 298.0213333367139,
        "rendering": 1874.5593333327367,
        "scripting": 1739.5683333336103,
        "painting": 420.49266666532884,
        "idle": 10226.19083333159
      },
      "updateCounters": {
        "sampleCount": 927,
        "jsHeapMinBytes": 28076229.333333332,
        "jsHeapMaxBytes": 56631328,
        "jsHeapMinLabel": "28076 kb",
        "jsHeapMaxLabel": "56.6 Mb",
        "documentsMin": 2,
        "documentsMax": 2,
        "nodesMin": 150275,
        "nodesMax": 150755,
        "listenersMin": 158,
        "listenersMax": 158
      },
      "runs": 3
    },
    "sorting": {
      "rangeStart": 0,
      "rangeEnd": 385,
      "total": 385,
      "categories": {
        "other": 375.31448333328143,
        "rendering": 1.75018333333234,
        "scripting": 6.104116666674614,
        "painting": 0.04300000002452483,
        "idle": 2.1663333333757087
      },
      "updateCounters": {
        "sampleCount": 2,
        "jsHeapMinBytes": 142233236,
        "jsHeapMaxBytes": 147601940,
        "jsHeapMinLabel": "142233 kb",
        "jsHeapMaxLabel": "147.6 Mb",
        "documentsMin": 4,
        "documentsMax": 4,
        "nodesMin": 1913,
        "nodesMax": 1915,
        "listenersMin": 145,
        "listenersMax": 145
      },
      "runs": 3,
      "hookTiming": 12.066666666670548
    }
  }
}