{
  "timestamp": "2026-05-05T11:43:44.885Z",
  "scenarios": {
    "cell-editing": {
      "rangeStart": 0,
      "rangeEnd": 2701,
      "total": 2701,
      "categories": {
        "other": 218.8980000004136,
        "rendering": 227.28300000011222,
        "scripting": 389.9859999995726,
        "painting": 42.781333333288785,
        "idle": 1822.350666666617
      },
      "updateCounters": {
        "sampleCount": 2103,
        "jsHeapMinBytes": 15259481.333333334,
        "jsHeapMaxBytes": 29057680,
        "jsHeapMinLabel": "15259 kb",
        "jsHeapMaxLabel": "29.1 Mb",
        "documentsMin": 2,
        "documentsMax": 2,
        "nodesMin": 1030,
        "nodesMax": 1101,
        "listenersMin": 175,
        "listenersMax": 317
      },
      "runs": 3
    },
    "filtering": {
      "rangeStart": 0,
      "rangeEnd": 353,
      "total": 353,
      "categories": {
        "other": 337.17213333333433,
        "rendering": 2.1718666666614204,
        "scripting": 11.928949999998013,
        "painting": 0,
        "idle": 1.3813333333382616
      },
      "updateCounters": {
        "sampleCount": 1,
        "jsHeapMinBytes": 155183572,
        "jsHeapMaxBytes": 155183572,
        "jsHeapMinLabel": "155184 kb",
        "jsHeapMaxLabel": "155.2 Mb",
        "documentsMin": 4,
        "documentsMax": 4,
        "nodesMin": 1981,
        "nodesMax": 1981,
        "listenersMin": 201,
        "listenersMax": 201
      },
      "runs": 3,
      "hookTiming": 4.60000000000097
    },
    "scroll-down": {
      "rangeStart": 0,
      "rangeEnd": 16709,
      "total": 16709,
      "categories": {
        "other": 145.9086666667184,
        "rendering": 19.59666666703318,
        "painting": 19.925333333473343,
        "scripting": 111.8326666666253,
        "idle": 16411.596999999474
      },
      "updateCounters": {
        "sampleCount": 501,
        "jsHeapMinBytes": 26918237.333333332,
        "jsHeapMaxBytes": 30287350.666666668,
        "jsHeapMinLabel": "26918 kb",
        "jsHeapMaxLabel": "30.3 Mb",
        "documentsMin": 2,
        "documentsMax": 2,
        "nodesMin": 150268,
        "nodesMax": 150305,
        "listenersMin": 158,
        "listenersMax": 158
      },
      "runs": 3
    },
    "scroll-left": {
      "rangeStart": 0,
      "rangeEnd": 16694,
      "total": 16694,
      "categories": {
        "other": 468.60966666674284,
        "rendering": 2061.8423333333435,
        "scripting": 2105.549333332864,
        "painting": 558.5716666670342,
        "idle": 11499.380666666684
      },
      "updateCounters": {
        "sampleCount": 3042,
        "jsHeapMinBytes": 15967349.333333334,
        "jsHeapMaxBytes": 30648861.333333332,
        "jsHeapMinLabel": "15967 kb",
        "jsHeapMaxLabel": "30.6 Mb",
        "documentsMin": 2,
        "documentsMax": 2,
        "nodesMin": 1078,
        "nodesMax": 1171,
        "listenersMin": 158,
        "listenersMax": 158
      },
      "runs": 3
    },
    "scroll-right": {
      "rangeStart": 0,
      "rangeEnd": 13602,
      "total": 13602,
      "categories": {
        "rendering": 305.1196666664716,
        "scripting": 347.5826666658924,
        "painting": 93.12766666572618,
        "other": 140.7973333346749,
        "idle": 12715.51755000058
      },
      "updateCounters": {
        "sampleCount": 860,
        "jsHeapMinBytes": 16417953.333333334,
        "jsHeapMaxBytes": 21415013.333333332,
        "jsHeapMinLabel": "16418 kb",
        "jsHeapMaxLabel": "21.4 Mb",
        "documentsMin": 2,
        "documentsMax": 2,
        "nodesMin": 1078,
        "nodesMax": 1109,
        "listenersMin": 158,
        "listenersMax": 158
      },
      "runs": 3
    },
    "scroll-up": {
      "rangeStart": 0,
      "rangeEnd": 14551,
      "total": 14551,
      "categories": {
        "other": 261.5336666679331,
        "rendering": 1715.8936666669906,
        "scripting": 1677.3733333326747,
        "painting": 379.1366666664059,
        "idle": 10517.257099999348
      },
      "updateCounters": {
        "sampleCount": 927,
        "jsHeapMinBytes": 28048157.333333332,
        "jsHeapMaxBytes": 56622492,
        "jsHeapMinLabel": "28048 kb",
        "jsHeapMaxLabel": "56.6 Mb",
        "documentsMin": 2,
        "documentsMax": 2,
        "nodesMin": 150274,
        "nodesMax": 150753,
        "listenersMin": 158,
        "listenersMax": 158
      },
      "runs": 3
    },
    "sorting": {
      "rangeStart": 0,
      "rangeEnd": 344,
      "total": 344,
      "categories": {
        "other": 336.97178333337183,
        "rendering": 0.08966666667644556,
        "scripting": 4.761666666666667,
        "painting": 0,
        "idle": 2.0276666666031815
      },
      "updateCounters": {
        "sampleCount": 2,
        "jsHeapMinBytes": 141769248,
        "jsHeapMaxBytes": 147135196,
        "jsHeapMinLabel": "141769 kb",
        "jsHeapMaxLabel": "147.1 Mb",
        "documentsMin": 4,
        "documentsMax": 4,
        "nodesMin": 1913,
        "nodesMax": 1915,
        "listenersMin": 145,
        "listenersMax": 145
      },
      "runs": 3,
      "hookTiming": 13.499999999980597
    }
  }
}