{
  "timestamp": "2026-05-21T06:27:31.847Z",
  "scenarios": {
    "cell-editing": {
      "rangeStart": 0,
      "rangeEnd": 2780,
      "total": 2780,
      "categories": {
        "other": 230.54199999995805,
        "rendering": 264.70100000006397,
        "scripting": 405.9919999998524,
        "painting": 50.759000000131586,
        "idle": 1828.344333333327
      },
      "updateCounters": {
        "sampleCount": 2101,
        "jsHeapMinBytes": 15304662.666666666,
        "jsHeapMaxBytes": 29329345.333333332,
        "jsHeapMinLabel": "15305 kb",
        "jsHeapMaxLabel": "29.3 Mb",
        "documentsMin": 2,
        "documentsMax": 2,
        "nodesMin": 1030,
        "nodesMax": 1113,
        "listenersMin": 175,
        "listenersMax": 339
      },
      "runs": 3
    },
    "filtering": {
      "rangeStart": 0,
      "rangeEnd": 332,
      "total": 332,
      "categories": {
        "other": 317.66604999999055,
        "rendering": 1.999666666679938,
        "scripting": 10.663116666662544,
        "painting": 0,
        "idle": 1.2106666666659294
      },
      "updateCounters": {
        "sampleCount": 1,
        "jsHeapMinBytes": 155836416,
        "jsHeapMaxBytes": 155836416,
        "jsHeapMinLabel": "155836 kb",
        "jsHeapMaxLabel": "155.8 Mb",
        "documentsMin": 4,
        "documentsMax": 4,
        "nodesMin": 1981,
        "nodesMax": 1981,
        "listenersMin": 201,
        "listenersMax": 201
      },
      "runs": 3,
      "hookTiming": 4.366666666663757
    },
    "scroll-down": {
      "rangeStart": 0,
      "rangeEnd": 16716,
      "total": 16716,
      "categories": {
        "other": 184.45533333268136,
        "rendering": 21.23433333321979,
        "painting": 22.90666666648273,
        "scripting": 133.54866666685862,
        "idle": 16353.923666667426
      },
      "updateCounters": {
        "sampleCount": 501,
        "jsHeapMinBytes": 26920958.666666668,
        "jsHeapMaxBytes": 30501973.333333332,
        "jsHeapMinLabel": "26921 kb",
        "jsHeapMaxLabel": "30.5 Mb",
        "documentsMin": 2,
        "documentsMax": 2,
        "nodesMin": 150268,
        "nodesMax": 150305,
        "listenersMin": 158,
        "listenersMax": 158
      },
      "runs": 3
    },
    "scroll-left": {
      "rangeStart": 0,
      "rangeEnd": 16712,
      "total": 16712,
      "categories": {
        "other": 576.8050000006907,
        "rendering": 2266.440000000022,
        "painting": 643.8613333334894,
        "scripting": 2274.4966666661694,
        "idle": 10950.945666666297
      },
      "updateCounters": {
        "sampleCount": 3042,
        "jsHeapMinBytes": 16051301.333333334,
        "jsHeapMaxBytes": 30681109.333333332,
        "jsHeapMinLabel": "16051 kb",
        "jsHeapMaxLabel": "30.7 Mb",
        "documentsMin": 2,
        "documentsMax": 2,
        "nodesMin": 1078,
        "nodesMax": 1170,
        "listenersMin": 158,
        "listenersMax": 158
      },
      "runs": 3
    },
    "scroll-right": {
      "rangeStart": 0,
      "rangeEnd": 13609,
      "total": 13609,
      "categories": {
        "rendering": 341.50200000039575,
        "scripting": 388.78866666724554,
        "painting": 111.27333333384983,
        "other": 212.1166666664517,
        "idle": 12555.519683332046
      },
      "updateCounters": {
        "sampleCount": 860,
        "jsHeapMinBytes": 16429578.666666666,
        "jsHeapMaxBytes": 24933140,
        "jsHeapMinLabel": "16430 kb",
        "jsHeapMaxLabel": "24.9 Mb",
        "documentsMin": 2,
        "documentsMax": 2,
        "nodesMin": 1078,
        "nodesMax": 1130,
        "listenersMin": 158,
        "listenersMax": 158
      },
      "runs": 3
    },
    "scroll-up": {
      "rangeStart": 0,
      "rangeEnd": 14546,
      "total": 14546,
      "categories": {
        "other": 309.78666666257965,
        "rendering": 1791.7583333340979,
        "scripting": 1723.5156666678456,
        "painting": 422.9900000002235,
        "idle": 10298.201850001913
      },
      "updateCounters": {
        "sampleCount": 927,
        "jsHeapMinBytes": 28093622.666666668,
        "jsHeapMaxBytes": 56654402.666666664,
        "jsHeapMinLabel": "28094 kb",
        "jsHeapMaxLabel": "56.7 Mb",
        "documentsMin": 2,
        "documentsMax": 2,
        "nodesMin": 150275,
        "nodesMax": 150755,
        "listenersMin": 158,
        "listenersMax": 158
      },
      "runs": 3
    },
    "sorting": {
      "rangeStart": 0,
      "rangeEnd": 343,
      "total": 343,
      "categories": {
        "other": 334.8483333333443,
        "rendering": 1.2178333333188978,
        "scripting": 5.145483333329359,
        "painting": 0.9506666666711681,
        "idle": 1.5333333333255723
      },
      "updateCounters": {
        "sampleCount": 2,
        "jsHeapMinBytes": 142204980,
        "jsHeapMaxBytes": 147585960,
        "jsHeapMinLabel": "142205 kb",
        "jsHeapMaxLabel": "147.6 Mb",
        "documentsMin": 4,
        "documentsMax": 4,
        "nodesMin": 1913,
        "nodesMax": 1915,
        "listenersMin": 145,
        "listenersMax": 145
      },
      "runs": 3,
      "hookTiming": 12.23333333331781
    }
  }
}