{
  "timestamp": "2026-04-17T11:42:15.366Z",
  "scenarios": {
    "cell-editing": {
      "rangeStart": 0,
      "rangeEnd": 2738,
      "total": 2738,
      "categories": {
        "other": 227.54433333319187,
        "rendering": 241.92366666669355,
        "scripting": 395.47666666665594,
        "painting": 46.04033333332336,
        "idle": 1826.8463333334657
      },
      "updateCounters": {
        "sampleCount": 2102,
        "jsHeapMinBytes": 15202489.333333334,
        "jsHeapMaxBytes": 28537142.666666668,
        "jsHeapMinLabel": "15202 kb",
        "jsHeapMaxLabel": "28.5 Mb",
        "documentsMin": 2,
        "documentsMax": 2,
        "nodesMin": 1030,
        "nodesMax": 1109,
        "listenersMin": 173,
        "listenersMax": 329
      },
      "runs": 3
    },
    "filtering": {
      "rangeStart": 0,
      "rangeEnd": 384,
      "total": 384,
      "categories": {
        "other": 368.12355000000235,
        "rendering": 1.8230000000088087,
        "scripting": 12.498516666665672,
        "painting": 0,
        "idle": 1.8586666666572758
      },
      "updateCounters": {
        "sampleCount": 1,
        "jsHeapMinBytes": 149397106,
        "jsHeapMaxBytes": 149397106,
        "jsHeapMinLabel": "149397 kb",
        "jsHeapMaxLabel": "149.4 Mb",
        "documentsMin": 4,
        "documentsMax": 4,
        "nodesMin": 1984,
        "nodesMax": 1984,
        "listenersMin": 199,
        "listenersMax": 199
      },
      "runs": 3,
      "hookTiming": 5.133333333336243
    },
    "scroll-down": {
      "rangeStart": 0,
      "rangeEnd": 16733,
      "total": 16733,
      "categories": {
        "other": 165.1946666668987,
        "rendering": 23.160333333265346,
        "painting": 23.332999999828946,
        "scripting": 136.7993333332771,
        "idle": 16383.967333333398
      },
      "updateCounters": {
        "sampleCount": 501,
        "jsHeapMinBytes": 26851553.333333332,
        "jsHeapMaxBytes": 30880757.333333332,
        "jsHeapMinLabel": "26852 kb",
        "jsHeapMaxLabel": "30.9 Mb",
        "documentsMin": 2,
        "documentsMax": 2,
        "nodesMin": 150268,
        "nodesMax": 150307,
        "listenersMin": 156,
        "listenersMax": 156
      },
      "runs": 3
    },
    "scroll-left": {
      "rangeStart": 0,
      "rangeEnd": 16706,
      "total": 16706,
      "categories": {
        "other": 498.5283333331226,
        "rendering": 2158.4553333334334,
        "scripting": 2119.642000000569,
        "painting": 606.1966666664424,
        "idle": 11322.801666666433
      },
      "updateCounters": {
        "sampleCount": 3041,
        "jsHeapMinBytes": 15973066.666666666,
        "jsHeapMaxBytes": 30601236,
        "jsHeapMinLabel": "15973 kb",
        "jsHeapMaxLabel": "30.6 Mb",
        "documentsMin": 2,
        "documentsMax": 2,
        "nodesMin": 1078,
        "nodesMax": 1172,
        "listenersMin": 156,
        "listenersMax": 156
      },
      "runs": 3
    },
    "scroll-right": {
      "rangeStart": 0,
      "rangeEnd": 13605,
      "total": 13605,
      "categories": {
        "rendering": 343.59199999979074,
        "scripting": 368.28366666773536,
        "painting": 108.05633333327326,
        "other": 169.33066666455775,
        "idle": 12615.43398333464
      },
      "updateCounters": {
        "sampleCount": 860,
        "jsHeapMinBytes": 16367090.666666666,
        "jsHeapMaxBytes": 21363738.666666668,
        "jsHeapMinLabel": "16367 kb",
        "jsHeapMaxLabel": "21.4 Mb",
        "documentsMin": 2,
        "documentsMax": 2,
        "nodesMin": 1078,
        "nodesMax": 1109,
        "listenersMin": 156,
        "listenersMax": 156
      },
      "runs": 3
    },
    "scroll-up": {
      "rangeStart": 0,
      "rangeEnd": 14563,
      "total": 14563,
      "categories": {
        "other": 293.05566666538647,
        "rendering": 1841.3043333322858,
        "scripting": 1696.5260000001726,
        "painting": 407.92966666819603,
        "idle": 10323.794600000625
      },
      "updateCounters": {
        "sampleCount": 927,
        "jsHeapMinBytes": 28007620,
        "jsHeapMaxBytes": 56562410.666666664,
        "jsHeapMinLabel": "28008 kb",
        "jsHeapMaxLabel": "56.6 Mb",
        "documentsMin": 2,
        "documentsMax": 2,
        "nodesMin": 150276,
        "nodesMax": 150755,
        "listenersMin": 156,
        "listenersMax": 156
      },
      "runs": 3
    },
    "sorting": {
      "rangeStart": 0,
      "rangeEnd": 382,
      "total": 382,
      "categories": {
        "other": 373.4861166666473,
        "rendering": 1.564499999997982,
        "scripting": 6.210166666666667,
        "painting": 0,
        "idle": 1.3609999999947224
      },
      "updateCounters": {
        "sampleCount": 1,
        "jsHeapMinBytes": 163559568,
        "jsHeapMaxBytes": 163559568,
        "jsHeapMinLabel": "163560 kb",
        "jsHeapMaxLabel": "163.6 Mb",
        "documentsMin": 4,
        "documentsMax": 4,
        "nodesMin": 1915,
        "nodesMax": 1915,
        "listenersMin": 143,
        "listenersMax": 143
      },
      "runs": 3,
      "hookTiming": 12.966666666655025
    }
  }
}