{
  "timestamp": "2026-06-22T06:18:39.037Z",
  "scenarios": {
    "cell-editing": {
      "rangeStart": 0,
      "rangeEnd": 2850,
      "total": 2850,
      "categories": {
        "other": 218.3240000001139,
        "rendering": 330.84166666671325,
        "scripting": 421.71866666648384,
        "painting": 43.415666666594916,
        "idle": 1836.060666666759
      },
      "updateCounters": {
        "sampleCount": 2126,
        "jsHeapMinBytes": 14976570.666666666,
        "jsHeapMaxBytes": 28080446.666666668,
        "jsHeapMinLabel": "14977 kb",
        "jsHeapMaxLabel": "28.1 Mb",
        "documentsMin": 1,
        "documentsMax": 1,
        "nodesMin": 1032,
        "nodesMax": 1091,
        "listenersMin": 175,
        "listenersMax": 306
      },
      "runs": 3
    },
    "filtering": {
      "rangeStart": 0,
      "rangeEnd": 349,
      "total": 349,
      "categories": {
        "other": 327.7382333333303,
        "rendering": 7.822266666669748,
        "scripting": 12.192849999999005,
        "painting": 0,
        "idle": 1.5210000000030657
      },
      "updateCounters": {
        "sampleCount": 1,
        "jsHeapMinBytes": 157674486.66666666,
        "jsHeapMaxBytes": 157674486.66666666,
        "jsHeapMinLabel": "157674 kb",
        "jsHeapMaxLabel": "157.7 Mb",
        "documentsMin": 3,
        "documentsMax": 3,
        "nodesMin": 1980,
        "nodesMax": 1980,
        "listenersMin": 201,
        "listenersMax": 201
      },
      "runs": 3,
      "hookTiming": 2.3333333333284827
    },
    "scroll-down": {
      "rangeStart": 0,
      "rangeEnd": 16712,
      "total": 16712,
      "categories": {
        "other": 142.58333333228202,
        "rendering": 18.861666666790068,
        "painting": 20.348666666725574,
        "scripting": 106.33133333356204,
        "idle": 16424.012333333972
      },
      "updateCounters": {
        "sampleCount": 501,
        "jsHeapMinBytes": 26608164,
        "jsHeapMaxBytes": 28210496,
        "jsHeapMinLabel": "26608 kb",
        "jsHeapMaxLabel": "28.2 Mb",
        "documentsMin": 1,
        "documentsMax": 1,
        "nodesMin": 150271,
        "nodesMax": 150271,
        "listenersMin": 158,
        "listenersMax": 158
      },
      "runs": 3
    },
    "scroll-left": {
      "rangeStart": 0,
      "rangeEnd": 16707,
      "total": 16707,
      "categories": {
        "other": 464.95033333381735,
        "rendering": 1935.3433333326927,
        "scripting": 2294.8600000013143,
        "painting": 646.4699999997392,
        "idle": 11365.137999999104
      },
      "updateCounters": {
        "sampleCount": 3041,
        "jsHeapMinBytes": 15790937.333333334,
        "jsHeapMaxBytes": 30889757.333333332,
        "jsHeapMinLabel": "15791 kb",
        "jsHeapMaxLabel": "30.9 Mb",
        "documentsMin": 1,
        "documentsMax": 1,
        "nodesMin": 1081,
        "nodesMax": 1081,
        "listenersMin": 158,
        "listenersMax": 158
      },
      "runs": 3
    },
    "scroll-right": {
      "rangeStart": 0,
      "rangeEnd": 13605,
      "total": 13605,
      "categories": {
        "rendering": 287.3250000010594,
        "scripting": 369.4470000002018,
        "painting": 107.73566666718882,
        "other": 146.90866666506153,
        "idle": 12693.228649999792
      },
      "updateCounters": {
        "sampleCount": 861,
        "jsHeapMinBytes": 16190822.666666666,
        "jsHeapMaxBytes": 21210926.666666668,
        "jsHeapMinLabel": "16191 kb",
        "jsHeapMaxLabel": "21.2 Mb",
        "documentsMin": 1,
        "documentsMax": 1,
        "nodesMin": 1081,
        "nodesMax": 1081,
        "listenersMin": 158,
        "listenersMax": 158
      },
      "runs": 3
    },
    "scroll-up": {
      "rangeStart": 0,
      "rangeEnd": 14540,
      "total": 14540,
      "categories": {
        "other": 268.9599999969833,
        "rendering": 1763.3346666685927,
        "scripting": 1683.2193333340995,
        "painting": 419.6409999997316,
        "idle": 10404.593516667277
      },
      "updateCounters": {
        "sampleCount": 928,
        "jsHeapMinBytes": 27773602.666666668,
        "jsHeapMaxBytes": 56553713.333333336,
        "jsHeapMinLabel": "27774 kb",
        "jsHeapMaxLabel": "56.6 Mb",
        "documentsMin": 1,
        "documentsMax": 1,
        "nodesMin": 150271,
        "nodesMax": 150273,
        "listenersMin": 158,
        "listenersMax": 158
      },
      "runs": 3
    },
    "sorting": {
      "rangeStart": 0,
      "rangeEnd": 351,
      "total": 351,
      "categories": {
        "other": 333.6245166666725,
        "rendering": 2.772816666692961,
        "scripting": 12.898816666682562,
        "painting": 0,
        "idle": 1.199666666643073
      },
      "updateCounters": null,
      "runs": 3,
      "hookTiming": 4.100000000015522
    }
  }
}