{
  "timestamp": "2026-06-01T10:39:18.364Z",
  "scenarios": {
    "cell-editing": {
      "rangeStart": 0,
      "rangeEnd": 2914,
      "total": 2914,
      "categories": {
        "other": 277.9236666662814,
        "rendering": 287.24199999987223,
        "scripting": 454.7126666671343,
        "painting": 55.31366666649895,
        "idle": 1838.2373333335563
      },
      "updateCounters": {
        "sampleCount": 2123,
        "jsHeapMinBytes": 16371073.333333334,
        "jsHeapMaxBytes": 34836025.333333336,
        "jsHeapMinLabel": "16371 kb",
        "jsHeapMaxLabel": "34.8 Mb",
        "documentsMin": 2,
        "documentsMax": 2,
        "nodesMin": 1039,
        "nodesMax": 1170,
        "listenersMin": 176,
        "listenersMax": 456
      },
      "runs": 3
    },
    "filtering": {
      "rangeStart": 0,
      "rangeEnd": 411,
      "total": 411,
      "categories": {
        "other": 394.2199000000091,
        "rendering": 2.8950166666666823,
        "scripting": 12.208683333337307,
        "painting": 0,
        "idle": 1.7066666666651145
      },
      "updateCounters": {
        "sampleCount": 1,
        "jsHeapMinBytes": 158422188,
        "jsHeapMaxBytes": 158422188,
        "jsHeapMinLabel": "158422 kb",
        "jsHeapMaxLabel": "158.4 Mb",
        "documentsMin": 4,
        "documentsMax": 4,
        "nodesMin": 1985,
        "nodesMax": 1985,
        "listenersMin": 201,
        "listenersMax": 201
      },
      "runs": 3,
      "hookTiming": 5.366666666668607
    },
    "scroll-down": {
      "rangeStart": 0,
      "rangeEnd": 16729,
      "total": 16729,
      "categories": {
        "other": 199.7423333329747,
        "rendering": 25.396333334142884,
        "painting": 26.74499999960729,
        "scripting": 151.93966666673495,
        "idle": 16325.770666666542
      },
      "updateCounters": {
        "sampleCount": 501,
        "jsHeapMinBytes": 27000108,
        "jsHeapMaxBytes": 29873260,
        "jsHeapMinLabel": "27000 kb",
        "jsHeapMaxLabel": "29.9 Mb",
        "documentsMin": 2,
        "documentsMax": 2,
        "nodesMin": 150270,
        "nodesMax": 150270,
        "listenersMin": 158,
        "listenersMax": 158
      },
      "runs": 3
    },
    "scroll-left": {
      "rangeStart": 0,
      "rangeEnd": 16706,
      "total": 16706,
      "categories": {
        "other": 519.7596666644841,
        "rendering": 2250.6810000015926,
        "painting": 749.0056666666642,
        "scripting": 2417.846666665712,
        "idle": 10768.297333334873
      },
      "updateCounters": {
        "sampleCount": 3040,
        "jsHeapMinBytes": 16162165.333333334,
        "jsHeapMaxBytes": 30256524,
        "jsHeapMinLabel": "16162 kb",
        "jsHeapMaxLabel": "30.3 Mb",
        "documentsMin": 2,
        "documentsMax": 2,
        "nodesMin": 1080,
        "nodesMax": 1080,
        "listenersMin": 158,
        "listenersMax": 158
      },
      "runs": 3
    },
    "scroll-right": {
      "rangeStart": 0,
      "rangeEnd": 8912,
      "total": 8912,
      "categories": {
        "painting": 122.32333333345984,
        "rendering": 341.8093333336292,
        "other": 163.16433333167745,
        "scripting": 461.9039999998569,
        "idle": 7823.095866668057
      },
      "updateCounters": {
        "sampleCount": 860,
        "jsHeapMinBytes": 16464704,
        "jsHeapMaxBytes": 25860566.666666668,
        "jsHeapMinLabel": "16465 kb",
        "jsHeapMaxLabel": "25.9 Mb",
        "documentsMin": 2,
        "documentsMax": 2,
        "nodesMin": 1080,
        "nodesMax": 1080,
        "listenersMin": 158,
        "listenersMax": 158
      },
      "runs": 3
    },
    "scroll-up": {
      "rangeStart": 0,
      "rangeEnd": 14551,
      "total": 14551,
      "categories": {
        "other": 378.54199999891404,
        "rendering": 1883.7960000010596,
        "scripting": 2041.3183333341105,
        "painting": 498.8189999998819,
        "idle": 9748.807816666027
      },
      "updateCounters": {
        "sampleCount": 953,
        "jsHeapMinBytes": 27976073.333333332,
        "jsHeapMaxBytes": 49793270.666666664,
        "jsHeapMinLabel": "27976 kb",
        "jsHeapMaxLabel": "49.8 Mb",
        "documentsMin": 2,
        "documentsMax": 2,
        "nodesMin": 150270,
        "nodesMax": 150274,
        "listenersMin": 158,
        "listenersMax": 158
      },
      "runs": 3
    },
    "sorting": {
      "rangeStart": 0,
      "rangeEnd": 397,
      "total": 397,
      "categories": {
        "other": 388.2806499999994,
        "rendering": 1.2367500000012417,
        "scripting": 6.695200000007947,
        "painting": 0,
        "idle": 1.2456666666742724
      },
      "updateCounters": {
        "sampleCount": 1,
        "jsHeapMinBytes": 161034952,
        "jsHeapMaxBytes": 161034952,
        "jsHeapMinLabel": "161035 kb",
        "jsHeapMaxLabel": "161.0 Mb",
        "documentsMin": 4,
        "documentsMax": 4,
        "nodesMin": 1911,
        "nodesMax": 1911,
        "listenersMin": 145,
        "listenersMax": 145
      },
      "runs": 3,
      "hookTiming": 12.466666666674428
    }
  }
}