{
  "timestamp": "2026-04-14T13:25:56.695Z",
  "scenarios": {
    "cell-editing": {
      "rangeStart": 0,
      "rangeEnd": 2830,
      "total": 2830,
      "categories": {
        "other": 244.6696666665157,
        "rendering": 237.70866666624593,
        "scripting": 461.8276666671857,
        "painting": 44.62933333334513,
        "idle": 1841.1773333333742
      },
      "updateCounters": {
        "sampleCount": 2100,
        "jsHeapMinBytes": 16065789.333333334,
        "jsHeapMaxBytes": 32696469.333333332,
        "jsHeapMinLabel": "16066 kb",
        "jsHeapMaxLabel": "32.7 Mb",
        "documentsMin": 2,
        "documentsMax": 2,
        "nodesMin": 1029,
        "nodesMax": 1151,
        "listenersMin": 174,
        "listenersMax": 414
      },
      "runs": 3
    },
    "filtering": {
      "rangeStart": 0,
      "rangeEnd": 376,
      "total": 376,
      "categories": {
        "other": 170.72699999998,
        "scripting": 201.36501666665768,
        "rendering": 2.2883333333496316,
        "painting": 0,
        "idle": 1.0806666666758247
      },
      "updateCounters": {
        "sampleCount": 2,
        "jsHeapMinBytes": 141546272,
        "jsHeapMaxBytes": 142701160,
        "jsHeapMinLabel": "141546 kb",
        "jsHeapMaxLabel": "142.7 Mb",
        "documentsMin": 4,
        "documentsMax": 4,
        "nodesMin": 1979,
        "nodesMax": 1979,
        "listenersMin": 199,
        "listenersMax": 199
      },
      "runs": 3,
      "hookTiming": 4.466666666664726
    },
    "scroll-down": {
      "rangeStart": 0,
      "rangeEnd": 16711,
      "total": 16711,
      "categories": {
        "other": 149.9720000008118,
        "rendering": 19.36166666673186,
        "painting": 20.5196666662038,
        "scripting": 112.88033333324937,
        "idle": 16408.132666666334
      },
      "updateCounters": {
        "sampleCount": 501,
        "jsHeapMinBytes": 26551990.666666668,
        "jsHeapMaxBytes": 27557758.666666668,
        "jsHeapMinLabel": "26552 kb",
        "jsHeapMaxLabel": "27.6 Mb",
        "documentsMin": 2,
        "documentsMax": 2,
        "nodesMin": 150268,
        "nodesMax": 150315,
        "listenersMin": 156,
        "listenersMax": 156
      },
      "runs": 3
    },
    "scroll-left": {
      "rangeStart": 0,
      "rangeEnd": 16690,
      "total": 16690,
      "categories": {
        "other": 485.5066666671203,
        "rendering": 2173.109666665725,
        "scripting": 2273.604333333437,
        "painting": 588.9843333332295,
        "idle": 11168.94666666716
      },
      "updateCounters": {
        "sampleCount": 3081,
        "jsHeapMinBytes": 15684476,
        "jsHeapMaxBytes": 27606436,
        "jsHeapMinLabel": "15684 kb",
        "jsHeapMaxLabel": "27.6 Mb",
        "documentsMin": 2,
        "documentsMax": 2,
        "nodesMin": 1078,
        "nodesMax": 1170,
        "listenersMin": 156,
        "listenersMax": 156
      },
      "runs": 3
    },
    "scroll-right": {
      "rangeStart": 0,
      "rangeEnd": 13603,
      "total": 13603,
      "categories": {
        "rendering": 329.1626666659916,
        "scripting": 397.49700000038774,
        "painting": 102.14966666615025,
        "other": 165.1339999995092,
        "idle": 12609.27708333463
      },
      "updateCounters": {
        "sampleCount": 861,
        "jsHeapMinBytes": 16022490.666666666,
        "jsHeapMaxBytes": 21141433.333333332,
        "jsHeapMinLabel": "16022 kb",
        "jsHeapMaxLabel": "21.1 Mb",
        "documentsMin": 2,
        "documentsMax": 2,
        "nodesMin": 1078,
        "nodesMax": 1109,
        "listenersMin": 156,
        "listenersMax": 156
      },
      "runs": 3
    },
    "scroll-up": {
      "rangeStart": 0,
      "rangeEnd": 14663,
      "total": 14663,
      "categories": {
        "other": 302.1656666643208,
        "rendering": 1803.6180000002303,
        "scripting": 2009.3320000002368,
        "painting": 427.8336666667795,
        "idle": 10120.179350001776
      },
      "updateCounters": {
        "sampleCount": 929,
        "jsHeapMinBytes": 27710396,
        "jsHeapMaxBytes": 58716356,
        "jsHeapMinLabel": "27710 kb",
        "jsHeapMaxLabel": "58.7 Mb",
        "documentsMin": 2,
        "documentsMax": 2,
        "nodesMin": 150273,
        "nodesMax": 150745,
        "listenersMin": 156,
        "listenersMax": 156
      },
      "runs": 3
    },
    "sorting": {
      "rangeStart": 0,
      "rangeEnd": 368,
      "total": 368,
      "categories": {
        "other": 359.4500166667248,
        "rendering": 0.2288833332907719,
        "scripting": 5.596383333325387,
        "painting": 0,
        "idle": 2.44933333331331
      },
      "updateCounters": {
        "sampleCount": 2,
        "jsHeapMinBytes": 141134540,
        "jsHeapMaxBytes": 146732780,
        "jsHeapMinLabel": "141135 kb",
        "jsHeapMaxLabel": "146.7 Mb",
        "documentsMin": 4,
        "documentsMax": 4,
        "nodesMin": 1913,
        "nodesMax": 1915,
        "listenersMin": 143,
        "listenersMax": 143
      },
      "runs": 3,
      "hookTiming": 13
    }
  }
}