{
  "timestamp": "2026-06-25T08:53:59.127Z",
  "scenarios": {
    "cell-editing": {
      "rangeStart": 0,
      "rangeEnd": 2833,
      "total": 2833,
      "categories": {
        "other": 209.17099999987093,
        "rendering": 343.16066666669695,
        "scripting": 404.3506666667237,
        "painting": 43.592666666649166,
        "idle": 1832.5673333333932
      },
      "updateCounters": {
        "sampleCount": 2125,
        "jsHeapMinBytes": 11961322.666666666,
        "jsHeapMaxBytes": 19913185.333333332,
        "jsHeapMinLabel": "11961 kB",
        "jsHeapMaxLabel": "19.9 MB",
        "documentsMin": 1,
        "documentsMax": 1,
        "nodesMin": 811,
        "nodesMax": 1113,
        "listenersMin": 176,
        "listenersMax": 342
      },
      "runs": 3
    },
    "filtering": {
      "rangeStart": 0,
      "rangeEnd": 689,
      "total": 689,
      "categories": {
        "other": 596.8396666666725,
        "rendering": 10.135333333314824,
        "scripting": 75.29261666666235,
        "painting": 1.123000000002018,
        "idle": 5.741000000013931
      },
      "updateCounters": {
        "sampleCount": 2,
        "jsHeapMinBytes": 368173412,
        "jsHeapMaxBytes": 389892300,
        "jsHeapMinLabel": "368173 kB",
        "jsHeapMaxLabel": "389.9 MB",
        "documentsMin": 2,
        "documentsMax": 2,
        "nodesMin": 1936,
        "nodesMax": 1937,
        "listenersMin": 204,
        "listenersMax": 204
      },
      "runs": 3,
      "hookTiming": 81.16666666666181
    },
    "initial-load": {
      "rangeStart": 0,
      "rangeEnd": 627,
      "total": 627,
      "categories": {
        "other": 539.5616666666909,
        "rendering": 10.293333333310633,
        "scripting": 76.15634999999423,
        "idle": 1.5753333333365542,
        "painting": 0
      },
      "updateCounters": {
        "sampleCount": 4,
        "jsHeapMinBytes": 308181750,
        "jsHeapMaxBytes": 311962346,
        "jsHeapMinLabel": "308182 kB",
        "jsHeapMaxLabel": "312.0 MB",
        "documentsMin": 1,
        "documentsMax": 1,
        "nodesMin": 5408,
        "nodesMax": 6283,
        "listenersMin": 748,
        "listenersMax": 805
      },
      "runs": 3
    },
    "scroll-down": {
      "rangeStart": 0,
      "rangeEnd": 14993,
      "total": 14993,
      "categories": {
        "rendering": 884.7036666677255,
        "scripting": 829.0756666672711,
        "painting": 271.6169999997849,
        "other": 237.4573333319195,
        "idle": 12769.85591666663
      },
      "updateCounters": {
        "sampleCount": 898,
        "jsHeapMinBytes": 38241050.666666664,
        "jsHeapMaxBytes": 49842549.333333336,
        "jsHeapMinLabel": "38241 kB",
        "jsHeapMaxLabel": "49.8 MB",
        "documentsMin": 1,
        "documentsMax": 1,
        "nodesMin": 1754,
        "nodesMax": 1857,
        "listenersMin": 158,
        "listenersMax": 158
      },
      "runs": 3
    },
    "scroll-left": {
      "rangeStart": 0,
      "rangeEnd": 16691,
      "total": 16691,
      "categories": {
        "other": 476.12166666546676,
        "rendering": 1977.2610000002217,
        "scripting": 2427.220333334101,
        "painting": 667.539666666756,
        "idle": 11142.315000000119
      },
      "updateCounters": {
        "sampleCount": 3056,
        "jsHeapMinBytes": 14594076,
        "jsHeapMaxBytes": 26615622.666666668,
        "jsHeapMinLabel": "14594 kB",
        "jsHeapMaxLabel": "26.6 MB",
        "documentsMin": 1,
        "documentsMax": 1,
        "nodesMin": 1081,
        "nodesMax": 1111,
        "listenersMin": 158,
        "listenersMax": 158
      },
      "runs": 3
    },
    "scroll-right": {
      "rangeStart": 0,
      "rangeEnd": 13598,
      "total": 13598,
      "categories": {
        "rendering": 287.93233333262225,
        "scripting": 396.52533333401556,
        "painting": 110.7573333325369,
        "other": 147.81966666626695,
        "idle": 12654.9385666679
      },
      "updateCounters": {
        "sampleCount": 863,
        "jsHeapMinBytes": 15208441.333333334,
        "jsHeapMaxBytes": 20175608,
        "jsHeapMinLabel": "15208 kB",
        "jsHeapMaxLabel": "20.2 MB",
        "documentsMin": 1,
        "documentsMax": 1,
        "nodesMin": 1051,
        "nodesMax": 1061,
        "listenersMin": 158,
        "listenersMax": 158
      },
      "runs": 3
    },
    "scroll-up": {
      "rangeStart": 0,
      "rangeEnd": 16780,
      "total": 16780,
      "categories": {
        "other": 743.0939999999072,
        "rendering": 4083.398666666491,
        "painting": 1221.1963333335782,
        "scripting": 3556.4860000008653,
        "idle": 7175.439666665819
      },
      "updateCounters": {
        "sampleCount": 2312,
        "jsHeapMinBytes": 34002277.333333336,
        "jsHeapMaxBytes": 61974234.666666664,
        "jsHeapMinLabel": "34002 kB",
        "jsHeapMaxLabel": "62.0 MB",
        "documentsMin": 1,
        "documentsMax": 1,
        "nodesMin": 1795,
        "nodesMax": 2167,
        "listenersMin": 158,
        "listenersMax": 158
      },
      "runs": 3
    },
    "sorting": {
      "rangeStart": 0,
      "rangeEnd": 764,
      "total": 764,
      "categories": {
        "painting": 0.5103333333584791,
        "rendering": 4.065333333293286,
        "other": 650.1253333332552,
        "scripting": 106.38808333334049,
        "idle": 2.8243333334297254
      },
      "updateCounters": {
        "sampleCount": 3,
        "jsHeapMinBytes": 401881296,
        "jsHeapMaxBytes": 408039316,
        "jsHeapMinLabel": "401881 kB",
        "jsHeapMaxLabel": "408.0 MB",
        "documentsMin": 2,
        "documentsMax": 2,
        "nodesMin": 1867,
        "nodesMax": 1867,
        "listenersMin": 145,
        "listenersMax": 145
      },
      "runs": 3,
      "hookTiming": 232.6333333333217
    },
    "source-data-validator-load": {
      "rangeStart": 0,
      "rangeEnd": 9428,
      "total": 9428,
      "categories": {
        "other": 1618.4863333331375,
        "rendering": 22.289999999979045,
        "scripting": 7782.57233333356,
        "painting": 0.021000000007916242,
        "idle": 5.093666666653007
      },
      "updateCounters": {
        "sampleCount": 61,
        "jsHeapMinBytes": 589561524,
        "jsHeapMaxBytes": 1381753241.3333333,
        "jsHeapMinLabel": "589562 kB",
        "jsHeapMaxLabel": "1381.8 MB",
        "documentsMin": 1,
        "documentsMax": 1,
        "nodesMin": 3587,
        "nodesMax": 4757,
        "listenersMin": 377,
        "listenersMax": 459
      },
      "runs": 3
    }
  }
}