{
  "timestamp": "2026-06-08T11:55:42.906Z",
  "scenarios": {
    "cell-editing": {
      "rangeStart": 0,
      "rangeEnd": 3016,
      "total": 3016,
      "categories": {
        "other": 267.6063333339478,
        "rendering": 310.36900000070455,
        "scripting": 486.73466666593123,
        "painting": 64.80966666666791,
        "idle": 1886.3776666660754
      },
      "updateCounters": {
        "sampleCount": 2124,
        "jsHeapMinBytes": 15424652,
        "jsHeapMaxBytes": 28122388,
        "jsHeapMinLabel": "15425 kb",
        "jsHeapMaxLabel": "28.1 Mb",
        "documentsMin": 2,
        "documentsMax": 2,
        "nodesMin": 1032,
        "nodesMax": 1112,
        "listenersMin": 175,
        "listenersMax": 328
      },
      "runs": 3
    },
    "filtering": {
      "rangeStart": 0,
      "rangeEnd": 371,
      "total": 371,
      "categories": {
        "other": 354.6562833333226,
        "rendering": 2.4549833333391384,
        "scripting": 12.554349999984105,
        "painting": 0,
        "idle": 1.3630000000315097
      },
      "updateCounters": {
        "sampleCount": 1,
        "jsHeapMinBytes": 158537880,
        "jsHeapMaxBytes": 158537880,
        "jsHeapMinLabel": "158538 kb",
        "jsHeapMaxLabel": "158.5 Mb",
        "documentsMin": 4,
        "documentsMax": 4,
        "nodesMin": 1985,
        "nodesMax": 1985,
        "listenersMin": 201,
        "listenersMax": 201
      },
      "runs": 3,
      "hookTiming": 4.566666666651145
    },
    "scroll-down": {
      "rangeStart": 0,
      "rangeEnd": 16731,
      "total": 16731,
      "categories": {
        "other": 220.74633333301108,
        "rendering": 25.94666666762593,
        "painting": 30.562666667004425,
        "scripting": 145.4323333338181,
        "idle": 16308.645666665223
      },
      "updateCounters": {
        "sampleCount": 501,
        "jsHeapMinBytes": 27012857.333333332,
        "jsHeapMaxBytes": 29889536,
        "jsHeapMinLabel": "27013 kb",
        "jsHeapMaxLabel": "29.9 Mb",
        "documentsMin": 2,
        "documentsMax": 2,
        "nodesMin": 150270,
        "nodesMax": 150270,
        "listenersMin": 158,
        "listenersMax": 158
      },
      "runs": 3
    },
    "scroll-left": {
      "rangeStart": 0,
      "rangeEnd": 16715,
      "total": 16715,
      "categories": {
        "other": 592.1436666613143,
        "rendering": 2409.3033333364488,
        "painting": 795.5283333348731,
        "scripting": 2752.8023333337537,
        "idle": 10164.77266666689
      },
      "updateCounters": {
        "sampleCount": 3040,
        "jsHeapMinBytes": 16170442.666666666,
        "jsHeapMaxBytes": 30193993.333333332,
        "jsHeapMinLabel": "16170 kb",
        "jsHeapMaxLabel": "30.2 Mb",
        "documentsMin": 2,
        "documentsMax": 2,
        "nodesMin": 1080,
        "nodesMax": 1080,
        "listenersMin": 158,
        "listenersMax": 158
      },
      "runs": 3
    },
    "scroll-right": {
      "rangeStart": 0,
      "rangeEnd": 8903,
      "total": 8903,
      "categories": {
        "rendering": 334.31333333378035,
        "scripting": 451.4143333327447,
        "painting": 121.83466666789415,
        "other": 178.74133333421437,
        "idle": 7816.14566666466
      },
      "updateCounters": {
        "sampleCount": 861,
        "jsHeapMinBytes": 16564230.666666666,
        "jsHeapMaxBytes": 25811422.666666668,
        "jsHeapMinLabel": "16564 kb",
        "jsHeapMaxLabel": "25.8 Mb",
        "documentsMin": 2,
        "documentsMax": 2,
        "nodesMin": 1080,
        "nodesMax": 1080,
        "listenersMin": 158,
        "listenersMax": 158
      },
      "runs": 3
    },
    "scroll-up": {
      "rangeStart": 0,
      "rangeEnd": 14541,
      "total": 14541,
      "categories": {
        "other": 412.3413333388592,
        "rendering": 1896.5906666673643,
        "scripting": 2082.7663333337364,
        "painting": 489.7056666664236,
        "idle": 9659.814633326992
      },
      "updateCounters": {
        "sampleCount": 953,
        "jsHeapMinBytes": 28151530.666666668,
        "jsHeapMaxBytes": 49796632,
        "jsHeapMinLabel": "28152 kb",
        "jsHeapMaxLabel": "49.8 Mb",
        "documentsMin": 2,
        "documentsMax": 2,
        "nodesMin": 150270,
        "nodesMax": 150274,
        "listenersMin": 158,
        "listenersMax": 158
      },
      "runs": 3
    },
    "sorting": {
      "rangeStart": 0,
      "rangeEnd": 373,
      "total": 373,
      "categories": {
        "other": 365.97795000002407,
        "rendering": 0,
        "scripting": 5.465849999984106,
        "painting": 0,
        "idle": 1.3500000000155221
      },
      "updateCounters": {
        "sampleCount": 1,
        "jsHeapMinBytes": 154445048,
        "jsHeapMaxBytes": 154445048,
        "jsHeapMinLabel": "154445 kb",
        "jsHeapMaxLabel": "154.4 Mb",
        "documentsMin": 4,
        "documentsMax": 4,
        "nodesMin": 1911,
        "nodesMax": 1911,
        "listenersMin": 145,
        "listenersMax": 145
      },
      "runs": 3,
      "hookTiming": 13.100000000015521
    }
  }
}