{
  "timestamp": "2026-05-18T12:29:39.249Z",
  "scenarios": {
    "cell-editing": {
      "rangeStart": 0,
      "rangeEnd": 2842,
      "total": 2842,
      "categories": {
        "other": 251.39300000001126,
        "rendering": 275.7989999997226,
        "scripting": 440.4103333335367,
        "painting": 57.55533333340039,
        "idle": 1816.4636666666677
      },
      "updateCounters": {
        "sampleCount": 2103,
        "jsHeapMinBytes": 15579698.666666666,
        "jsHeapMaxBytes": 27889398.666666668,
        "jsHeapMinLabel": "15580 kb",
        "jsHeapMaxLabel": "27.9 Mb",
        "documentsMin": 2,
        "documentsMax": 2,
        "nodesMin": 1029,
        "nodesMax": 1110,
        "listenersMin": 175,
        "listenersMax": 342
      },
      "runs": 3
    },
    "filtering": {
      "rangeStart": 0,
      "rangeEnd": 395,
      "total": 395,
      "categories": {
        "other": 377.6003333333253,
        "rendering": 2.2580000000064806,
        "scripting": 13.138799999996436,
        "painting": 0.4626166666615366,
        "idle": 1.2760000000077223
      },
      "updateCounters": {
        "sampleCount": 1,
        "jsHeapMinBytes": 155883944,
        "jsHeapMaxBytes": 155883944,
        "jsHeapMinLabel": "155884 kb",
        "jsHeapMaxLabel": "155.9 Mb",
        "documentsMin": 4,
        "documentsMax": 4,
        "nodesMin": 1981,
        "nodesMax": 1981,
        "listenersMin": 201,
        "listenersMax": 201
      },
      "runs": 3,
      "hookTiming": 4.4333333333343035
    },
    "scroll-down": {
      "rangeStart": 0,
      "rangeEnd": 16731,
      "total": 16731,
      "categories": {
        "other": 201.56300000040082,
        "rendering": 27.01133333281905,
        "painting": 26.901333333250175,
        "scripting": 157.45000000011478,
        "idle": 16318.17500000009
      },
      "updateCounters": {
        "sampleCount": 501,
        "jsHeapMinBytes": 26921316,
        "jsHeapMaxBytes": 30280650.666666668,
        "jsHeapMinLabel": "26921 kb",
        "jsHeapMaxLabel": "30.3 Mb",
        "documentsMin": 2,
        "documentsMax": 2,
        "nodesMin": 150268,
        "nodesMax": 150305,
        "listenersMin": 158,
        "listenersMax": 158
      },
      "runs": 3
    },
    "scroll-left": {
      "rangeStart": 0,
      "rangeEnd": 16712,
      "total": 16712,
      "categories": {
        "other": 594.1716666673163,
        "rendering": 2584.9210000007492,
        "painting": 729.9843333334526,
        "scripting": 2601.209999997649,
        "idle": 10201.77500000083
      },
      "updateCounters": {
        "sampleCount": 3042,
        "jsHeapMinBytes": 16020776,
        "jsHeapMaxBytes": 30618020,
        "jsHeapMinLabel": "16021 kb",
        "jsHeapMaxLabel": "30.6 Mb",
        "documentsMin": 2,
        "documentsMax": 2,
        "nodesMin": 1078,
        "nodesMax": 1173,
        "listenersMin": 158,
        "listenersMax": 158
      },
      "runs": 3
    },
    "scroll-right": {
      "rangeStart": 0,
      "rangeEnd": 13607,
      "total": 13607,
      "categories": {
        "rendering": 353.9376666655201,
        "scripting": 395.7830000001184,
        "painting": 113.70166666718433,
        "other": 178.59299999989025,
        "idle": 12564.89281666728
      },
      "updateCounters": {
        "sampleCount": 860,
        "jsHeapMinBytes": 16436246.666666666,
        "jsHeapMaxBytes": 21433312,
        "jsHeapMinLabel": "16436 kb",
        "jsHeapMaxLabel": "21.4 Mb",
        "documentsMin": 2,
        "documentsMax": 2,
        "nodesMin": 1078,
        "nodesMax": 1109,
        "listenersMin": 158,
        "listenersMax": 158
      },
      "runs": 3
    },
    "scroll-up": {
      "rangeStart": 0,
      "rangeEnd": 14564,
      "total": 14564,
      "categories": {
        "other": 304.42633333556086,
        "rendering": 1886.478666667613,
        "scripting": 1831.9436666643958,
        "painting": 444.2303333327097,
        "idle": 10096.655483333083
      },
      "updateCounters": {
        "sampleCount": 927,
        "jsHeapMinBytes": 28082744,
        "jsHeapMaxBytes": 56652252,
        "jsHeapMinLabel": "28083 kb",
        "jsHeapMaxLabel": "56.7 Mb",
        "documentsMin": 2,
        "documentsMax": 2,
        "nodesMin": 150275,
        "nodesMax": 150755,
        "listenersMin": 158,
        "listenersMax": 158
      },
      "runs": 3
    },
    "sorting": {
      "rangeStart": 0,
      "rangeEnd": 383,
      "total": 383,
      "categories": {
        "other": 374.7919499999769,
        "rendering": 0.9910499999726502,
        "scripting": 6.0705499999920525,
        "painting": 0,
        "idle": 1.6723333333696548
      },
      "updateCounters": {
        "sampleCount": 2,
        "jsHeapMinBytes": 141926536,
        "jsHeapMaxBytes": 147301056,
        "jsHeapMinLabel": "141927 kb",
        "jsHeapMaxLabel": "147.3 Mb",
        "documentsMin": 4,
        "documentsMax": 4,
        "nodesMin": 1913,
        "nodesMax": 1915,
        "listenersMin": 145,
        "listenersMax": 145
      },
      "runs": 3,
      "hookTiming": 12.533333333344975
    }
  }
}