{
  "timestamp": "2026-05-19T13:56:46.606Z",
  "scenarios": {
    "cell-editing": {
      "rangeStart": 0,
      "rangeEnd": 2690,
      "total": 2690,
      "categories": {
        "other": 215.48766666633028,
        "rendering": 240.76966666677131,
        "scripting": 383.07633333335775,
        "painting": 44.71166666663097,
        "idle": 1806.154333333577
      },
      "updateCounters": {
        "sampleCount": 2102,
        "jsHeapMinBytes": 15257949.333333334,
        "jsHeapMaxBytes": 28963138.666666668,
        "jsHeapMinLabel": "15258 kb",
        "jsHeapMaxLabel": "29.0 Mb",
        "documentsMin": 2,
        "documentsMax": 2,
        "nodesMin": 1030,
        "nodesMax": 1111,
        "listenersMin": 175,
        "listenersMax": 335
      },
      "runs": 3
    },
    "filtering": {
      "rangeStart": 0,
      "rangeEnd": 332,
      "total": 332,
      "categories": {
        "other": 317.716533333324,
        "rendering": 1.6420000000071013,
        "scripting": 11.260433333335172,
        "painting": 0,
        "idle": 1.2160000000003492
      },
      "updateCounters": {
        "sampleCount": 1,
        "jsHeapMinBytes": 155884548,
        "jsHeapMaxBytes": 155884548,
        "jsHeapMinLabel": "155885 kb",
        "jsHeapMaxLabel": "155.9 Mb",
        "documentsMin": 4,
        "documentsMax": 4,
        "nodesMin": 1981,
        "nodesMax": 1981,
        "listenersMin": 201,
        "listenersMax": 201
      },
      "runs": 3,
      "hookTiming": 4.50000000000485
    },
    "scroll-down": {
      "rangeStart": 0,
      "rangeEnd": 16720,
      "total": 16720,
      "categories": {
        "other": 174.25666666694437,
        "rendering": 19.838999999366933,
        "painting": 21.745666666708228,
        "scripting": 134.5303333333142,
        "idle": 16369.678000000335
      },
      "updateCounters": {
        "sampleCount": 501,
        "jsHeapMinBytes": 26920724,
        "jsHeapMaxBytes": 33550848,
        "jsHeapMinLabel": "26921 kb",
        "jsHeapMaxLabel": "33.6 Mb",
        "documentsMin": 2,
        "documentsMax": 2,
        "nodesMin": 150268,
        "nodesMax": 150315,
        "listenersMin": 158,
        "listenersMax": 158
      },
      "runs": 3
    },
    "scroll-left": {
      "rangeStart": 0,
      "rangeEnd": 16698,
      "total": 16698,
      "categories": {
        "other": 546.1406666674751,
        "rendering": 2204.6106666668397,
        "scripting": 2249.6053333333925,
        "painting": 640.5793333332307,
        "idle": 11056.969333332401
      },
      "updateCounters": {
        "sampleCount": 3091,
        "jsHeapMinBytes": 15995014.666666666,
        "jsHeapMaxBytes": 27354430.666666668,
        "jsHeapMinLabel": "15995 kb",
        "jsHeapMaxLabel": "27.4 Mb",
        "documentsMin": 2,
        "documentsMax": 2,
        "nodesMin": 1078,
        "nodesMax": 1177,
        "listenersMin": 158,
        "listenersMax": 158
      },
      "runs": 3
    },
    "scroll-right": {
      "rangeStart": 0,
      "rangeEnd": 13600,
      "total": 13600,
      "categories": {
        "rendering": 315.72666666803224,
        "scripting": 362.07166666648874,
        "painting": 101.03700000014699,
        "other": 168.93800000113185,
        "idle": 12652.100449997553
      },
      "updateCounters": {
        "sampleCount": 860,
        "jsHeapMinBytes": 16436778.666666666,
        "jsHeapMaxBytes": 21434068,
        "jsHeapMinLabel": "16437 kb",
        "jsHeapMaxLabel": "21.4 Mb",
        "documentsMin": 2,
        "documentsMax": 2,
        "nodesMin": 1078,
        "nodesMax": 1109,
        "listenersMin": 158,
        "listenersMax": 158
      },
      "runs": 3
    },
    "scroll-up": {
      "rangeStart": 0,
      "rangeEnd": 14534,
      "total": 14534,
      "categories": {
        "other": 291.4516666644632,
        "rendering": 1724.7383333323912,
        "scripting": 1686.0726666689588,
        "painting": 399.7106666667581,
        "idle": 10432.545500000764
      },
      "updateCounters": {
        "sampleCount": 927,
        "jsHeapMinBytes": 28095320,
        "jsHeapMaxBytes": 56664904,
        "jsHeapMinLabel": "28095 kb",
        "jsHeapMaxLabel": "56.7 Mb",
        "documentsMin": 2,
        "documentsMax": 2,
        "nodesMin": 150275,
        "nodesMax": 150755,
        "listenersMin": 158,
        "listenersMax": 158
      },
      "runs": 3
    },
    "sorting": {
      "rangeStart": 0,
      "rangeEnd": 326,
      "total": 326,
      "categories": {
        "other": 319.51958333335307,
        "rendering": 0.9791499999701045,
        "scripting": 4.75648333332936,
        "painting": 0.021999999997206032,
        "idle": 1.3119999999956538
      },
      "updateCounters": {
        "sampleCount": 2,
        "jsHeapMinBytes": 142252828,
        "jsHeapMaxBytes": 147624000,
        "jsHeapMinLabel": "142253 kb",
        "jsHeapMaxLabel": "147.6 Mb",
        "documentsMin": 4,
        "documentsMax": 4,
        "nodesMin": 1913,
        "nodesMax": 1915,
        "listenersMin": 145,
        "listenersMax": 145
      },
      "runs": 3,
      "hookTiming": 12.666666666647265
    }
  }
}