{
  "timestamp": "2026-05-12T08:24:38.943Z",
  "scenarios": {
    "cell-editing": {
      "rangeStart": 0,
      "rangeEnd": 2719,
      "total": 2719,
      "categories": {
        "other": 218.6659999989462,
        "rendering": 228.57666666614628,
        "scripting": 395.15866666755136,
        "painting": 45.73766666656593,
        "idle": 1831.0136666674614
      },
      "updateCounters": {
        "sampleCount": 2103,
        "jsHeapMinBytes": 15286373.333333334,
        "jsHeapMaxBytes": 28672678.666666668,
        "jsHeapMinLabel": "15286 kb",
        "jsHeapMaxLabel": "28.7 Mb",
        "documentsMin": 2,
        "documentsMax": 2,
        "nodesMin": 1030,
        "nodesMax": 1109,
        "listenersMin": 175,
        "listenersMax": 331
      },
      "runs": 3
    },
    "filtering": {
      "rangeStart": 0,
      "rangeEnd": 364,
      "total": 364,
      "categories": {
        "other": 347.8401666666817,
        "rendering": 1.9366666666561894,
        "scripting": 12.064850000003974,
        "painting": 0,
        "idle": 1.5696666666578192
      },
      "updateCounters": {
        "sampleCount": 1,
        "jsHeapMinBytes": 143200256,
        "jsHeapMaxBytes": 143200256,
        "jsHeapMinLabel": "143200 kb",
        "jsHeapMaxLabel": "143.2 Mb",
        "documentsMin": 4,
        "documentsMax": 4,
        "nodesMin": 1987,
        "nodesMax": 1987,
        "listenersMin": 201,
        "listenersMax": 201
      },
      "runs": 3,
      "hookTiming": 4.599999999996119
    },
    "scroll-down": {
      "rangeStart": 0,
      "rangeEnd": 16722,
      "total": 16722,
      "categories": {
        "other": 163.68899999988466,
        "rendering": 22.693333333435778,
        "painting": 23.43466666666791,
        "scripting": 127.2046666667761,
        "idle": 16384.67699999991
      },
      "updateCounters": {
        "sampleCount": 501,
        "jsHeapMinBytes": 26900274.666666668,
        "jsHeapMaxBytes": 29606274.666666668,
        "jsHeapMinLabel": "26900 kb",
        "jsHeapMaxLabel": "29.6 Mb",
        "documentsMin": 2,
        "documentsMax": 2,
        "nodesMin": 150268,
        "nodesMax": 150303,
        "listenersMin": 158,
        "listenersMax": 158
      },
      "runs": 3
    },
    "scroll-left": {
      "rangeStart": 0,
      "rangeEnd": 16718,
      "total": 16718,
      "categories": {
        "other": 544.0773333328909,
        "rendering": 2348.713333331223,
        "painting": 648.3636666672343,
        "scripting": 2430.6966666684625,
        "idle": 10746.227666666839
      },
      "updateCounters": {
        "sampleCount": 3041,
        "jsHeapMinBytes": 16043034.666666666,
        "jsHeapMaxBytes": 30683229.333333332,
        "jsHeapMinLabel": "16043 kb",
        "jsHeapMaxLabel": "30.7 Mb",
        "documentsMin": 2,
        "documentsMax": 2,
        "nodesMin": 1078,
        "nodesMax": 1171,
        "listenersMin": 158,
        "listenersMax": 158
      },
      "runs": 3
    },
    "scroll-right": {
      "rangeStart": 0,
      "rangeEnd": 13608,
      "total": 13608,
      "categories": {
        "rendering": 352.0933333322561,
        "scripting": 407.6170000000414,
        "painting": 110.85033333357812,
        "other": 190.0006666686246,
        "idle": 12547.14139999882
      },
      "updateCounters": {
        "sampleCount": 860,
        "jsHeapMinBytes": 16436641.333333334,
        "jsHeapMaxBytes": 21433797.333333332,
        "jsHeapMinLabel": "16437 kb",
        "jsHeapMaxLabel": "21.4 Mb",
        "documentsMin": 2,
        "documentsMax": 2,
        "nodesMin": 1078,
        "nodesMax": 1109,
        "listenersMin": 158,
        "listenersMax": 158
      },
      "runs": 3
    },
    "scroll-up": {
      "rangeStart": 0,
      "rangeEnd": 14553,
      "total": 14553,
      "categories": {
        "other": 286.10766666602996,
        "rendering": 1836.4110000009532,
        "scripting": 1820.4056666669665,
        "painting": 405.95766666680964,
        "idle": 10203.741349999249
      },
      "updateCounters": {
        "sampleCount": 927,
        "jsHeapMinBytes": 28081717.333333332,
        "jsHeapMaxBytes": 56650177.333333336,
        "jsHeapMinLabel": "28082 kb",
        "jsHeapMaxLabel": "56.7 Mb",
        "documentsMin": 2,
        "documentsMax": 2,
        "nodesMin": 150274,
        "nodesMax": 150754,
        "listenersMin": 158,
        "listenersMax": 158
      },
      "runs": 3
    },
    "sorting": {
      "rangeStart": 0,
      "rangeEnd": 359,
      "total": 359,
      "categories": {
        "other": 169.91880000006827,
        "scripting": 180.59566666664526,
        "rendering": 4.137666666647419,
        "painting": 1.0806666666564222,
        "idle": 2.6453333333095848
      },
      "updateCounters": {
        "sampleCount": 2,
        "jsHeapMinBytes": 141657524,
        "jsHeapMaxBytes": 142719892,
        "jsHeapMinLabel": "141658 kb",
        "jsHeapMaxLabel": "142.7 Mb",
        "documentsMin": 4,
        "documentsMax": 4,
        "nodesMin": 1913,
        "nodesMax": 1913,
        "listenersMin": 145,
        "listenersMax": 145
      },
      "runs": 3,
      "hookTiming": 12.700000000011642
    }
  }
}