{
  "timestamp": "2026-05-15T11:06:50.715Z",
  "scenarios": {
    "cell-editing": {
      "rangeStart": 0,
      "rangeEnd": 2878,
      "total": 2878,
      "categories": {
        "other": 244.50799999999677,
        "rendering": 278.5160000010607,
        "scripting": 449.3743333327341,
        "painting": 56.46133333352433,
        "idle": 1848.9223333326906
      },
      "updateCounters": {
        "sampleCount": 2101,
        "jsHeapMinBytes": 15252889.333333334,
        "jsHeapMaxBytes": 29764429.333333332,
        "jsHeapMinLabel": "15253 kb",
        "jsHeapMaxLabel": "29.8 Mb",
        "documentsMin": 2,
        "documentsMax": 2,
        "nodesMin": 1030,
        "nodesMax": 1117,
        "listenersMin": 176,
        "listenersMax": 347
      },
      "runs": 3
    },
    "filtering": {
      "rangeStart": 0,
      "rangeEnd": 355,
      "total": 355,
      "categories": {
        "other": 338.3458833333769,
        "rendering": 2.510116666633015,
        "scripting": 12.714350000003975,
        "painting": 0,
        "idle": 1.2806666666680637
      },
      "updateCounters": {
        "sampleCount": 1,
        "jsHeapMinBytes": 155554232,
        "jsHeapMaxBytes": 155554232,
        "jsHeapMinLabel": "155554 kb",
        "jsHeapMaxLabel": "155.6 Mb",
        "documentsMin": 4,
        "documentsMax": 4,
        "nodesMin": 1981,
        "nodesMax": 1981,
        "listenersMin": 201,
        "listenersMax": 201
      },
      "runs": 3,
      "hookTiming": 4.566666666651145
    },
    "scroll-down": {
      "rangeStart": 0,
      "rangeEnd": 16717,
      "total": 16717,
      "categories": {
        "other": 189.22199999932263,
        "rendering": 23.356333332679544,
        "painting": 26.505666667304467,
        "scripting": 130.6553333336947,
        "idle": 16347.456666667014
      },
      "updateCounters": {
        "sampleCount": 501,
        "jsHeapMinBytes": 26918002.666666668,
        "jsHeapMaxBytes": 29614598.666666668,
        "jsHeapMinLabel": "26918 kb",
        "jsHeapMaxLabel": "29.6 Mb",
        "documentsMin": 2,
        "documentsMax": 2,
        "nodesMin": 150268,
        "nodesMax": 150303,
        "listenersMin": 158,
        "listenersMax": 158
      },
      "runs": 3
    },
    "scroll-left": {
      "rangeStart": 0,
      "rangeEnd": 16723,
      "total": 16723,
      "categories": {
        "other": 538.8709999985814,
        "rendering": 2267.879666665666,
        "painting": 636.4886666671567,
        "scripting": 2397.8116666664973,
        "idle": 10881.82266666876
      },
      "updateCounters": {
        "sampleCount": 3041,
        "jsHeapMinBytes": 16045321.333333334,
        "jsHeapMaxBytes": 30584394.666666668,
        "jsHeapMinLabel": "16045 kb",
        "jsHeapMaxLabel": "30.6 Mb",
        "documentsMin": 2,
        "documentsMax": 2,
        "nodesMin": 1078,
        "nodesMax": 1171,
        "listenersMin": 158,
        "listenersMax": 158
      },
      "runs": 3
    },
    "scroll-right": {
      "rangeStart": 0,
      "rangeEnd": 13606,
      "total": 13606,
      "categories": {
        "rendering": 338.25900000188267,
        "scripting": 399.18500000027893,
        "painting": 108.9800000001754,
        "other": 189.39466666497182,
        "idle": 12570.098616666006
      },
      "updateCounters": {
        "sampleCount": 860,
        "jsHeapMinBytes": 16430688,
        "jsHeapMaxBytes": 21428738.666666668,
        "jsHeapMinLabel": "16431 kb",
        "jsHeapMaxLabel": "21.4 Mb",
        "documentsMin": 2,
        "documentsMax": 2,
        "nodesMin": 1078,
        "nodesMax": 1109,
        "listenersMin": 158,
        "listenersMax": 158
      },
      "runs": 3
    },
    "scroll-up": {
      "rangeStart": 0,
      "rangeEnd": 14558,
      "total": 14558,
      "categories": {
        "other": 300.12733332789225,
        "rendering": 1820.1106666661926,
        "scripting": 1826.9676666698163,
        "painting": 429.28466666712967,
        "idle": 10181.438100002319
      },
      "updateCounters": {
        "sampleCount": 927,
        "jsHeapMinBytes": 28052365.333333332,
        "jsHeapMaxBytes": 56627914.666666664,
        "jsHeapMinLabel": "28052 kb",
        "jsHeapMaxLabel": "56.6 Mb",
        "documentsMin": 2,
        "documentsMax": 2,
        "nodesMin": 150275,
        "nodesMax": 150755,
        "listenersMin": 158,
        "listenersMax": 158
      },
      "runs": 3
    },
    "sorting": {
      "rangeStart": 0,
      "rangeEnd": 349,
      "total": 349,
      "categories": {
        "other": 342.1091000000058,
        "rendering": 0.14621666663636765,
        "scripting": 4.354666666666666,
        "painting": 0,
        "idle": 1.7946666666927438
      },
      "updateCounters": {
        "sampleCount": 2,
        "jsHeapMinBytes": 141846828,
        "jsHeapMaxBytes": 147221484,
        "jsHeapMinLabel": "141847 kb",
        "jsHeapMaxLabel": "147.2 Mb",
        "documentsMin": 4,
        "documentsMax": 4,
        "nodesMin": 1913,
        "nodesMax": 1915,
        "listenersMin": 145,
        "listenersMax": 145
      },
      "runs": 3,
      "hookTiming": 12.63333333330229
    }
  }
}