{
  "timestamp": "2026-06-25T06:56:45.066Z",
  "scenarios": {
    "cell-editing": {
      "rangeStart": 0,
      "rangeEnd": 2943,
      "total": 2943,
      "categories": {
        "other": 210.2386666664295,
        "rendering": 382.9143333335572,
        "scripting": 438.11133333319793,
        "painting": 48.51200000010431,
        "idle": 1862.9513333333744
      },
      "updateCounters": {
        "sampleCount": 2124,
        "jsHeapMinBytes": 12822150.666666666,
        "jsHeapMaxBytes": 21993892,
        "jsHeapMinLabel": "12822 kb",
        "jsHeapMaxLabel": "22.0 Mb",
        "documentsMin": 1,
        "documentsMax": 1,
        "nodesMin": 831,
        "nodesMax": 1163,
        "listenersMin": 195,
        "listenersMax": 390
      },
      "runs": 3
    },
    "filtering": {
      "rangeStart": 0,
      "rangeEnd": 216,
      "total": 216,
      "categories": {
        "other": 176.74733333334825,
        "rendering": 14.622333333327939,
        "scripting": 20.664750000000232,
        "painting": 1.2146666666667443,
        "idle": 2.518999999985681
      },
      "updateCounters": {
        "sampleCount": 1,
        "jsHeapMinBytes": 48886376,
        "jsHeapMaxBytes": 48994870.666666664,
        "jsHeapMinLabel": "48886 kb",
        "jsHeapMaxLabel": "49.0 Mb",
        "documentsMin": 5,
        "documentsMax": 5,
        "nodesMin": 2007,
        "nodesMax": 2007,
        "listenersMin": 209,
        "listenersMax": 209
      },
      "runs": 3,
      "hookTiming": 1.6000000000009702
    },
    "scroll-down": {
      "rangeStart": 0,
      "rangeEnd": 16668,
      "total": 16668,
      "categories": {
        "other": 138.16300000077774,
        "rendering": 20.18833333333411,
        "painting": 21.893333333272796,
        "scripting": 62.53899999994979,
        "idle": 16425.34966666599
      },
      "updateCounters": {
        "sampleCount": 501,
        "jsHeapMinBytes": 13610786.666666666,
        "jsHeapMaxBytes": 15039324,
        "jsHeapMinLabel": "13611 kb",
        "jsHeapMaxLabel": "15.0 Mb",
        "documentsMin": 1,
        "documentsMax": 1,
        "nodesMin": 901,
        "nodesMax": 941,
        "listenersMin": 158,
        "listenersMax": 158
      },
      "runs": 3
    },
    "scroll-left": {
      "rangeStart": 0,
      "rangeEnd": 16699,
      "total": 16699,
      "categories": {
        "other": 513.4156666660518,
        "rendering": 2120.987000001837,
        "scripting": 2576.106666665752,
        "painting": 716.510000000378,
        "idle": 10772.186333332656
      },
      "updateCounters": {
        "sampleCount": 3061,
        "jsHeapMinBytes": 14530950.666666666,
        "jsHeapMaxBytes": 24186113.333333332,
        "jsHeapMinLabel": "14531 kb",
        "jsHeapMaxLabel": "24.2 Mb",
        "documentsMin": 1,
        "documentsMax": 1,
        "nodesMin": 1081,
        "nodesMax": 1111,
        "listenersMin": 158,
        "listenersMax": 158
      },
      "runs": 3
    },
    "scroll-right": {
      "rangeStart": 0,
      "rangeEnd": 13603,
      "total": 13603,
      "categories": {
        "rendering": 316.39333333309816,
        "scripting": 418.63633333377965,
        "painting": 120.08533333319549,
        "other": 158.1823333309875,
        "idle": 12590.403833335635
      },
      "updateCounters": {
        "sampleCount": 863,
        "jsHeapMinBytes": 15211048,
        "jsHeapMaxBytes": 20180065.333333332,
        "jsHeapMinLabel": "15211 kb",
        "jsHeapMaxLabel": "20.2 Mb",
        "documentsMin": 1,
        "documentsMax": 1,
        "nodesMin": 1051,
        "nodesMax": 1061,
        "listenersMin": 158,
        "listenersMax": 158
      },
      "runs": 3
    },
    "scroll-up": {
      "rangeStart": 0,
      "rangeEnd": 14505,
      "total": 14505,
      "categories": {
        "other": 341.78433333211007,
        "rendering": 1617.3293333340941,
        "scripting": 1491.6903333333532,
        "painting": 498.50266666648287,
        "idle": 10555.98530000064
      },
      "updateCounters": {
        "sampleCount": 947,
        "jsHeapMinBytes": 14148665.333333334,
        "jsHeapMaxBytes": 28158690.666666668,
        "jsHeapMinLabel": "14149 kb",
        "jsHeapMaxLabel": "28.2 Mb",
        "documentsMin": 1,
        "documentsMax": 1,
        "nodesMin": 931,
        "nodesMax": 1073,
        "listenersMin": 158,
        "listenersMax": 158
      },
      "runs": 3
    },
    "sorting": {
      "rangeStart": 0,
      "rangeEnd": 201,
      "total": 201,
      "categories": {
        "other": 57.57533333323989,
        "scripting": 130.03366666665985,
        "rendering": 8.75533333333442,
        "painting": 1.860333333335196,
        "idle": 2.543000000102135
      },
      "updateCounters": {
        "sampleCount": 1,
        "jsHeapMinBytes": 44109502,
        "jsHeapMaxBytes": 44109502,
        "jsHeapMinLabel": "44110 kb",
        "jsHeapMaxLabel": "44.1 Mb",
        "documentsMin": 5,
        "documentsMax": 5,
        "nodesMin": 1936,
        "nodesMax": 1936,
        "listenersMin": 145,
        "listenersMax": 145
      },
      "runs": 3,
      "hookTiming": 3.4333333333294527
    }
  }
}