{
  "timestamp": "2026-06-30T11:54:41.512Z",
  "scenarios": {
    "cell-editing": {
      "rangeStart": 0,
      "rangeEnd": 2844,
      "total": 2844,
      "categories": {
        "other": 208.38433333332134,
        "rendering": 357.5866666666504,
        "scripting": 389.3456666665484,
        "painting": 44.44100000008378,
        "idle": 1844.0746666667353
      },
      "updateCounters": {
        "sampleCount": 2126,
        "jsHeapMinBytes": 11386170.666666666,
        "jsHeapMaxBytes": 18762252,
        "jsHeapMinLabel": "11386 kB",
        "jsHeapMaxLabel": "18.8 MB",
        "documentsMin": 1,
        "documentsMax": 1,
        "nodesMin": 799,
        "nodesMax": 1092,
        "listenersMin": 176,
        "listenersMax": 392
      },
      "runs": 3
    },
    "filtering": {
      "rangeStart": 0,
      "rangeEnd": 597,
      "total": 597,
      "categories": {
        "other": 555.65,
        "scripting": 33.46621666667156,
        "rendering": 5.13300000000163,
        "painting": 0.5336666666650368,
        "idle": 2.132333333332402
      },
      "updateCounters": {
        "sampleCount": 2,
        "jsHeapMinBytes": 311561744,
        "jsHeapMaxBytes": 316135404,
        "jsHeapMinLabel": "311562 kB",
        "jsHeapMaxLabel": "316.1 MB",
        "documentsMin": 3,
        "documentsMax": 3,
        "nodesMin": 1999,
        "nodesMax": 1999,
        "listenersMin": 209,
        "listenersMax": 209
      },
      "runs": 3,
      "hookTiming": 50.233333333337214
    },
    "initial-load": {
      "rangeStart": 0,
      "rangeEnd": 610,
      "total": 610,
      "categories": {
        "other": 551.9234999999558,
        "rendering": 11.558333333353707,
        "scripting": 45.79769999999568,
        "painting": 0,
        "idle": 0.9270000000299964
      },
      "updateCounters": {
        "sampleCount": 2,
        "jsHeapMinBytes": 285840536,
        "jsHeapMaxBytes": 285840580,
        "jsHeapMinLabel": "285841 kB",
        "jsHeapMaxLabel": "285.8 MB",
        "documentsMin": 1,
        "documentsMax": 1,
        "nodesMin": 4500,
        "nodesMax": 4500,
        "listenersMin": 607,
        "listenersMax": 607
      },
      "runs": 3
    },
    "scroll-down": {
      "rangeStart": 0,
      "rangeEnd": 10008,
      "total": 10008,
      "categories": {
        "rendering": 876.8746666664956,
        "scripting": 825.0126666665852,
        "painting": 259.91333333319443,
        "other": 233.24033333384818,
        "idle": 7813.472049999876
      },
      "updateCounters": {
        "sampleCount": 901,
        "jsHeapMinBytes": 21737845.333333332,
        "jsHeapMaxBytes": 32530908,
        "jsHeapMinLabel": "21738 kB",
        "jsHeapMaxLabel": "32.5 MB",
        "documentsMin": 1,
        "documentsMax": 1,
        "nodesMin": 1754,
        "nodesMax": 1878,
        "listenersMin": 158,
        "listenersMax": 158
      },
      "runs": 3
    },
    "scroll-left": {
      "rangeStart": 0,
      "rangeEnd": 16696,
      "total": 16696,
      "categories": {
        "other": 522.4156666670852,
        "rendering": 2138.369000000753,
        "scripting": 2588.4993333317393,
        "painting": 720.6039999997496,
        "idle": 10725.945666667345
      },
      "updateCounters": {
        "sampleCount": 3108,
        "jsHeapMinBytes": 14358654.666666666,
        "jsHeapMaxBytes": 20607424,
        "jsHeapMinLabel": "14359 kB",
        "jsHeapMaxLabel": "20.6 MB",
        "documentsMin": 1,
        "documentsMax": 1,
        "nodesMin": 1081,
        "nodesMax": 1111,
        "listenersMin": 158,
        "listenersMax": 158
      },
      "runs": 3
    },
    "scroll-right": {
      "rangeStart": 0,
      "rangeEnd": 13601,
      "total": 13601,
      "categories": {
        "rendering": 325.85366666625487,
        "scripting": 452.6510000006169,
        "painting": 125.947999999645,
        "other": 199.80599999976607,
        "idle": 12496.98111666706
      },
      "updateCounters": {
        "sampleCount": 863,
        "jsHeapMinBytes": 14974793.333333334,
        "jsHeapMaxBytes": 19942866.666666668,
        "jsHeapMinLabel": "14975 kB",
        "jsHeapMaxLabel": "19.9 MB",
        "documentsMin": 1,
        "documentsMax": 1,
        "nodesMin": 1051,
        "nodesMax": 1061,
        "listenersMin": 158,
        "listenersMax": 158
      },
      "runs": 3
    },
    "scroll-up": {
      "rangeStart": 0,
      "rangeEnd": 16759,
      "total": 16759,
      "categories": {
        "other": 824.7616666641292,
        "rendering": 4228.790333334221,
        "painting": 1237.3380000000277,
        "scripting": 3662.8820000000287,
        "idle": 6805.2890000016005
      },
      "updateCounters": {
        "sampleCount": 2315,
        "jsHeapMinBytes": 21814002.666666668,
        "jsHeapMaxBytes": 50339598.666666664,
        "jsHeapMinLabel": "21814 kB",
        "jsHeapMaxLabel": "50.3 MB",
        "documentsMin": 1,
        "documentsMax": 1,
        "nodesMin": 1795,
        "nodesMax": 2064,
        "listenersMin": 158,
        "listenersMax": 158
      },
      "runs": 3
    },
    "sorting": {
      "rangeStart": 0,
      "rangeEnd": 679,
      "total": 679,
      "categories": {
        "other": 602.83199999996,
        "scripting": 68.69855000000679,
        "rendering": 4.493000000016764,
        "painting": 0.8009999999970508,
        "idle": 2.3120000000150562
      },
      "updateCounters": {
        "sampleCount": 3,
        "jsHeapMinBytes": 355294056,
        "jsHeapMaxBytes": 357406034.6666667,
        "jsHeapMinLabel": "355294 kB",
        "jsHeapMaxLabel": "357.4 MB",
        "documentsMin": 3,
        "documentsMax": 3,
        "nodesMin": 1897,
        "nodesMax": 1897,
        "listenersMin": 145,
        "listenersMax": 145
      },
      "runs": 3,
      "hookTiming": 143.8666666666783
    },
    "source-data-validator-load": {
      "rangeStart": 0,
      "rangeEnd": 9042,
      "total": 9042,
      "categories": {
        "other": 1626.6300000001027,
        "rendering": 23.54633333343857,
        "scripting": 7388.961999999824,
        "painting": 0.03700000001117587,
        "idle": 2.467999999954676
      },
      "updateCounters": {
        "sampleCount": 62,
        "jsHeapMinBytes": 568215393.3333334,
        "jsHeapMaxBytes": 1359292897.3333333,
        "jsHeapMinLabel": "568215 kB",
        "jsHeapMaxLabel": "1359.3 MB",
        "documentsMin": 1,
        "documentsMax": 1,
        "nodesMin": 3587,
        "nodesMax": 5334,
        "listenersMin": 377,
        "listenersMax": 497
      },
      "runs": 3
    }
  }
}