{
  "timestamp": "2026-05-07T11:43:26.839Z",
  "scenarios": {
    "cell-editing": {
      "rangeStart": 0,
      "rangeEnd": 2796,
      "total": 2796,
      "categories": {
        "other": 243.20566666673832,
        "rendering": 251.35600000059154,
        "scripting": 418.7156666660988,
        "painting": 49.268999999942025,
        "idle": 1833.2429999999683
      },
      "updateCounters": {
        "sampleCount": 2103,
        "jsHeapMinBytes": 15292034.666666666,
        "jsHeapMaxBytes": 28269296,
        "jsHeapMinLabel": "15292 kb",
        "jsHeapMaxLabel": "28.3 Mb",
        "documentsMin": 2,
        "documentsMax": 2,
        "nodesMin": 1029,
        "nodesMax": 1111,
        "listenersMin": 176,
        "listenersMax": 332
      },
      "runs": 3
    },
    "filtering": {
      "rangeStart": 0,
      "rangeEnd": 354,
      "total": 354,
      "categories": {
        "other": 338.280316666677,
        "rendering": 2.2240166666548853,
        "scripting": 11.94715000000596,
        "painting": 0,
        "idle": 1.0999999999961194
      },
      "updateCounters": null,
      "runs": 3,
      "hookTiming": 4.533333333344975
    },
    "scroll-down": {
      "rangeStart": 0,
      "rangeEnd": 16719,
      "total": 16719,
      "categories": {
        "other": 179.7896666665282,
        "rendering": 23.877333333482966,
        "painting": 26.105666666602094,
        "scripting": 129.05666666658828,
        "idle": 16360.346333333457
      },
      "updateCounters": {
        "sampleCount": 501,
        "jsHeapMinBytes": 26919948,
        "jsHeapMaxBytes": 30289860,
        "jsHeapMinLabel": "26920 kb",
        "jsHeapMaxLabel": "30.3 Mb",
        "documentsMin": 2,
        "documentsMax": 2,
        "nodesMin": 150268,
        "nodesMax": 150305,
        "listenersMin": 158,
        "listenersMax": 158
      },
      "runs": 3
    },
    "scroll-left": {
      "rangeStart": 0,
      "rangeEnd": 16708,
      "total": 16708,
      "categories": {
        "other": 522.6916666628131,
        "rendering": 2284.7896666694237,
        "painting": 630.1069999993391,
        "scripting": 2369.433999999772,
        "idle": 10900.6533333353
      },
      "updateCounters": {
        "sampleCount": 3041,
        "jsHeapMinBytes": 16035320,
        "jsHeapMaxBytes": 30659686.666666668,
        "jsHeapMinLabel": "16035 kb",
        "jsHeapMaxLabel": "30.7 Mb",
        "documentsMin": 2,
        "documentsMax": 2,
        "nodesMin": 1078,
        "nodesMax": 1171,
        "listenersMin": 158,
        "listenersMax": 158
      },
      "runs": 3
    },
    "scroll-right": {
      "rangeStart": 0,
      "rangeEnd": 13609,
      "total": 13609,
      "categories": {
        "rendering": 334.15966666647,
        "scripting": 379.1769999997723,
        "painting": 104.15333333343733,
        "other": 152.7703333324565,
        "idle": 12638.429883334553
      },
      "updateCounters": {
        "sampleCount": 860,
        "jsHeapMinBytes": 16423778.666666666,
        "jsHeapMaxBytes": 21422429.333333332,
        "jsHeapMinLabel": "16424 kb",
        "jsHeapMaxLabel": "21.4 Mb",
        "documentsMin": 2,
        "documentsMax": 2,
        "nodesMin": 1078,
        "nodesMax": 1109,
        "listenersMin": 158,
        "listenersMax": 158
      },
      "runs": 3
    },
    "scroll-up": {
      "rangeStart": 0,
      "rangeEnd": 14551,
      "total": 14551,
      "categories": {
        "other": 281.7863333325336,
        "rendering": 1798.0663333347377,
        "scripting": 1753.2103333332373,
        "painting": 405.06233333340305,
        "idle": 10312.448816666069
      },
      "updateCounters": {
        "sampleCount": 927,
        "jsHeapMinBytes": 28055481.333333332,
        "jsHeapMaxBytes": 56631526.666666664,
        "jsHeapMinLabel": "28055 kb",
        "jsHeapMaxLabel": "56.6 Mb",
        "documentsMin": 2,
        "documentsMax": 2,
        "nodesMin": 150274,
        "nodesMax": 150753,
        "listenersMin": 158,
        "listenersMax": 158
      },
      "runs": 3
    },
    "sorting": {
      "rangeStart": 0,
      "rangeEnd": 353,
      "total": 353,
      "categories": {
        "other": 170.12716666657911,
        "scripting": 177.89196666665407,
        "rendering": 2.9100000000325963,
        "painting": 0.5723333333347304,
        "idle": 1.5196666667276777
      },
      "updateCounters": {
        "sampleCount": 2,
        "jsHeapMinBytes": 141704192,
        "jsHeapMaxBytes": 142765912,
        "jsHeapMinLabel": "141704 kb",
        "jsHeapMaxLabel": "142.8 Mb",
        "documentsMin": 4,
        "documentsMax": 4,
        "nodesMin": 1913,
        "nodesMax": 1913,
        "listenersMin": 145,
        "listenersMax": 145
      },
      "runs": 3,
      "hookTiming": 12.06666666668995
    }
  }
}