{
  "timestamp": "2026-06-24T07:07:20.850Z",
  "scenarios": {
    "cell-editing": {
      "rangeStart": 0,
      "rangeEnd": 2388,
      "total": 2388,
      "categories": {
        "other": 143.78833333345028,
        "rendering": 195.9893333339278,
        "scripting": 234.78133333279038,
        "painting": 27.93633333327307,
        "idle": 1785.6449999998877
      },
      "updateCounters": {
        "sampleCount": 2124,
        "jsHeapMinBytes": 14996686.666666666,
        "jsHeapMaxBytes": 28343488,
        "jsHeapMinLabel": "14997 kb",
        "jsHeapMaxLabel": "28.3 Mb",
        "documentsMin": 1,
        "documentsMax": 1,
        "nodesMin": 1032,
        "nodesMax": 1090,
        "listenersMin": 175,
        "listenersMax": 306
      },
      "runs": 3
    },
    "filtering": {
      "rangeStart": 0,
      "rangeEnd": 240,
      "total": 240,
      "categories": {
        "other": 218.98874999999626,
        "rendering": 7.536250000009507,
        "scripting": 10.678250000000157,
        "painting": 0.4979999999971672,
        "idle": 2.4796666666613114
      },
      "updateCounters": {
        "sampleCount": 1,
        "jsHeapMinBytes": 157555118.66666666,
        "jsHeapMaxBytes": 157555118.66666666,
        "jsHeapMinLabel": "157555 kb",
        "jsHeapMaxLabel": "157.6 Mb",
        "documentsMin": 3,
        "documentsMax": 3,
        "nodesMin": 1980,
        "nodesMax": 1980,
        "listenersMin": 201,
        "listenersMax": 201
      },
      "runs": 3,
      "hookTiming": 1.5333333333401242
    },
    "scroll-down": {
      "rangeStart": 0,
      "rangeEnd": 16693,
      "total": 16693,
      "categories": {
        "other": 99.30433333296594,
        "rendering": 13.74699999994967,
        "painting": 14.083666666478772,
        "scripting": 86.03933333322625,
        "idle": 16480.092000000714
      },
      "updateCounters": {
        "sampleCount": 501,
        "jsHeapMinBytes": 26759222.666666668,
        "jsHeapMaxBytes": 29463536,
        "jsHeapMinLabel": "26759 kb",
        "jsHeapMaxLabel": "29.5 Mb",
        "documentsMin": 1,
        "documentsMax": 1,
        "nodesMin": 150271,
        "nodesMax": 150271,
        "listenersMin": 158,
        "listenersMax": 158
      },
      "runs": 3
    },
    "scroll-left": {
      "rangeStart": 0,
      "rangeEnd": 16683,
      "total": 16683,
      "categories": {
        "other": 349.94466666725174,
        "rendering": 1294.3903333327617,
        "scripting": 1386.5679999998904,
        "painting": 453.35699999993085,
        "idle": 13199.088333333493
      },
      "updateCounters": {
        "sampleCount": 3042,
        "jsHeapMinBytes": 15754141.333333334,
        "jsHeapMaxBytes": 30613020,
        "jsHeapMinLabel": "15754 kb",
        "jsHeapMaxLabel": "30.6 Mb",
        "documentsMin": 1,
        "documentsMax": 1,
        "nodesMin": 1081,
        "nodesMax": 1081,
        "listenersMin": 158,
        "listenersMax": 158
      },
      "runs": 3
    },
    "scroll-right": {
      "rangeStart": 0,
      "rangeEnd": 13580,
      "total": 13580,
      "categories": {
        "rendering": 191.61533333259285,
        "scripting": 234.43166666700122,
        "painting": 74.60700000006666,
        "other": 99.05600000097138,
        "idle": 12980.321266666026
      },
      "updateCounters": {
        "sampleCount": 860,
        "jsHeapMinBytes": 16189432,
        "jsHeapMaxBytes": 21239145.333333332,
        "jsHeapMinLabel": "16189 kb",
        "jsHeapMaxLabel": "21.2 Mb",
        "documentsMin": 1,
        "documentsMax": 1,
        "nodesMin": 1081,
        "nodesMax": 1081,
        "listenersMin": 158,
        "listenersMax": 158
      },
      "runs": 3
    },
    "scroll-up": {
      "rangeStart": 0,
      "rangeEnd": 14496,
      "total": 14496,
      "categories": {
        "other": 194.33966666652154,
        "rendering": 1054.829666666279,
        "scripting": 970.4990000000686,
        "painting": 264.4240000004841,
        "idle": 12011.650533333324
      },
      "updateCounters": {
        "sampleCount": 928,
        "jsHeapMinBytes": 27623929.333333332,
        "jsHeapMaxBytes": 56242266.666666664,
        "jsHeapMinLabel": "27624 kb",
        "jsHeapMaxLabel": "56.2 Mb",
        "documentsMin": 1,
        "documentsMax": 1,
        "nodesMin": 150271,
        "nodesMax": 150273,
        "listenersMin": 158,
        "listenersMax": 158
      },
      "runs": 3
    },
    "sorting": {
      "rangeStart": 0,
      "rangeEnd": 232,
      "total": 232,
      "categories": {
        "other": 221.07628333334267,
        "rendering": 2.7480499999946915,
        "scripting": 7.427383333342926,
        "painting": 0.1729833333326193,
        "idle": 0.5729999999942569
      },
      "updateCounters": {
        "sampleCount": 1,
        "jsHeapMinBytes": 153814504,
        "jsHeapMaxBytes": 153814504,
        "jsHeapMinLabel": "153815 kb",
        "jsHeapMaxLabel": "153.8 Mb",
        "documentsMin": 3,
        "documentsMax": 3,
        "nodesMin": 1909,
        "nodesMax": 1909,
        "listenersMin": 145,
        "listenersMax": 145
      },
      "runs": 3,
      "hookTiming": 2.0666666666705473
    }
  }
}