{
  "timestamp": "2026-06-16T07:21:16.697Z",
  "scenarios": {
    "cell-editing": {
      "rangeStart": 0,
      "rangeEnd": 2900,
      "total": 2900,
      "categories": {
        "other": 230.444999999236,
        "rendering": 363.29533333409927,
        "scripting": 429.2489999996175,
        "painting": 51.92666666666628,
        "idle": 1824.9520000003783
      },
      "updateCounters": {
        "sampleCount": 2123,
        "jsHeapMinBytes": 15025316,
        "jsHeapMaxBytes": 27977810.666666668,
        "jsHeapMinLabel": "15025 kb",
        "jsHeapMaxLabel": "28.0 Mb",
        "documentsMin": 1,
        "documentsMax": 1,
        "nodesMin": 1032,
        "nodesMax": 1100,
        "listenersMin": 176,
        "listenersMax": 333
      },
      "runs": 3
    },
    "filtering": {
      "rangeStart": 0,
      "rangeEnd": 396,
      "total": 396,
      "categories": {
        "other": 369.6743000000036,
        "rendering": 10.228666666672021,
        "scripting": 14.634316666672627,
        "painting": 0,
        "idle": 1.4899999999906868
      },
      "updateCounters": {
        "sampleCount": 1,
        "jsHeapMinBytes": 157741557.33333334,
        "jsHeapMaxBytes": 157741557.33333334,
        "jsHeapMinLabel": "157742 kb",
        "jsHeapMaxLabel": "157.7 Mb",
        "documentsMin": 3,
        "documentsMax": 3,
        "nodesMin": 1980,
        "nodesMax": 1980,
        "listenersMin": 201,
        "listenersMax": 201
      },
      "runs": 3,
      "hookTiming": 2.0333333333352734
    },
    "scroll-down": {
      "rangeStart": 0,
      "rangeEnd": 16736,
      "total": 16736,
      "categories": {
        "other": 203.46966666625326,
        "rendering": 25.731666666853318,
        "painting": 28.167000000025535,
        "scripting": 148.0853333331092,
        "idle": 16329.961000000418
      },
      "updateCounters": {
        "sampleCount": 501,
        "jsHeapMinBytes": 26633045.333333332,
        "jsHeapMaxBytes": 28423881.333333332,
        "jsHeapMinLabel": "26633 kb",
        "jsHeapMaxLabel": "28.4 Mb",
        "documentsMin": 1,
        "documentsMax": 1,
        "nodesMin": 150271,
        "nodesMax": 150271,
        "listenersMin": 158,
        "listenersMax": 158
      },
      "runs": 3
    },
    "scroll-left": {
      "rangeStart": 0,
      "rangeEnd": 16708,
      "total": 16708,
      "categories": {
        "other": 581.2339999985215,
        "rendering": 2418.1803333313633,
        "painting": 808.1646666670955,
        "scripting": 2667.643333335417,
        "idle": 10232.400666667594
      },
      "updateCounters": {
        "sampleCount": 3041,
        "jsHeapMinBytes": 15803480,
        "jsHeapMaxBytes": 30590648,
        "jsHeapMinLabel": "15803 kb",
        "jsHeapMaxLabel": "30.6 Mb",
        "documentsMin": 1,
        "documentsMax": 1,
        "nodesMin": 1081,
        "nodesMax": 1081,
        "listenersMin": 158,
        "listenersMax": 158
      },
      "runs": 3
    },
    "scroll-right": {
      "rangeStart": 0,
      "rangeEnd": 8907,
      "total": 8907,
      "categories": {
        "rendering": 351.12000000100426,
        "scripting": 446.1689999992627,
        "painting": 128.4640000005602,
        "other": 159.20966666557965,
        "idle": 7822.015566666921
      },
      "updateCounters": {
        "sampleCount": 860,
        "jsHeapMinBytes": 16177580,
        "jsHeapMaxBytes": 24974766.666666668,
        "jsHeapMinLabel": "16178 kb",
        "jsHeapMaxLabel": "25.0 Mb",
        "documentsMin": 1,
        "documentsMax": 1,
        "nodesMin": 1081,
        "nodesMax": 1081,
        "listenersMin": 158,
        "listenersMax": 158
      },
      "runs": 3
    },
    "scroll-up": {
      "rangeStart": 0,
      "rangeEnd": 14563,
      "total": 14563,
      "categories": {
        "other": 383.0903333358644,
        "rendering": 1900.0026666670262,
        "scripting": 2017.6430000007324,
        "painting": 465.24466666654916,
        "idle": 9797.125733329836
      },
      "updateCounters": {
        "sampleCount": 955,
        "jsHeapMinBytes": 27655317.333333332,
        "jsHeapMaxBytes": 49466753.333333336,
        "jsHeapMinLabel": "27655 kb",
        "jsHeapMaxLabel": "49.5 Mb",
        "documentsMin": 1,
        "documentsMax": 1,
        "nodesMin": 150271,
        "nodesMax": 150273,
        "listenersMin": 158,
        "listenersMax": 158
      },
      "runs": 3
    },
    "sorting": {
      "rangeStart": 0,
      "rangeEnd": 394,
      "total": 394,
      "categories": {
        "other": 374.3455333333534,
        "rendering": 4.718499999997827,
        "scripting": 12.740800000025425,
        "painting": 0.6383333333263485,
        "idle": 1.217000000004191
      },
      "updateCounters": {
        "sampleCount": 1,
        "jsHeapMinBytes": 153760604,
        "jsHeapMaxBytes": 153760604,
        "jsHeapMinLabel": "153761 kb",
        "jsHeapMaxLabel": "153.8 Mb",
        "documentsMin": 3,
        "documentsMax": 3,
        "nodesMin": 1909,
        "nodesMax": 1909,
        "listenersMin": 145,
        "listenersMax": 145
      },
      "runs": 3,
      "hookTiming": 3.4999999999805973
    }
  }
}