{
  "timestamp": "2026-06-23T09:07:29.798Z",
  "scenarios": {
    "cell-editing": {
      "rangeStart": 0,
      "rangeEnd": 3453,
      "total": 3453,
      "categories": {
        "other": 320.7926666667773,
        "rendering": 550.303999999897,
        "scripting": 605.2850000000132,
        "painting": 78.12533333332976,
        "idle": 1898.7766666666575
      },
      "updateCounters": {
        "sampleCount": 2124,
        "jsHeapMinBytes": 18085368,
        "jsHeapMaxBytes": 35071377.333333336,
        "jsHeapMinLabel": "18085 kb",
        "jsHeapMaxLabel": "35.1 Mb",
        "documentsMin": 1,
        "documentsMax": 1,
        "nodesMin": 1057,
        "nodesMax": 1153,
        "listenersMin": 231,
        "listenersMax": 480
      },
      "runs": 3
    },
    "filtering": {
      "rangeStart": 0,
      "rangeEnd": 407,
      "total": 407,
      "categories": {
        "other": 354.3303333333228,
        "rendering": 16.2196666666617,
        "scripting": 28.59158333333613,
        "painting": 1.7586666666708577,
        "idle": 5.8336666666824994
      },
      "updateCounters": {
        "sampleCount": 1,
        "jsHeapMinBytes": 157794858.66666666,
        "jsHeapMaxBytes": 157794858.66666666,
        "jsHeapMinLabel": "157795 kb",
        "jsHeapMaxLabel": "157.8 Mb",
        "documentsMin": 3,
        "documentsMax": 3,
        "nodesMin": 1980,
        "nodesMax": 1980,
        "listenersMin": 201,
        "listenersMax": 201
      },
      "runs": 3,
      "hookTiming": 2.633333333331393
    },
    "scroll-down": {
      "rangeStart": 0,
      "rangeEnd": 16741,
      "total": 16741,
      "categories": {
        "other": 279.81099999851034,
        "rendering": 34.07566666783532,
        "painting": 35.055000000090025,
        "scripting": 187.61733333336414,
        "idle": 16204.86000000019
      },
      "updateCounters": {
        "sampleCount": 501,
        "jsHeapMinBytes": 26634458.666666668,
        "jsHeapMaxBytes": 30380625.333333332,
        "jsHeapMinLabel": "26634 kb",
        "jsHeapMaxLabel": "30.4 Mb",
        "documentsMin": 1,
        "documentsMax": 1,
        "nodesMin": 150271,
        "nodesMax": 150271,
        "listenersMin": 158,
        "listenersMax": 158
      },
      "runs": 3
    },
    "scroll-left": {
      "rangeStart": 0,
      "rangeEnd": 16710,
      "total": 16710,
      "categories": {
        "other": 633.8360000007143,
        "rendering": 2533.4213333326625,
        "painting": 831.3239999998574,
        "scripting": 3250.812333333281,
        "idle": 9460.423666666815
      },
      "updateCounters": {
        "sampleCount": 3042,
        "jsHeapMinBytes": 15799617.333333334,
        "jsHeapMaxBytes": 30605038.666666668,
        "jsHeapMinLabel": "15800 kb",
        "jsHeapMaxLabel": "30.6 Mb",
        "documentsMin": 1,
        "documentsMax": 1,
        "nodesMin": 1081,
        "nodesMax": 1081,
        "listenersMin": 158,
        "listenersMax": 158
      },
      "runs": 3
    },
    "scroll-right": {
      "rangeStart": 0,
      "rangeEnd": 8856,
      "total": 8856,
      "categories": {
        "rendering": 388.97933333312784,
        "scripting": 555.060999999126,
        "painting": 135.16066666669212,
        "other": 172.24033333455012,
        "idle": 7604.263899999845
      },
      "updateCounters": {
        "sampleCount": 860,
        "jsHeapMinBytes": 16180980,
        "jsHeapMaxBytes": 24844506.666666668,
        "jsHeapMinLabel": "16181 kb",
        "jsHeapMaxLabel": "24.8 Mb",
        "documentsMin": 1,
        "documentsMax": 1,
        "nodesMin": 1081,
        "nodesMax": 1081,
        "listenersMin": 158,
        "listenersMax": 158
      },
      "runs": 3
    },
    "scroll-up": {
      "rangeStart": 0,
      "rangeEnd": 14667,
      "total": 14667,
      "categories": {
        "other": 428.21933333405076,
        "rendering": 2201.636999999619,
        "scripting": 2458.8483333322597,
        "painting": 508.42066666532384,
        "idle": 9070.066150002065
      },
      "updateCounters": {
        "sampleCount": 954,
        "jsHeapMinBytes": 27664185.333333332,
        "jsHeapMaxBytes": 50287146.666666664,
        "jsHeapMinLabel": "27664 kb",
        "jsHeapMaxLabel": "50.3 Mb",
        "documentsMin": 1,
        "documentsMax": 1,
        "nodesMin": 150271,
        "nodesMax": 150273,
        "listenersMin": 158,
        "listenersMax": 158
      },
      "runs": 3
    },
    "sorting": {
      "rangeStart": 0,
      "rangeEnd": 380,
      "total": 380,
      "categories": {
        "other": 361.91335000000396,
        "rendering": 2.5087333333212882,
        "scripting": 13.921449999988079,
        "painting": 0,
        "idle": 1.4863333333438884
      },
      "updateCounters": null,
      "runs": 3,
      "hookTiming": 4.5
    }
  }
}