{
  "timestamp": "2026-06-30T09:28:28.433Z",
  "scenarios": {
    "cell-editing": {
      "rangeStart": 0,
      "rangeEnd": 2938,
      "total": 2938,
      "categories": {
        "other": 223.1363333344669,
        "rendering": 386.18300000048475,
        "scripting": 425.4519999986771,
        "painting": 46.07633333331129,
        "idle": 1856.74866666639
      },
      "updateCounters": {
        "sampleCount": 2126,
        "jsHeapMinBytes": 11415993.333333334,
        "jsHeapMaxBytes": 19146526.666666668,
        "jsHeapMinLabel": "11416 kB",
        "jsHeapMaxLabel": "19.1 MB",
        "documentsMin": 1,
        "documentsMax": 1,
        "nodesMin": 828,
        "nodesMax": 1111,
        "listenersMin": 175,
        "listenersMax": 320
      },
      "runs": 3
    },
    "filtering": {
      "rangeStart": 0,
      "rangeEnd": 601,
      "total": 601,
      "categories": {
        "other": 560.134083333227,
        "scripting": 32.81775000001102,
        "rendering": 5.206333333393559,
        "painting": 0.5193333333396973,
        "idle": 2.325666666671206
      },
      "updateCounters": {
        "sampleCount": 2,
        "jsHeapMinBytes": 312001124,
        "jsHeapMaxBytes": 316766629.3333333,
        "jsHeapMinLabel": "312001 kB",
        "jsHeapMaxLabel": "316.8 MB",
        "documentsMin": 3,
        "documentsMax": 3,
        "nodesMin": 1999,
        "nodesMax": 1999,
        "listenersMin": 209,
        "listenersMax": 209
      },
      "runs": 3,
      "hookTiming": 51.166666666666664
    },
    "initial-load": {
      "rangeStart": 0,
      "rangeEnd": 563,
      "total": 563,
      "categories": {
        "other": 541.8105833333458,
        "rendering": 1.149999999945673,
        "scripting": 18.859516666662103,
        "painting": 0,
        "idle": 1.260333333358479
      },
      "updateCounters": {
        "sampleCount": 2,
        "jsHeapMinBytes": 285822208,
        "jsHeapMaxBytes": 285822252,
        "jsHeapMinLabel": "285822 kB",
        "jsHeapMaxLabel": "285.8 MB",
        "documentsMin": 1,
        "documentsMax": 1,
        "nodesMin": 4500,
        "nodesMax": 4500,
        "listenersMin": 607,
        "listenersMax": 607
      },
      "runs": 3
    },
    "scroll-down": {
      "rangeStart": 0,
      "rangeEnd": 10027,
      "total": 10027,
      "categories": {
        "rendering": 877.8473333344251,
        "scripting": 825.4706666666269,
        "painting": 264.14100000000326,
        "other": 234.51533333311556,
        "idle": 7825.169583332492
      },
      "updateCounters": {
        "sampleCount": 900,
        "jsHeapMinBytes": 21726144,
        "jsHeapMaxBytes": 38679752,
        "jsHeapMinLabel": "21726 kB",
        "jsHeapMaxLabel": "38.7 MB",
        "documentsMin": 1,
        "documentsMax": 1,
        "nodesMin": 1774,
        "nodesMax": 1898,
        "listenersMin": 158,
        "listenersMax": 158
      },
      "runs": 3
    },
    "scroll-left": {
      "rangeStart": 0,
      "rangeEnd": 16708,
      "total": 16708,
      "categories": {
        "other": 476.0370000012376,
        "rendering": 1980.4280000006936,
        "painting": 674.6500000006248,
        "scripting": 2366.424333331462,
        "idle": 11210.33866666597
      },
      "updateCounters": {
        "sampleCount": 3065,
        "jsHeapMinBytes": 14358808,
        "jsHeapMaxBytes": 23997325.333333332,
        "jsHeapMinLabel": "14359 kB",
        "jsHeapMaxLabel": "24.0 MB",
        "documentsMin": 1,
        "documentsMax": 1,
        "nodesMin": 1081,
        "nodesMax": 1111,
        "listenersMin": 158,
        "listenersMax": 158
      },
      "runs": 3
    },
    "scroll-right": {
      "rangeStart": 0,
      "rangeEnd": 13602,
      "total": 13602,
      "categories": {
        "rendering": 294.43000000009005,
        "scripting": 385.10233333424026,
        "painting": 110.86666666553356,
        "other": 147.46700000219218,
        "idle": 12664.041649997971
      },
      "updateCounters": {
        "sampleCount": 863,
        "jsHeapMinBytes": 14974682.666666666,
        "jsHeapMaxBytes": 19945618.666666668,
        "jsHeapMinLabel": "14975 kB",
        "jsHeapMaxLabel": "19.9 MB",
        "documentsMin": 1,
        "documentsMax": 1,
        "nodesMin": 1051,
        "nodesMax": 1061,
        "listenersMin": 158,
        "listenersMax": 158
      },
      "runs": 3
    },
    "scroll-up": {
      "rangeStart": 0,
      "rangeEnd": 16769,
      "total": 16769,
      "categories": {
        "other": 761.4899999967205,
        "rendering": 3940.9106666651787,
        "painting": 1166.9820000013958,
        "scripting": 3416.6506666668483,
        "idle": 7483.197000003187
      },
      "updateCounters": {
        "sampleCount": 2316,
        "jsHeapMinBytes": 21814668,
        "jsHeapMaxBytes": 50355912,
        "jsHeapMinLabel": "21815 kB",
        "jsHeapMaxLabel": "50.4 MB",
        "documentsMin": 1,
        "documentsMax": 1,
        "nodesMin": 1795,
        "nodesMax": 2064,
        "listenersMin": 158,
        "listenersMax": 158
      },
      "runs": 3
    },
    "sorting": {
      "rangeStart": 0,
      "rangeEnd": 677,
      "total": 677,
      "categories": {
        "other": 604.2476666667294,
        "scripting": 65.7426499999333,
        "rendering": 4.506999999983236,
        "painting": 0.8046666666632518,
        "idle": 1.3053333333616024
      },
      "updateCounters": {
        "sampleCount": 3,
        "jsHeapMinBytes": 355315701.3333333,
        "jsHeapMaxBytes": 357315540,
        "jsHeapMinLabel": "355316 kB",
        "jsHeapMaxLabel": "357.3 MB",
        "documentsMin": 3,
        "documentsMax": 3,
        "nodesMin": 1897,
        "nodesMax": 1897,
        "listenersMin": 145,
        "listenersMax": 145
      },
      "runs": 3,
      "hookTiming": 139.83333333333334
    },
    "source-data-validator-load": {
      "rangeStart": 0,
      "rangeEnd": 8930,
      "total": 8930,
      "categories": {
        "other": 1642.5749999995462,
        "rendering": 23.152666666855414,
        "scripting": 7259.215333333646,
        "idle": 5.34499999997206
      },
      "updateCounters": {
        "sampleCount": 59,
        "jsHeapMinBytes": 721083765.3333334,
        "jsHeapMaxBytes": 1505082085.3333333,
        "jsHeapMinLabel": "721084 kB",
        "jsHeapMaxLabel": "1505.1 MB",
        "documentsMin": 1,
        "documentsMax": 1,
        "nodesMin": 3587,
        "nodesMax": 4177,
        "listenersMin": 377,
        "listenersMax": 421
      },
      "runs": 3
    }
  }
}