{
  "timestamp": "2026-06-25T12:19:55.057Z",
  "scenarios": {
    "cell-editing": {
      "rangeStart": 0,
      "rangeEnd": 3016,
      "total": 3016,
      "categories": {
        "other": 240.99666666650546,
        "rendering": 407.9896666666755,
        "scripting": 459.96800000017583,
        "painting": 55.29100000002169,
        "idle": 1851.6153333332913
      },
      "updateCounters": {
        "sampleCount": 2125,
        "jsHeapMinBytes": 12107740,
        "jsHeapMaxBytes": 20607397.333333332,
        "jsHeapMinLabel": "12108 kB",
        "jsHeapMaxLabel": "20.6 MB",
        "documentsMin": 1,
        "documentsMax": 1,
        "nodesMin": 832,
        "nodesMax": 1154,
        "listenersMin": 178,
        "listenersMax": 364
      },
      "runs": 3
    },
    "filtering": {
      "rangeStart": 0,
      "rangeEnd": 730,
      "total": 730,
      "categories": {
        "other": 663.6456666666422,
        "scripting": 54.23725000000272,
        "rendering": 8.815333333332092,
        "painting": 0.7630000000014358,
        "idle": 2.555333333356733
      },
      "updateCounters": {
        "sampleCount": 2,
        "jsHeapMinBytes": 374354232,
        "jsHeapMaxBytes": 387083970.6666667,
        "jsHeapMinLabel": "374354 kB",
        "jsHeapMaxLabel": "387.1 MB",
        "documentsMin": 2,
        "documentsMax": 2,
        "nodesMin": 1937,
        "nodesMax": 1938,
        "listenersMin": 204,
        "listenersMax": 204
      },
      "runs": 3,
      "hookTiming": 83.50000000000485
    },
    "initial-load": {
      "rangeStart": 0,
      "rangeEnd": 632,
      "total": 632,
      "categories": {
        "other": 606.4360500000117,
        "rendering": 0.5183333333261544,
        "scripting": 23.324183333332343,
        "painting": 0,
        "idle": 2.112333333333178
      },
      "updateCounters": {
        "sampleCount": 3,
        "jsHeapMinBytes": 316237668,
        "jsHeapMaxBytes": 325004644,
        "jsHeapMinLabel": "316238 kB",
        "jsHeapMaxLabel": "325.0 MB",
        "documentsMin": 1,
        "documentsMax": 1,
        "nodesMin": 4793,
        "nodesMax": 5389,
        "listenersMin": 629,
        "listenersMax": 673
      },
      "runs": 3
    },
    "scroll-down": {
      "rangeStart": 0,
      "rangeEnd": 15063,
      "total": 15063,
      "categories": {
        "rendering": 916.4149999998141,
        "scripting": 823.5593333333036,
        "painting": 293.40233333347715,
        "other": 263.27433333364576,
        "idle": 12766.349849999766
      },
      "updateCounters": {
        "sampleCount": 898,
        "jsHeapMinBytes": 38633434.666666664,
        "jsHeapMaxBytes": 49839862.666666664,
        "jsHeapMinLabel": "38633 kB",
        "jsHeapMaxLabel": "49.8 MB",
        "documentsMin": 1,
        "documentsMax": 1,
        "nodesMin": 1754,
        "nodesMax": 1857,
        "listenersMin": 158,
        "listenersMax": 158
      },
      "runs": 3
    },
    "scroll-left": {
      "rangeStart": 0,
      "rangeEnd": 16695,
      "total": 16695,
      "categories": {
        "other": 505.0033333333258,
        "rendering": 2095.5723333334804,
        "painting": 725.1973333335287,
        "scripting": 2343.558666666631,
        "idle": 11025.841666666363
      },
      "updateCounters": {
        "sampleCount": 3060,
        "jsHeapMinBytes": 14292554.666666666,
        "jsHeapMaxBytes": 24318017.333333332,
        "jsHeapMinLabel": "14293 kB",
        "jsHeapMaxLabel": "24.3 MB",
        "documentsMin": 1,
        "documentsMax": 1,
        "nodesMin": 1071,
        "nodesMax": 1101,
        "listenersMin": 158,
        "listenersMax": 158
      },
      "runs": 3
    },
    "scroll-right": {
      "rangeStart": 0,
      "rangeEnd": 13608,
      "total": 13608,
      "categories": {
        "rendering": 315.4559999991325,
        "scripting": 407.86966666676494,
        "painting": 125.47733333293581,
        "other": 188.2040000011888,
        "idle": 12570.810749999966
      },
      "updateCounters": {
        "sampleCount": 863,
        "jsHeapMinBytes": 15209621.333333334,
        "jsHeapMaxBytes": 20178228,
        "jsHeapMinLabel": "15210 kB",
        "jsHeapMaxLabel": "20.2 MB",
        "documentsMin": 1,
        "documentsMax": 1,
        "nodesMin": 1051,
        "nodesMax": 1061,
        "listenersMin": 158,
        "listenersMax": 158
      },
      "runs": 3
    },
    "scroll-up": {
      "rangeStart": 0,
      "rangeEnd": 16784,
      "total": 16784,
      "categories": {
        "other": 766.5693333342373,
        "rendering": 4215.607666669355,
        "painting": 1306.1869999992778,
        "scripting": 3463.4879999971236,
        "idle": 7032.199333333352
      },
      "updateCounters": {
        "sampleCount": 2311,
        "jsHeapMinBytes": 34051590.666666664,
        "jsHeapMaxBytes": 61958602.666666664,
        "jsHeapMinLabel": "34052 kB",
        "jsHeapMaxLabel": "62.0 MB",
        "documentsMin": 1,
        "documentsMax": 1,
        "nodesMin": 1795,
        "nodesMax": 2126,
        "listenersMin": 158,
        "listenersMax": 158
      },
      "runs": 3
    },
    "sorting": {
      "rangeStart": 0,
      "rangeEnd": 806,
      "total": 806,
      "categories": {
        "other": 711.2463333333134,
        "scripting": 86.25591666666746,
        "rendering": 5.042333333384401,
        "painting": 0.9106666666533177,
        "idle": 2.505333333295615
      },
      "updateCounters": {
        "sampleCount": 3,
        "jsHeapMinBytes": 398651868,
        "jsHeapMaxBytes": 401273330.6666667,
        "jsHeapMinLabel": "398652 kB",
        "jsHeapMaxLabel": "401.3 MB",
        "documentsMin": 2,
        "documentsMax": 2,
        "nodesMin": 1867,
        "nodesMax": 1867,
        "listenersMin": 145,
        "listenersMax": 145
      },
      "runs": 3,
      "hookTiming": 210.90000000000387
    },
    "source-data-validator-load": {
      "rangeStart": 0,
      "rangeEnd": 8858,
      "total": 8858,
      "categories": {
        "other": 1776.2723333331996,
        "rendering": 23.275666666721616,
        "scripting": 7054.956000000056,
        "painting": 0.01799999998183921,
        "idle": 3.2603333333390765
      },
      "updateCounters": {
        "sampleCount": 61,
        "jsHeapMinBytes": 595898118.6666666,
        "jsHeapMaxBytes": 1390146308,
        "jsHeapMinLabel": "595898 kB",
        "jsHeapMaxLabel": "1390.1 MB",
        "documentsMin": 1,
        "documentsMax": 1,
        "nodesMin": 3600,
        "nodesMax": 4759,
        "listenersMin": 383,
        "listenersMax": 459
      },
      "runs": 3
    }
  }
}