{
  "timestamp": "2026-06-10T08:11:32.844Z",
  "scenarios": {
    "cell-editing": {
      "rangeStart": 0,
      "rangeEnd": 2749,
      "total": 2749,
      "categories": {
        "other": 220.53133333335145,
        "rendering": 246.43766666667457,
        "scripting": 402.87999999961215,
        "painting": 46.80366666662545,
        "idle": 1831.803333333737
      },
      "updateCounters": {
        "sampleCount": 2122,
        "jsHeapMinBytes": 14987625.333333334,
        "jsHeapMaxBytes": 28984138.666666668,
        "jsHeapMinLabel": "14988 kb",
        "jsHeapMaxLabel": "29.0 Mb",
        "documentsMin": 1,
        "documentsMax": 1,
        "nodesMin": 1030,
        "nodesMax": 1115,
        "listenersMin": 175,
        "listenersMax": 343
      },
      "runs": 3
    },
    "filtering": {
      "rangeStart": 0,
      "rangeEnd": 391,
      "total": 391,
      "categories": {
        "other": 374.7019833333402,
        "rendering": 2.1534833333280403,
        "scripting": 13.046283333336314,
        "painting": 0,
        "idle": 1.2960000000020955
      },
      "updateCounters": {
        "sampleCount": 1,
        "jsHeapMinBytes": 157335497.33333334,
        "jsHeapMaxBytes": 157335546.66666666,
        "jsHeapMinLabel": "157335 kb",
        "jsHeapMaxLabel": "157.3 Mb",
        "documentsMin": 3,
        "documentsMax": 3,
        "nodesMin": 1983,
        "nodesMax": 1983,
        "listenersMin": 201,
        "listenersMax": 201
      },
      "runs": 3,
      "hookTiming": 4.499999999990298
    },
    "scroll-down": {
      "rangeStart": 0,
      "rangeEnd": 16736,
      "total": 16736,
      "categories": {
        "other": 169.85699999955773,
        "rendering": 22.589666666681296,
        "painting": 23.7650000002274,
        "scripting": 146.0383333332231,
        "idle": 16374.016666666968
      },
      "updateCounters": {
        "sampleCount": 501,
        "jsHeapMinBytes": 26714328,
        "jsHeapMaxBytes": 34847004,
        "jsHeapMinLabel": "26714 kb",
        "jsHeapMaxLabel": "34.8 Mb",
        "documentsMin": 1,
        "documentsMax": 1,
        "nodesMin": 150268,
        "nodesMax": 150268,
        "listenersMin": 158,
        "listenersMax": 158
      },
      "runs": 3
    },
    "scroll-left": {
      "rangeStart": 0,
      "rangeEnd": 16693,
      "total": 16693,
      "categories": {
        "other": 505.58366666682474,
        "rendering": 2174.2400000004272,
        "scripting": 2312.873000000141,
        "painting": 733.976333333189,
        "idle": 10966.265333332753
      },
      "updateCounters": {
        "sampleCount": 3042,
        "jsHeapMinBytes": 15697025.333333334,
        "jsHeapMaxBytes": 30596392,
        "jsHeapMinLabel": "15697 kb",
        "jsHeapMaxLabel": "30.6 Mb",
        "documentsMin": 1,
        "documentsMax": 1,
        "nodesMin": 1078,
        "nodesMax": 1078,
        "listenersMin": 158,
        "listenersMax": 158
      },
      "runs": 3
    },
    "scroll-right": {
      "rangeStart": 0,
      "rangeEnd": 13596,
      "total": 13596,
      "categories": {
        "rendering": 331.14433333363075,
        "scripting": 391.5429999997318,
        "painting": 122.98399999978331,
        "other": 175.26900000032208,
        "idle": 12574.301633333196
      },
      "updateCounters": {
        "sampleCount": 861,
        "jsHeapMinBytes": 16150832,
        "jsHeapMaxBytes": 21171074.666666668,
        "jsHeapMinLabel": "16151 kb",
        "jsHeapMaxLabel": "21.2 Mb",
        "documentsMin": 1,
        "documentsMax": 1,
        "nodesMin": 1078,
        "nodesMax": 1078,
        "listenersMin": 158,
        "listenersMax": 158
      },
      "runs": 3
    },
    "scroll-up": {
      "rangeStart": 0,
      "rangeEnd": 14543,
      "total": 14543,
      "categories": {
        "other": 287.6643333372874,
        "rendering": 1773.0416666657936,
        "scripting": 1642.0263333333326,
        "painting": 457.4133333330974,
        "idle": 10382.544749997169
      },
      "updateCounters": {
        "sampleCount": 928,
        "jsHeapMinBytes": 27808380,
        "jsHeapMaxBytes": 56615892,
        "jsHeapMinLabel": "27808 kb",
        "jsHeapMaxLabel": "56.6 Mb",
        "documentsMin": 1,
        "documentsMax": 1,
        "nodesMin": 150268,
        "nodesMax": 150272,
        "listenersMin": 158,
        "listenersMax": 158
      },
      "runs": 3
    },
    "sorting": {
      "rangeStart": 0,
      "rangeEnd": 395,
      "total": 395,
      "categories": {
        "other": 386.5108666666945,
        "rendering": 1.584333333322623,
        "scripting": 5.941600000003973,
        "painting": 0,
        "idle": 1.1879999999849435
      },
      "updateCounters": {
        "sampleCount": 1,
        "jsHeapMinBytes": 153943292,
        "jsHeapMaxBytes": 153943292,
        "jsHeapMinLabel": "153943 kb",
        "jsHeapMaxLabel": "153.9 Mb",
        "documentsMin": 3,
        "documentsMax": 3,
        "nodesMin": 1909,
        "nodesMax": 1909,
        "listenersMin": 145,
        "listenersMax": 145
      },
      "runs": 3,
      "hookTiming": 13.199999999992238
    }
  }
}