{
  "timestamp": "2026-06-16T07:58:22.076Z",
  "scenarios": {
    "cell-editing": {
      "rangeStart": 0,
      "rangeEnd": 2923,
      "total": 2923,
      "categories": {
        "other": 225.77566666743624,
        "rendering": 360.9853333335486,
        "scripting": 439.58333333300675,
        "painting": 51.80000000022119,
        "idle": 1844.9276666657922
      },
      "updateCounters": {
        "sampleCount": 2123,
        "jsHeapMinBytes": 15540174.666666666,
        "jsHeapMaxBytes": 28051126.666666668,
        "jsHeapMinLabel": "15540 kb",
        "jsHeapMaxLabel": "28.1 Mb",
        "documentsMin": 1,
        "documentsMax": 1,
        "nodesMin": 1031,
        "nodesMax": 1116,
        "listenersMin": 176,
        "listenersMax": 384
      },
      "runs": 3
    },
    "filtering": {
      "rangeStart": 0,
      "rangeEnd": 364,
      "total": 364,
      "categories": {
        "other": 340.95720000004445,
        "rendering": 8.66116666663826,
        "scripting": 13.36175,
        "painting": 0,
        "idle": 1.488333333322468
      },
      "updateCounters": {
        "sampleCount": 1,
        "jsHeapMinBytes": 157689192,
        "jsHeapMaxBytes": 157689192,
        "jsHeapMinLabel": "157689 kb",
        "jsHeapMaxLabel": "157.7 Mb",
        "documentsMin": 3,
        "documentsMax": 3,
        "nodesMin": 1980,
        "nodesMax": 1980,
        "listenersMin": 201,
        "listenersMax": 201
      },
      "runs": 3,
      "hookTiming": 2.533333333344975
    },
    "scroll-down": {
      "rangeStart": 0,
      "rangeEnd": 16712,
      "total": 16712,
      "categories": {
        "other": 156.86333333106168,
        "rendering": 20.549000000096083,
        "painting": 22.008666667640984,
        "scripting": 116.44799999959689,
        "idle": 16396.195333334927
      },
      "updateCounters": {
        "sampleCount": 501,
        "jsHeapMinBytes": 26607077.333333332,
        "jsHeapMaxBytes": 29172457.333333332,
        "jsHeapMinLabel": "26607 kb",
        "jsHeapMaxLabel": "29.2 Mb",
        "documentsMin": 1,
        "documentsMax": 1,
        "nodesMin": 150271,
        "nodesMax": 150271,
        "listenersMin": 158,
        "listenersMax": 158
      },
      "runs": 3
    },
    "scroll-left": {
      "rangeStart": 0,
      "rangeEnd": 16694,
      "total": 16694,
      "categories": {
        "other": 487.3613333350718,
        "rendering": 1998.666666661719,
        "scripting": 2360.255333335817,
        "painting": 679.3699999999371,
        "idle": 11168.798333334096
      },
      "updateCounters": {
        "sampleCount": 3042,
        "jsHeapMinBytes": 15789789.333333334,
        "jsHeapMaxBytes": 30848932,
        "jsHeapMinLabel": "15790 kb",
        "jsHeapMaxLabel": "30.8 Mb",
        "documentsMin": 1,
        "documentsMax": 1,
        "nodesMin": 1081,
        "nodesMax": 1081,
        "listenersMin": 158,
        "listenersMax": 158
      },
      "runs": 3
    },
    "scroll-right": {
      "rangeStart": 0,
      "rangeEnd": 13606,
      "total": 13606,
      "categories": {
        "rendering": 304.22066666709725,
        "scripting": 405.9506666670813,
        "painting": 115.48866666671044,
        "other": 157.35399999985364,
        "idle": 12622.975466665908
      },
      "updateCounters": {
        "sampleCount": 860,
        "jsHeapMinBytes": 16181505.333333334,
        "jsHeapMaxBytes": 21228354.666666668,
        "jsHeapMinLabel": "16182 kb",
        "jsHeapMaxLabel": "21.2 Mb",
        "documentsMin": 1,
        "documentsMax": 1,
        "nodesMin": 1081,
        "nodesMax": 1081,
        "listenersMin": 158,
        "listenersMax": 158
      },
      "runs": 3
    },
    "scroll-up": {
      "rangeStart": 0,
      "rangeEnd": 14548,
      "total": 14548,
      "categories": {
        "other": 339.7509999943549,
        "rendering": 1740.8663333329994,
        "scripting": 1885.590333334857,
        "painting": 409.56899999947444,
        "idle": 10172.514133338313
      },
      "updateCounters": {
        "sampleCount": 955,
        "jsHeapMinBytes": 27655552,
        "jsHeapMaxBytes": 49480782.666666664,
        "jsHeapMinLabel": "27656 kb",
        "jsHeapMaxLabel": "49.5 Mb",
        "documentsMin": 1,
        "documentsMax": 1,
        "nodesMin": 150271,
        "nodesMax": 150273,
        "listenersMin": 158,
        "listenersMax": 158
      },
      "runs": 3
    },
    "sorting": {
      "rangeStart": 0,
      "rangeEnd": 349,
      "total": 349,
      "categories": {
        "other": 331.57318333331403,
        "rendering": 3.3681499999947846,
        "scripting": 12.81481666668256,
        "painting": 0,
        "idle": 1.1003333333258827
      },
      "updateCounters": {
        "sampleCount": 1,
        "jsHeapMinBytes": 153628444,
        "jsHeapMaxBytes": 153628444,
        "jsHeapMinLabel": "153628 kb",
        "jsHeapMaxLabel": "153.6 Mb",
        "documentsMin": 3,
        "documentsMax": 3,
        "nodesMin": 1909,
        "nodesMax": 1909,
        "listenersMin": 145,
        "listenersMax": 145
      },
      "runs": 3,
      "hookTiming": 3.666666666705472
    }
  }
}