{
  "timestamp": "2026-05-28T11:08:19.789Z",
  "scenarios": {
    "cell-editing": {
      "rangeStart": 0,
      "rangeEnd": 2812,
      "total": 2812,
      "categories": {
        "other": 239.25233333316757,
        "rendering": 259.141666666915,
        "scripting": 422.3103333332063,
        "painting": 51.00566666674664,
        "idle": 1840.5643333332991
      },
      "updateCounters": {
        "sampleCount": 2101,
        "jsHeapMinBytes": 15728732,
        "jsHeapMaxBytes": 29126144,
        "jsHeapMinLabel": "15729 kb",
        "jsHeapMaxLabel": "29.1 Mb",
        "documentsMin": 2,
        "documentsMax": 2,
        "nodesMin": 1032,
        "nodesMax": 1115,
        "listenersMin": 176,
        "listenersMax": 338
      },
      "runs": 3
    },
    "filtering": {
      "rangeStart": 0,
      "rangeEnd": 399,
      "total": 399,
      "categories": {
        "other": 381.00863333334206,
        "rendering": 3.3880333333169497,
        "scripting": 13.559166666667172,
        "painting": 0.07451666666990302,
        "idle": 1.3450000000011642
      },
      "updateCounters": {
        "sampleCount": 1,
        "jsHeapMinBytes": 152715032,
        "jsHeapMaxBytes": 152715032,
        "jsHeapMinLabel": "152715 kb",
        "jsHeapMaxLabel": "152.7 Mb",
        "documentsMin": 4,
        "documentsMax": 4,
        "nodesMin": 1983,
        "nodesMax": 1983,
        "listenersMin": 201,
        "listenersMax": 201
      },
      "runs": 3,
      "hookTiming": 4.69999999999709
    },
    "scroll-down": {
      "rangeStart": 0,
      "rangeEnd": 16735,
      "total": 16735,
      "categories": {
        "other": 190.1459999999256,
        "rendering": 25.4973333330466,
        "painting": 25.48200000014428,
        "scripting": 144.9406666666811,
        "idle": 16349.192666666873
      },
      "updateCounters": {
        "sampleCount": 501,
        "jsHeapMinBytes": 26977333.333333332,
        "jsHeapMaxBytes": 30067637.333333332,
        "jsHeapMinLabel": "26977 kb",
        "jsHeapMaxLabel": "30.1 Mb",
        "documentsMin": 2,
        "documentsMax": 2,
        "nodesMin": 150270,
        "nodesMax": 150306,
        "listenersMin": 158,
        "listenersMax": 158
      },
      "runs": 3
    },
    "scroll-left": {
      "rangeStart": 0,
      "rangeEnd": 16715,
      "total": 16715,
      "categories": {
        "other": 559.3523333335238,
        "rendering": 2482.801666667549,
        "painting": 691.2046666668708,
        "scripting": 2665.688999998911,
        "idle": 10315.834999999817
      },
      "updateCounters": {
        "sampleCount": 3042,
        "jsHeapMinBytes": 16146829.333333334,
        "jsHeapMaxBytes": 31237637.333333332,
        "jsHeapMinLabel": "16147 kb",
        "jsHeapMaxLabel": "31.2 Mb",
        "documentsMin": 2,
        "documentsMax": 2,
        "nodesMin": 1080,
        "nodesMax": 1174,
        "listenersMin": 158,
        "listenersMax": 158
      },
      "runs": 3
    },
    "scroll-right": {
      "rangeStart": 0,
      "rangeEnd": 13609,
      "total": 13609,
      "categories": {
        "rendering": 343.77033333244617,
        "scripting": 420.1043333329555,
        "painting": 108.69300000005751,
        "other": 175.9836666674214,
        "idle": 12560.030916667116
      },
      "updateCounters": {
        "sampleCount": 861,
        "jsHeapMinBytes": 16447176,
        "jsHeapMaxBytes": 21555030.666666668,
        "jsHeapMinLabel": "16447 kb",
        "jsHeapMaxLabel": "21.6 Mb",
        "documentsMin": 2,
        "documentsMax": 2,
        "nodesMin": 1080,
        "nodesMax": 1112,
        "listenersMin": 158,
        "listenersMax": 158
      },
      "runs": 3
    },
    "scroll-up": {
      "rangeStart": 0,
      "rangeEnd": 14548,
      "total": 14548,
      "categories": {
        "other": 281.2630000015533,
        "rendering": 1797.4586666664109,
        "scripting": 1706.2513333333145,
        "painting": 396.6736666665917,
        "idle": 10366.379449998805
      },
      "updateCounters": {
        "sampleCount": 926,
        "jsHeapMinBytes": 28368542.666666668,
        "jsHeapMaxBytes": 56798173.333333336,
        "jsHeapMinLabel": "28369 kb",
        "jsHeapMaxLabel": "56.8 Mb",
        "documentsMin": 2,
        "documentsMax": 2,
        "nodesMin": 150277,
        "nodesMax": 150758,
        "listenersMin": 158,
        "listenersMax": 158
      },
      "runs": 3
    },
    "sorting": {
      "rangeStart": 0,
      "rangeEnd": 403,
      "total": 403,
      "categories": {
        "other": 393.81728333328243,
        "rendering": 1.4770500000449829,
        "scripting": 6.548716666658719,
        "painting": 0,
        "idle": 1.1590000000045013
      },
      "updateCounters": {
        "sampleCount": 1,
        "jsHeapMinBytes": 160413000,
        "jsHeapMaxBytes": 160413000,
        "jsHeapMinLabel": "160413 kb",
        "jsHeapMaxLabel": "160.4 Mb",
        "documentsMin": 4,
        "documentsMax": 4,
        "nodesMin": 1917,
        "nodesMax": 1917,
        "listenersMin": 145,
        "listenersMax": 145
      },
      "runs": 3,
      "hookTiming": 12.433333333348855
    }
  }
}