{
  "timestamp": "2026-06-30T07:31:03.842Z",
  "scenarios": {
    "cell-editing": {
      "rangeStart": 0,
      "rangeEnd": 2820,
      "total": 2820,
      "categories": {
        "other": 210.34533333329833,
        "rendering": 351.9500000002833,
        "scripting": 381.9016666664282,
        "painting": 43.222666666619865,
        "idle": 1832.5753333333657
      },
      "updateCounters": {
        "sampleCount": 2126,
        "jsHeapMinBytes": 11385577.333333334,
        "jsHeapMaxBytes": 19130794.666666668,
        "jsHeapMinLabel": "11386 kB",
        "jsHeapMaxLabel": "19.1 MB",
        "documentsMin": 1,
        "documentsMax": 1,
        "nodesMin": 769,
        "nodesMax": 1179,
        "listenersMin": 175,
        "listenersMax": 418
      },
      "runs": 3
    },
    "filtering": {
      "rangeStart": 0,
      "rangeEnd": 593,
      "total": 593,
      "categories": {
        "other": 549.3039166666681,
        "scripting": 36.008850000001495,
        "rendering": 5.618666666656888,
        "painting": 0.5773333333296856,
        "idle": 2.16866666667435
      },
      "updateCounters": {
        "sampleCount": 2,
        "jsHeapMinBytes": 311685864,
        "jsHeapMaxBytes": 316677896,
        "jsHeapMinLabel": "311686 kB",
        "jsHeapMaxLabel": "316.7 MB",
        "documentsMin": 3,
        "documentsMax": 3,
        "nodesMin": 1999,
        "nodesMax": 1999,
        "listenersMin": 209,
        "listenersMax": 209
      },
      "runs": 3,
      "hookTiming": 54.39999999999903
    },
    "initial-load": {
      "rangeStart": 0,
      "rangeEnd": 563,
      "total": 563,
      "categories": {
        "other": 542.6264499999835,
        "rendering": 1.3003333333472256,
        "scripting": 18.1615,
        "idle": 1.2970000000010866
      },
      "updateCounters": {
        "sampleCount": 3,
        "jsHeapMinBytes": 305789670.6666667,
        "jsHeapMaxBytes": 305789758.6666667,
        "jsHeapMinLabel": "305790 kB",
        "jsHeapMaxLabel": "305.8 MB",
        "documentsMin": 1,
        "documentsMax": 1,
        "nodesMin": 5389,
        "nodesMax": 5389,
        "listenersMin": 673,
        "listenersMax": 673
      },
      "runs": 3
    },
    "scroll-down": {
      "rangeStart": 0,
      "rangeEnd": 10013,
      "total": 10013,
      "categories": {
        "rendering": 867.052666666219,
        "scripting": 815.9810000002743,
        "painting": 252.55666666684556,
        "other": 226.4346666662965,
        "idle": 7850.633733333704
      },
      "updateCounters": {
        "sampleCount": 900,
        "jsHeapMinBytes": 21916689.333333332,
        "jsHeapMaxBytes": 35244552,
        "jsHeapMinLabel": "21917 kB",
        "jsHeapMaxLabel": "35.2 MB",
        "documentsMin": 1,
        "documentsMax": 1,
        "nodesMin": 1754,
        "nodesMax": 1878,
        "listenersMin": 158,
        "listenersMax": 158
      },
      "runs": 3
    },
    "scroll-left": {
      "rangeStart": 0,
      "rangeEnd": 16697,
      "total": 16697,
      "categories": {
        "other": 469.7450000004872,
        "rendering": 1920.0169999997208,
        "scripting": 2337.6746666667295,
        "painting": 644.1389999996463,
        "idle": 11324.951666666739
      },
      "updateCounters": {
        "sampleCount": 3065,
        "jsHeapMinBytes": 14356888,
        "jsHeapMaxBytes": 24179676,
        "jsHeapMinLabel": "14357 kB",
        "jsHeapMaxLabel": "24.2 MB",
        "documentsMin": 1,
        "documentsMax": 1,
        "nodesMin": 1081,
        "nodesMax": 1111,
        "listenersMin": 158,
        "listenersMax": 158
      },
      "runs": 3
    },
    "scroll-right": {
      "rangeStart": 0,
      "rangeEnd": 13601,
      "total": 13601,
      "categories": {
        "rendering": 285.8846666662333,
        "scripting": 391.61933333286953,
        "painting": 107.68133333325386,
        "other": 149.41466666529172,
        "idle": 12666.622316669012
      },
      "updateCounters": {
        "sampleCount": 863,
        "jsHeapMinBytes": 14961098.666666666,
        "jsHeapMaxBytes": 19930593.333333332,
        "jsHeapMinLabel": "14961 kB",
        "jsHeapMaxLabel": "19.9 MB",
        "documentsMin": 1,
        "documentsMax": 1,
        "nodesMin": 1051,
        "nodesMax": 1061,
        "listenersMin": 158,
        "listenersMax": 158
      },
      "runs": 3
    },
    "scroll-up": {
      "rangeStart": 0,
      "rangeEnd": 16746,
      "total": 16746,
      "categories": {
        "other": 747.3809999969227,
        "rendering": 3986.4876666674973,
        "painting": 1144.975333332705,
        "scripting": 3446.280666667469,
        "idle": 7420.462666668735
      },
      "updateCounters": {
        "sampleCount": 2315,
        "jsHeapMinBytes": 21809138.666666668,
        "jsHeapMaxBytes": 50324593.333333336,
        "jsHeapMinLabel": "21809 kB",
        "jsHeapMaxLabel": "50.3 MB",
        "documentsMin": 1,
        "documentsMax": 1,
        "nodesMin": 1795,
        "nodesMax": 2064,
        "listenersMin": 158,
        "listenersMax": 158
      },
      "runs": 3
    },
    "sorting": {
      "rangeStart": 0,
      "rangeEnd": 679,
      "total": 679,
      "categories": {
        "other": 608.2443333332229,
        "scripting": 64.26616666667427,
        "rendering": 4.41800000006333,
        "painting": 0.9253333333181217,
        "idle": 1.2150000000644166
      },
      "updateCounters": {
        "sampleCount": 3,
        "jsHeapMinBytes": 355588649.3333333,
        "jsHeapMaxBytes": 357685472,
        "jsHeapMinLabel": "355589 kB",
        "jsHeapMaxLabel": "357.7 MB",
        "documentsMin": 3,
        "documentsMax": 3,
        "nodesMin": 1897,
        "nodesMax": 1897,
        "listenersMin": 145,
        "listenersMax": 145
      },
      "runs": 3,
      "hookTiming": 138.93333333332944
    },
    "source-data-validator-load": {
      "rangeStart": 0,
      "rangeEnd": 8843,
      "total": 8843,
      "categories": {
        "other": 1651.9496666667335,
        "rendering": 22.64199999999255,
        "scripting": 7165.03766666662,
        "idle": 3.8863333333089636
      },
      "updateCounters": {
        "sampleCount": 60,
        "jsHeapMinBytes": 720915168,
        "jsHeapMaxBytes": 1510750112,
        "jsHeapMinLabel": "720915 kB",
        "jsHeapMaxLabel": "1510.8 MB",
        "documentsMin": 1,
        "documentsMax": 1,
        "nodesMin": 3600,
        "nodesMax": 4759,
        "listenersMin": 383,
        "listenersMax": 459
      },
      "runs": 3
    }
  }
}