{
  "timestamp": "2026-04-29T09:03:45.137Z",
  "scenarios": {
    "cell-editing": {
      "rangeStart": 0,
      "rangeEnd": 2883,
      "total": 2883,
      "categories": {
        "other": 239.29433333306028,
        "rendering": 277.8496666667682,
        "scripting": 451.07566666660523,
        "painting": 55.07766666673706,
        "idle": 1859.0580000001694
      },
      "updateCounters": {
        "sampleCount": 2103,
        "jsHeapMinBytes": 15171872,
        "jsHeapMaxBytes": 28502830.666666668,
        "jsHeapMinLabel": "15172 kb",
        "jsHeapMaxLabel": "28.5 Mb",
        "documentsMin": 2,
        "documentsMax": 2,
        "nodesMin": 1030,
        "nodesMax": 1109,
        "listenersMin": 173,
        "listenersMax": 329
      },
      "runs": 3
    },
    "filtering": {
      "rangeStart": 0,
      "rangeEnd": 354,
      "total": 354,
      "categories": {
        "other": 338.64973333332586,
        "rendering": 2.218666666667559,
        "scripting": 11.913283333331345,
        "painting": 0,
        "idle": 1.5136666666755143
      },
      "updateCounters": {
        "sampleCount": 1,
        "jsHeapMinBytes": 143558572,
        "jsHeapMaxBytes": 143558572,
        "jsHeapMinLabel": "143559 kb",
        "jsHeapMaxLabel": "143.6 Mb",
        "documentsMin": 4,
        "documentsMax": 4,
        "nodesMin": 1987,
        "nodesMax": 1987,
        "listenersMin": 199,
        "listenersMax": 199
      },
      "runs": 3,
      "hookTiming": 5.433333333339154
    },
    "scroll-down": {
      "rangeStart": 0,
      "rangeEnd": 16714,
      "total": 16714,
      "categories": {
        "other": 150.15399999979067,
        "rendering": 20.75899999946705,
        "painting": 21.47600000020854,
        "scripting": 116.42666666674933,
        "idle": 16405.370666667117
      },
      "updateCounters": {
        "sampleCount": 501,
        "jsHeapMinBytes": 26857380,
        "jsHeapMaxBytes": 30898713.333333332,
        "jsHeapMinLabel": "26857 kb",
        "jsHeapMaxLabel": "30.9 Mb",
        "documentsMin": 2,
        "documentsMax": 2,
        "nodesMin": 150268,
        "nodesMax": 150307,
        "listenersMin": 156,
        "listenersMax": 156
      },
      "runs": 3
    },
    "scroll-left": {
      "rangeStart": 0,
      "rangeEnd": 16693,
      "total": 16693,
      "categories": {
        "other": 511.12933333320774,
        "rendering": 2236.5500000000175,
        "scripting": 2330.0499999996987,
        "painting": 608.8663333331837,
        "idle": 11006.190000000564
      },
      "updateCounters": {
        "sampleCount": 3087,
        "jsHeapMinBytes": 15973326.666666666,
        "jsHeapMaxBytes": 26866186.666666668,
        "jsHeapMinLabel": "15973 kb",
        "jsHeapMaxLabel": "26.9 Mb",
        "documentsMin": 2,
        "documentsMax": 2,
        "nodesMin": 1078,
        "nodesMax": 1171,
        "listenersMin": 156,
        "listenersMax": 156
      },
      "runs": 3
    },
    "scroll-right": {
      "rangeStart": 0,
      "rangeEnd": 13602,
      "total": 13602,
      "categories": {
        "rendering": 324.4696666683497,
        "scripting": 358.15933333276445,
        "painting": 98.34466666640947,
        "other": 145.20899999883585,
        "idle": 12675.844266666993
      },
      "updateCounters": {
        "sampleCount": 860,
        "jsHeapMinBytes": 16369982.666666666,
        "jsHeapMaxBytes": 21366950.666666668,
        "jsHeapMinLabel": "16370 kb",
        "jsHeapMaxLabel": "21.4 Mb",
        "documentsMin": 2,
        "documentsMax": 2,
        "nodesMin": 1078,
        "nodesMax": 1110,
        "listenersMin": 156,
        "listenersMax": 156
      },
      "runs": 3
    },
    "scroll-up": {
      "rangeStart": 0,
      "rangeEnd": 14553,
      "total": 14553,
      "categories": {
        "other": 267.4930000000436,
        "rendering": 1745.7336666663953,
        "scripting": 1723.2740000002786,
        "painting": 392.62699999986216,
        "idle": 10423.49740000009
      },
      "updateCounters": {
        "sampleCount": 927,
        "jsHeapMinBytes": 28012461.333333332,
        "jsHeapMaxBytes": 56570232,
        "jsHeapMinLabel": "28012 kb",
        "jsHeapMaxLabel": "56.6 Mb",
        "documentsMin": 2,
        "documentsMax": 2,
        "nodesMin": 150274,
        "nodesMax": 150754,
        "listenersMin": 156,
        "listenersMax": 156
      },
      "runs": 3
    },
    "sorting": {
      "rangeStart": 0,
      "rangeEnd": 348,
      "total": 348,
      "categories": {
        "other": 342.0350000000246,
        "rendering": 0.10300000000279397,
        "scripting": 4.540716666658719,
        "painting": 0,
        "idle": 1.27266666663733
      },
      "updateCounters": {
        "sampleCount": 2,
        "jsHeapMinBytes": 141713572,
        "jsHeapMaxBytes": 147066500,
        "jsHeapMinLabel": "141714 kb",
        "jsHeapMaxLabel": "147.1 Mb",
        "documentsMin": 4,
        "documentsMax": 4,
        "nodesMin": 1913,
        "nodesMax": 1915,
        "listenersMin": 143,
        "listenersMax": 143
      },
      "runs": 3,
      "hookTiming": 13.433333333329452
    }
  }
}