{
  "timestamp": "2026-06-03T07:22:26.722Z",
  "scenarios": {
    "cell-editing": {
      "rangeStart": 0,
      "rangeEnd": 2750,
      "total": 2750,
      "categories": {
        "other": 238.63633333307743,
        "rendering": 245.37499999991755,
        "scripting": 394.32300000003175,
        "painting": 46.82600000004944,
        "idle": 1824.5776666669215
      },
      "updateCounters": {
        "sampleCount": 2123,
        "jsHeapMinBytes": 15434278.666666666,
        "jsHeapMaxBytes": 28901480,
        "jsHeapMinLabel": "15434 kb",
        "jsHeapMaxLabel": "28.9 Mb",
        "documentsMin": 2,
        "documentsMax": 2,
        "nodesMin": 1032,
        "nodesMax": 1113,
        "listenersMin": 175,
        "listenersMax": 335
      },
      "runs": 3
    },
    "filtering": {
      "rangeStart": 0,
      "rangeEnd": 401,
      "total": 401,
      "categories": {
        "other": 383.9532333333377,
        "rendering": 2.769766666664509,
        "scripting": 12.993783333329832,
        "painting": 0.3706499999971129,
        "idle": 1.2776666666662397
      },
      "updateCounters": {
        "sampleCount": 1,
        "jsHeapMinBytes": 158412582.66666666,
        "jsHeapMaxBytes": 158412632,
        "jsHeapMinLabel": "158413 kb",
        "jsHeapMaxLabel": "158.4 Mb",
        "documentsMin": 4,
        "documentsMax": 4,
        "nodesMin": 1985,
        "nodesMax": 1985,
        "listenersMin": 201,
        "listenersMax": 201
      },
      "runs": 3,
      "hookTiming": 4.2666666666676365
    },
    "scroll-down": {
      "rangeStart": 0,
      "rangeEnd": 16726,
      "total": 16726,
      "categories": {
        "other": 182.47666666710361,
        "rendering": 24.787999999981064,
        "painting": 24.90666666638087,
        "scripting": 139.76133333331595,
        "idle": 16354.274333333213
      },
      "updateCounters": {
        "sampleCount": 501,
        "jsHeapMinBytes": 26858433.333333332,
        "jsHeapMaxBytes": 27839664,
        "jsHeapMinLabel": "26858 kb",
        "jsHeapMaxLabel": "27.8 Mb",
        "documentsMin": 2,
        "documentsMax": 2,
        "nodesMin": 150270,
        "nodesMax": 150270,
        "listenersMin": 158,
        "listenersMax": 158
      },
      "runs": 3
    },
    "scroll-left": {
      "rangeStart": 0,
      "rangeEnd": 16718,
      "total": 16718,
      "categories": {
        "other": 591.8730000005421,
        "rendering": 2428.3353333334867,
        "painting": 825.9650000004622,
        "scripting": 2636.272333332399,
        "idle": 10235.77666666644
      },
      "updateCounters": {
        "sampleCount": 3039,
        "jsHeapMinBytes": 16166006.666666666,
        "jsHeapMaxBytes": 30200445.333333332,
        "jsHeapMinLabel": "16166 kb",
        "jsHeapMaxLabel": "30.2 Mb",
        "documentsMin": 2,
        "documentsMax": 2,
        "nodesMin": 1080,
        "nodesMax": 1080,
        "listenersMin": 158,
        "listenersMax": 158
      },
      "runs": 3
    },
    "scroll-right": {
      "rangeStart": 0,
      "rangeEnd": 13602,
      "total": 13602,
      "categories": {
        "rendering": 370.7006666663219,
        "scripting": 450.6149999996994,
        "painting": 139.11900000012247,
        "other": 212.12100000057663,
        "idle": 12429.199933333273
      },
      "updateCounters": {
        "sampleCount": 861,
        "jsHeapMinBytes": 16475537.333333334,
        "jsHeapMaxBytes": 21580190.666666668,
        "jsHeapMinLabel": "16476 kb",
        "jsHeapMaxLabel": "21.6 Mb",
        "documentsMin": 2,
        "documentsMax": 2,
        "nodesMin": 1080,
        "nodesMax": 1080,
        "listenersMin": 158,
        "listenersMax": 158
      },
      "runs": 3
    },
    "scroll-up": {
      "rangeStart": 0,
      "rangeEnd": 14550,
      "total": 14550,
      "categories": {
        "other": 376.91399999777786,
        "rendering": 1870.553666666965,
        "scripting": 1989.43366666761,
        "painting": 492.71933333373937,
        "idle": 9820.580866667247
      },
      "updateCounters": {
        "sampleCount": 953,
        "jsHeapMinBytes": 27908853.333333332,
        "jsHeapMaxBytes": 49583097.333333336,
        "jsHeapMinLabel": "27909 kb",
        "jsHeapMaxLabel": "49.6 Mb",
        "documentsMin": 2,
        "documentsMax": 2,
        "nodesMin": 150270,
        "nodesMax": 150274,
        "listenersMin": 158,
        "listenersMax": 158
      },
      "runs": 3
    },
    "sorting": {
      "rangeStart": 0,
      "rangeEnd": 400,
      "total": 400,
      "categories": {
        "other": 390.44864999998225,
        "rendering": 1.7393333333311602,
        "scripting": 6.622666666666667,
        "painting": 0,
        "idle": 1.1449999999798213
      },
      "updateCounters": {
        "sampleCount": 1,
        "jsHeapMinBytes": 154284972,
        "jsHeapMaxBytes": 154284972,
        "jsHeapMinLabel": "154285 kb",
        "jsHeapMaxLabel": "154.3 Mb",
        "documentsMin": 4,
        "documentsMax": 4,
        "nodesMin": 1911,
        "nodesMax": 1911,
        "listenersMin": 145,
        "listenersMax": 145
      },
      "runs": 3,
      "hookTiming": 12.466666666674428
    }
  }
}