{
  "timestamp": "2026-05-12T13:52:05.010Z",
  "scenarios": {
    "cell-editing": {
      "rangeStart": 0,
      "rangeEnd": 2758,
      "total": 2758,
      "categories": {
        "other": 223.87833333290897,
        "rendering": 239.54766666691285,
        "scripting": 403.783666666394,
        "painting": 48.95933333350695,
        "idle": 1841.810000000279
      },
      "updateCounters": {
        "sampleCount": 2101,
        "jsHeapMinBytes": 15265338.666666666,
        "jsHeapMaxBytes": 27990952,
        "jsHeapMinLabel": "15265 kb",
        "jsHeapMaxLabel": "28.0 Mb",
        "documentsMin": 2,
        "documentsMax": 2,
        "nodesMin": 1030,
        "nodesMax": 1105,
        "listenersMin": 175,
        "listenersMax": 323
      },
      "runs": 3
    },
    "filtering": {
      "rangeStart": 0,
      "rangeEnd": 355,
      "total": 355,
      "categories": {
        "other": 340.5828500000052,
        "rendering": 2.0552333333277297,
        "scripting": 11.577866666669957,
        "painting": 0,
        "idle": 1.3773333333277453
      },
      "updateCounters": {
        "sampleCount": 1,
        "jsHeapMinBytes": 155904572,
        "jsHeapMaxBytes": 155904572,
        "jsHeapMinLabel": "155905 kb",
        "jsHeapMaxLabel": "155.9 Mb",
        "documentsMin": 4,
        "documentsMax": 4,
        "nodesMin": 1981,
        "nodesMax": 1981,
        "listenersMin": 201,
        "listenersMax": 201
      },
      "runs": 3,
      "hookTiming": 4.366666666658905
    },
    "scroll-down": {
      "rangeStart": 0,
      "rangeEnd": 16722,
      "total": 16722,
      "categories": {
        "other": 159.3276666677027,
        "rendering": 20.88633333314404,
        "painting": 22.485333333238184,
        "scripting": 127.71033333320001,
        "idle": 16391.448333332733
      },
      "updateCounters": {
        "sampleCount": 501,
        "jsHeapMinBytes": 27041820,
        "jsHeapMaxBytes": 35113929.333333336,
        "jsHeapMinLabel": "27042 kb",
        "jsHeapMaxLabel": "35.1 Mb",
        "documentsMin": 2,
        "documentsMax": 2,
        "nodesMin": 150268,
        "nodesMax": 150293,
        "listenersMin": 158,
        "listenersMax": 158
      },
      "runs": 3
    },
    "scroll-left": {
      "rangeStart": 0,
      "rangeEnd": 16704,
      "total": 16704,
      "categories": {
        "other": 533.8036666642874,
        "rendering": 2343.23300000026,
        "scripting": 2438.226333331375,
        "painting": 646.0830000008573,
        "idle": 10742.06733333655
      },
      "updateCounters": {
        "sampleCount": 3042,
        "jsHeapMinBytes": 16046648,
        "jsHeapMaxBytes": 30788785.333333332,
        "jsHeapMinLabel": "16047 kb",
        "jsHeapMaxLabel": "30.8 Mb",
        "documentsMin": 2,
        "documentsMax": 2,
        "nodesMin": 1078,
        "nodesMax": 1172,
        "listenersMin": 158,
        "listenersMax": 158
      },
      "runs": 3
    },
    "scroll-right": {
      "rangeStart": 0,
      "rangeEnd": 13609,
      "total": 13609,
      "categories": {
        "rendering": 354.35599999901996,
        "scripting": 403.8463333329475,
        "painting": 110.36366666694327,
        "other": 171.16433333372137,
        "idle": 12568.806366667384
      },
      "updateCounters": {
        "sampleCount": 860,
        "jsHeapMinBytes": 16435096,
        "jsHeapMaxBytes": 21433462.666666668,
        "jsHeapMinLabel": "16435 kb",
        "jsHeapMaxLabel": "21.4 Mb",
        "documentsMin": 2,
        "documentsMax": 2,
        "nodesMin": 1078,
        "nodesMax": 1110,
        "listenersMin": 158,
        "listenersMax": 158
      },
      "runs": 3
    },
    "scroll-up": {
      "rangeStart": 0,
      "rangeEnd": 15297,
      "total": 15297,
      "categories": {
        "other": 292.7043333317566,
        "rendering": 1843.651000001196,
        "scripting": 1865.413999999281,
        "painting": 398.11466666691314,
        "idle": 10896.819950000849
      },
      "updateCounters": {
        "sampleCount": 948,
        "jsHeapMinBytes": 27929260,
        "jsHeapMaxBytes": 50054518.666666664,
        "jsHeapMinLabel": "27929 kb",
        "jsHeapMaxLabel": "50.1 Mb",
        "documentsMin": 2,
        "documentsMax": 2,
        "nodesMin": 150273,
        "nodesMax": 150746,
        "listenersMin": 158,
        "listenersMax": 158
      },
      "runs": 3
    },
    "sorting": {
      "rangeStart": 0,
      "rangeEnd": 347,
      "total": 347,
      "categories": {
        "other": 338.4608333334018,
        "rendering": 1.1726499999834534,
        "scripting": 5.210699999988079,
        "painting": 0.2373333333331781,
        "idle": 1.2249999999573145
      },
      "updateCounters": {
        "sampleCount": 2,
        "jsHeapMinBytes": 141767316,
        "jsHeapMaxBytes": 147141672,
        "jsHeapMinLabel": "141767 kb",
        "jsHeapMaxLabel": "147.1 Mb",
        "documentsMin": 4,
        "documentsMax": 4,
        "nodesMin": 1913,
        "nodesMax": 1915,
        "listenersMin": 145,
        "listenersMax": 145
      },
      "runs": 3,
      "hookTiming": 11.700000000011642
    }
  }
}