{
  "timestamp": "2026-06-25T13:05:13.197Z",
  "scenarios": {
    "cell-editing": {
      "rangeStart": 0,
      "rangeEnd": 2863,
      "total": 2863,
      "categories": {
        "other": 211.45700000026565,
        "rendering": 352.95366666680883,
        "scripting": 409.79166666652685,
        "painting": 46.972333333304654,
        "idle": 1842.446666666423
      },
      "updateCounters": {
        "sampleCount": 2125,
        "jsHeapMinBytes": 12252629.333333334,
        "jsHeapMaxBytes": 19754616,
        "jsHeapMinLabel": "12253 kB",
        "jsHeapMaxLabel": "19.8 MB",
        "documentsMin": 1,
        "documentsMax": 1,
        "nodesMin": 816,
        "nodesMax": 1162,
        "listenersMin": 176,
        "listenersMax": 376
      },
      "runs": 3
    },
    "filtering": {
      "rangeStart": 0,
      "rangeEnd": 600,
      "total": 600,
      "categories": {
        "other": 583.3489999999973,
        "scripting": 14.99140000000367,
        "rendering": 0,
        "painting": 0,
        "idle": 1.2103333333361472
      },
      "updateCounters": {
        "sampleCount": 2,
        "jsHeapMinBytes": 371014876,
        "jsHeapMaxBytes": 389796034.6666667,
        "jsHeapMinLabel": "371015 kB",
        "jsHeapMaxLabel": "389.8 MB",
        "documentsMin": 2,
        "documentsMax": 2,
        "nodesMin": 1938,
        "nodesMax": 1938,
        "listenersMin": 204,
        "listenersMax": 204
      },
      "runs": 3,
      "hookTiming": 81.9333333333343
    },
    "initial-load": {
      "rangeStart": 0,
      "rangeEnd": 645,
      "total": 645,
      "categories": {
        "other": 543.8263333333334,
        "rendering": 15.874333333335622,
        "scripting": 82.55894999999359,
        "idle": 2.386333333333217,
        "painting": 0.023000000001047738
      },
      "updateCounters": {
        "sampleCount": 3,
        "jsHeapMinBytes": 309321746.6666667,
        "jsHeapMaxBytes": 310152728,
        "jsHeapMinLabel": "309322 kB",
        "jsHeapMaxLabel": "310.2 MB",
        "documentsMin": 1,
        "documentsMax": 1,
        "nodesMin": 4780,
        "nodesMax": 5363,
        "listenersMin": 459,
        "listenersMax": 497
      },
      "runs": 3
    },
    "scroll-down": {
      "rangeStart": 0,
      "rangeEnd": 10039,
      "total": 10039,
      "categories": {
        "rendering": 889.550666665959,
        "scripting": 855.8596666667469,
        "painting": 271.76666666665307,
        "other": 243.06966666733356,
        "idle": 7779.043383333318
      },
      "updateCounters": {
        "sampleCount": 899,
        "jsHeapMinBytes": 38388636,
        "jsHeapMaxBytes": 55814365.333333336,
        "jsHeapMinLabel": "38389 kB",
        "jsHeapMaxLabel": "55.8 MB",
        "documentsMin": 1,
        "documentsMax": 1,
        "nodesMin": 1754,
        "nodesMax": 1898,
        "listenersMin": 158,
        "listenersMax": 158
      },
      "runs": 3
    },
    "scroll-left": {
      "rangeStart": 0,
      "rangeEnd": 16701,
      "total": 16701,
      "categories": {
        "other": 554.939333334065,
        "rendering": 2198.5593333325523,
        "painting": 743.8706666670041,
        "scripting": 2714.3643333325995,
        "idle": 10488.74600000045
      },
      "updateCounters": {
        "sampleCount": 3060,
        "jsHeapMinBytes": 14292884,
        "jsHeapMaxBytes": 24314478.666666668,
        "jsHeapMinLabel": "14293 kB",
        "jsHeapMaxLabel": "24.3 MB",
        "documentsMin": 1,
        "documentsMax": 1,
        "nodesMin": 1071,
        "nodesMax": 1101,
        "listenersMin": 158,
        "listenersMax": 158
      },
      "runs": 3
    },
    "scroll-right": {
      "rangeStart": 0,
      "rangeEnd": 13605,
      "total": 13605,
      "categories": {
        "rendering": 309.7460000003145,
        "scripting": 428.15966666727127,
        "painting": 118.65433333319379,
        "other": 176.94766666615428,
        "idle": 12571.13769999973
      },
      "updateCounters": {
        "sampleCount": 863,
        "jsHeapMinBytes": 15210766.666666666,
        "jsHeapMaxBytes": 20178510.666666668,
        "jsHeapMinLabel": "15211 kB",
        "jsHeapMaxLabel": "20.2 MB",
        "documentsMin": 1,
        "documentsMax": 1,
        "nodesMin": 1051,
        "nodesMax": 1061,
        "listenersMin": 158,
        "listenersMax": 158
      },
      "runs": 3
    },
    "scroll-up": {
      "rangeStart": 0,
      "rangeEnd": 16743,
      "total": 16743,
      "categories": {
        "other": 723.8026666629509,
        "rendering": 3961.649333335983,
        "painting": 1197.0876666675322,
        "scripting": 3428.212333331436,
        "idle": 7431.764666668761
      },
      "updateCounters": {
        "sampleCount": 2312,
        "jsHeapMinBytes": 34066157.333333336,
        "jsHeapMaxBytes": 62057642.666666664,
        "jsHeapMinLabel": "34066 kB",
        "jsHeapMaxLabel": "62.1 MB",
        "documentsMin": 1,
        "documentsMax": 1,
        "nodesMin": 1795,
        "nodesMax": 2167,
        "listenersMin": 158,
        "listenersMax": 158
      },
      "runs": 3
    },
    "sorting": {
      "rangeStart": 0,
      "rangeEnd": 745,
      "total": 745,
      "categories": {
        "other": 638.1930000000251,
        "scripting": 98.85581666668038,
        "rendering": 4.146999999997206,
        "painting": 0.7519999999979822,
        "idle": 3.0473333332920447
      },
      "updateCounters": {
        "sampleCount": 3,
        "jsHeapMinBytes": 394929170.6666667,
        "jsHeapMaxBytes": 401130196,
        "jsHeapMinLabel": "394929 kB",
        "jsHeapMaxLabel": "401.1 MB",
        "documentsMin": 2,
        "documentsMax": 2,
        "nodesMin": 1867,
        "nodesMax": 1867,
        "listenersMin": 145,
        "listenersMax": 145
      },
      "runs": 3,
      "hookTiming": 204.2333333333372
    },
    "source-data-validator-load": {
      "rangeStart": 0,
      "rangeEnd": 9202,
      "total": 9202,
      "categories": {
        "other": 1634.330333333386,
        "rendering": 23.495333333344508,
        "scripting": 7540.703999999948,
        "painting": 0.017500000016298145,
        "idle": 3.417666666636554
      },
      "updateCounters": {
        "sampleCount": 61,
        "jsHeapMinBytes": 590348957.3333334,
        "jsHeapMaxBytes": 1381726692,
        "jsHeapMinLabel": "590349 kB",
        "jsHeapMaxLabel": "1381.7 MB",
        "documentsMin": 1,
        "documentsMax": 1,
        "nodesMin": 3587,
        "nodesMax": 4759,
        "listenersMin": 377,
        "listenersMax": 459
      },
      "runs": 3
    }
  }
}