{
  "timestamp": "2026-06-01T09:56:53.620Z",
  "scenarios": {
    "cell-editing": {
      "rangeStart": 0,
      "rangeEnd": 2793,
      "total": 2793,
      "categories": {
        "other": 234.91366666572915,
        "rendering": 252.02133333155265,
        "scripting": 423.03366667045776,
        "painting": 50.399999999829255,
        "idle": 1833.1209999991115
      },
      "updateCounters": {
        "sampleCount": 2123,
        "jsHeapMinBytes": 15422277.333333334,
        "jsHeapMaxBytes": 28215066.666666668,
        "jsHeapMinLabel": "15422 kb",
        "jsHeapMaxLabel": "28.2 Mb",
        "documentsMin": 2,
        "documentsMax": 2,
        "nodesMin": 1032,
        "nodesMax": 1109,
        "listenersMin": 175,
        "listenersMax": 327
      },
      "runs": 3
    },
    "filtering": {
      "rangeStart": 0,
      "rangeEnd": 370,
      "total": 370,
      "categories": {
        "other": 355.593150000127,
        "rendering": 1.965999999937291,
        "scripting": 11.21869999996821,
        "painting": 0,
        "idle": 1.3479999999981374
      },
      "updateCounters": {
        "sampleCount": 1,
        "jsHeapMinBytes": 158447348,
        "jsHeapMaxBytes": 158447397.33333334,
        "jsHeapMinLabel": "158447 kb",
        "jsHeapMaxLabel": "158.4 Mb",
        "documentsMin": 4,
        "documentsMax": 4,
        "nodesMin": 1985,
        "nodesMax": 1985,
        "listenersMin": 201,
        "listenersMax": 201
      },
      "runs": 3,
      "hookTiming": 5.599999999976717
    },
    "scroll-down": {
      "rangeStart": 0,
      "rangeEnd": 16721,
      "total": 16721,
      "categories": {
        "other": 173.8979999979508,
        "rendering": 22.419666667546455,
        "painting": 25.866000000038184,
        "scripting": 135.0323333331601,
        "idle": 16364.12466666793
      },
      "updateCounters": {
        "sampleCount": 501,
        "jsHeapMinBytes": 26844036,
        "jsHeapMaxBytes": 29079581.333333332,
        "jsHeapMinLabel": "26844 kb",
        "jsHeapMaxLabel": "29.1 Mb",
        "documentsMin": 2,
        "documentsMax": 2,
        "nodesMin": 150270,
        "nodesMax": 150270,
        "listenersMin": 158,
        "listenersMax": 158
      },
      "runs": 3
    },
    "scroll-left": {
      "rangeStart": 0,
      "rangeEnd": 16700,
      "total": 16700,
      "categories": {
        "other": 522.5403333307391,
        "rendering": 2260.0836666666437,
        "scripting": 2594.699333332293,
        "painting": 744.1106666676156,
        "idle": 10577.971333336047
      },
      "updateCounters": {
        "sampleCount": 3040,
        "jsHeapMinBytes": 16154818.666666666,
        "jsHeapMaxBytes": 30250069.333333332,
        "jsHeapMinLabel": "16155 kb",
        "jsHeapMaxLabel": "30.3 Mb",
        "documentsMin": 2,
        "documentsMax": 2,
        "nodesMin": 1080,
        "nodesMax": 1080,
        "listenersMin": 158,
        "listenersMax": 158
      },
      "runs": 3
    },
    "scroll-right": {
      "rangeStart": 0,
      "rangeEnd": 13605,
      "total": 13605,
      "categories": {
        "rendering": 325.5910000003253,
        "scripting": 432.4910000002021,
        "painting": 123.92733333372355,
        "other": 179.29300000052027,
        "idle": 12543.851249998552
      },
      "updateCounters": {
        "sampleCount": 861,
        "jsHeapMinBytes": 16516378.666666666,
        "jsHeapMaxBytes": 21442718.666666668,
        "jsHeapMinLabel": "16516 kb",
        "jsHeapMaxLabel": "21.4 Mb",
        "documentsMin": 2,
        "documentsMax": 2,
        "nodesMin": 1080,
        "nodesMax": 1080,
        "listenersMin": 158,
        "listenersMax": 158
      },
      "runs": 3
    },
    "scroll-up": {
      "rangeStart": 0,
      "rangeEnd": 14537,
      "total": 14537,
      "categories": {
        "other": 362.3073333404803,
        "rendering": 1799.3233333274645,
        "scripting": 1995.9610000019118,
        "painting": 485.99099999887403,
        "idle": 9892.97226666465
      },
      "updateCounters": {
        "sampleCount": 952,
        "jsHeapMinBytes": 27903789.333333332,
        "jsHeapMaxBytes": 49655904,
        "jsHeapMinLabel": "27904 kb",
        "jsHeapMaxLabel": "49.7 Mb",
        "documentsMin": 2,
        "documentsMax": 2,
        "nodesMin": 150270,
        "nodesMax": 150274,
        "listenersMin": 158,
        "listenersMax": 158
      },
      "runs": 3
    },
    "sorting": {
      "rangeStart": 0,
      "rangeEnd": 363,
      "total": 363,
      "categories": {
        "other": 355.45849999998694,
        "rendering": 0.13740000004569689,
        "scripting": 5.88375,
        "painting": 0,
        "idle": 1.160333333304152
      },
      "updateCounters": {
        "sampleCount": 1,
        "jsHeapMinBytes": 161141932,
        "jsHeapMaxBytes": 161141932,
        "jsHeapMinLabel": "161142 kb",
        "jsHeapMaxLabel": "161.1 Mb",
        "documentsMin": 4,
        "documentsMax": 4,
        "nodesMin": 1911,
        "nodesMax": 1911,
        "listenersMin": 145,
        "listenersMax": 145
      },
      "runs": 3,
      "hookTiming": 12.699999999992238
    }
  }
}