{
  "timestamp": "2026-06-10T08:23:38.316Z",
  "scenarios": {
    "cell-editing": {
      "rangeStart": 0,
      "rangeEnd": 2906,
      "total": 2906,
      "categories": {
        "other": 247.00566666696986,
        "rendering": 298.3616666670423,
        "scripting": 449.5763333328601,
        "painting": 59.99833333335604,
        "idle": 1851.1006666664373
      },
      "updateCounters": {
        "sampleCount": 2122,
        "jsHeapMinBytes": 15119313.333333334,
        "jsHeapMaxBytes": 30055365.333333332,
        "jsHeapMinLabel": "15119 kb",
        "jsHeapMaxLabel": "30.1 Mb",
        "documentsMin": 1,
        "documentsMax": 1,
        "nodesMin": 1030,
        "nodesMax": 1123,
        "listenersMin": 176,
        "listenersMax": 358
      },
      "runs": 3
    },
    "filtering": {
      "rangeStart": 0,
      "rangeEnd": 388,
      "total": 388,
      "categories": {
        "other": 371.6634499999927,
        "rendering": 2.59458333333896,
        "scripting": 12.691116666668755,
        "painting": 0,
        "idle": 1.2886666666599922
      },
      "updateCounters": {
        "sampleCount": 1,
        "jsHeapMinBytes": 157526426.66666666,
        "jsHeapMaxBytes": 157526426.66666666,
        "jsHeapMinLabel": "157526 kb",
        "jsHeapMaxLabel": "157.5 Mb",
        "documentsMin": 3,
        "documentsMax": 3,
        "nodesMin": 1983,
        "nodesMax": 1983,
        "listenersMin": 201,
        "listenersMax": 201
      },
      "runs": 3,
      "hookTiming": 5.0666666666656965
    },
    "scroll-down": {
      "rangeStart": 0,
      "rangeEnd": 16725,
      "total": 16725,
      "categories": {
        "other": 195.49900000121534,
        "rendering": 24.889666666111832,
        "painting": 26.773000000185373,
        "scripting": 142.7399999999017,
        "idle": 16335.190666665914
      },
      "updateCounters": {
        "sampleCount": 501,
        "jsHeapMinBytes": 26587569.333333332,
        "jsHeapMaxBytes": 29886816,
        "jsHeapMinLabel": "26588 kb",
        "jsHeapMaxLabel": "29.9 Mb",
        "documentsMin": 1,
        "documentsMax": 1,
        "nodesMin": 150268,
        "nodesMax": 150268,
        "listenersMin": 158,
        "listenersMax": 158
      },
      "runs": 3
    },
    "scroll-left": {
      "rangeStart": 0,
      "rangeEnd": 16716,
      "total": 16716,
      "categories": {
        "other": 561.1240000007327,
        "rendering": 2444.7926666659673,
        "painting": 821.6559999999494,
        "scripting": 2570.996333333184,
        "idle": 10317.39966666683
      },
      "updateCounters": {
        "sampleCount": 3042,
        "jsHeapMinBytes": 15439580,
        "jsHeapMaxBytes": 30664954.666666668,
        "jsHeapMinLabel": "15440 kb",
        "jsHeapMaxLabel": "30.7 Mb",
        "documentsMin": 1,
        "documentsMax": 1,
        "nodesMin": 1078,
        "nodesMax": 1078,
        "listenersMin": 158,
        "listenersMax": 158
      },
      "runs": 3
    },
    "scroll-right": {
      "rangeStart": 0,
      "rangeEnd": 13610,
      "total": 13610,
      "categories": {
        "rendering": 360.6510000003618,
        "scripting": 425.4280000007013,
        "painting": 135.25499999971362,
        "other": 195.8906666672478,
        "idle": 12493.021966665334
      },
      "updateCounters": {
        "sampleCount": 860,
        "jsHeapMinBytes": 16143137.333333334,
        "jsHeapMaxBytes": 21178538.666666668,
        "jsHeapMinLabel": "16143 kb",
        "jsHeapMaxLabel": "21.2 Mb",
        "documentsMin": 1,
        "documentsMax": 1,
        "nodesMin": 1078,
        "nodesMax": 1078,
        "listenersMin": 158,
        "listenersMax": 158
      },
      "runs": 3
    },
    "scroll-up": {
      "rangeStart": 0,
      "rangeEnd": 14549,
      "total": 14549,
      "categories": {
        "other": 372.3330000011359,
        "rendering": 1809.4040000005625,
        "scripting": 1900.9953333324645,
        "painting": 462.6163333323784,
        "idle": 10003.895866666766
      },
      "updateCounters": {
        "sampleCount": 953,
        "jsHeapMinBytes": 27626666.666666668,
        "jsHeapMaxBytes": 49355750.666666664,
        "jsHeapMinLabel": "27627 kb",
        "jsHeapMaxLabel": "49.4 Mb",
        "documentsMin": 1,
        "documentsMax": 1,
        "nodesMin": 150268,
        "nodesMax": 150272,
        "listenersMin": 158,
        "listenersMax": 158
      },
      "runs": 3
    },
    "sorting": {
      "rangeStart": 0,
      "rangeEnd": 386,
      "total": 386,
      "categories": {
        "other": 378.2440166666733,
        "rendering": 0.9170499999891035,
        "scripting": 5.816533333321413,
        "painting": 0,
        "idle": 1.220666666670392
      },
      "updateCounters": {
        "sampleCount": 1,
        "jsHeapMinBytes": 153975104,
        "jsHeapMaxBytes": 153975104,
        "jsHeapMinLabel": "153975 kb",
        "jsHeapMaxLabel": "154.0 Mb",
        "documentsMin": 3,
        "documentsMax": 3,
        "nodesMin": 1909,
        "nodesMax": 1909,
        "listenersMin": 145,
        "listenersMax": 145
      },
      "runs": 3,
      "hookTiming": 12.533333333325572
    }
  }
}