{
  "timestamp": "2026-05-06T05:24:34.430Z",
  "scenarios": {
    "cell-editing": {
      "rangeStart": 0,
      "rangeEnd": 2825,
      "total": 2825,
      "categories": {
        "other": 256.36999999999995,
        "rendering": 254.09000000000137,
        "scripting": 430.4656666667242,
        "painting": 49.3193333333135,
        "idle": 1834.9956666666355
      },
      "updateCounters": {
        "sampleCount": 2103,
        "jsHeapMinBytes": 18289448,
        "jsHeapMaxBytes": 39483270.666666664,
        "jsHeapMinLabel": "18289 kb",
        "jsHeapMaxLabel": "39.5 Mb",
        "documentsMin": 2,
        "documentsMax": 2,
        "nodesMin": 1044,
        "nodesMax": 1191,
        "listenersMin": 194,
        "listenersMax": 514
      },
      "runs": 3
    },
    "filtering": {
      "rangeStart": 0,
      "rangeEnd": 385,
      "total": 385,
      "categories": {
        "other": 367.441333333337,
        "rendering": 1.875599999994544,
        "scripting": 13.041033333331347,
        "painting": 0,
        "idle": 2.085333333336166
      },
      "updateCounters": {
        "sampleCount": 1,
        "jsHeapMinBytes": 149379416,
        "jsHeapMaxBytes": 149379416,
        "jsHeapMinLabel": "149379 kb",
        "jsHeapMaxLabel": "149.4 Mb",
        "documentsMin": 4,
        "documentsMax": 4,
        "nodesMin": 1984,
        "nodesMax": 1984,
        "listenersMin": 201,
        "listenersMax": 201
      },
      "runs": 3,
      "hookTiming": 4.29999999999806
    },
    "scroll-down": {
      "rangeStart": 0,
      "rangeEnd": 16730,
      "total": 16730,
      "categories": {
        "other": 161.85833333203118,
        "rendering": 22.040000000444707,
        "painting": 22.389666666596895,
        "scripting": 127.828333333131,
        "idle": 16396.43700000113
      },
      "updateCounters": {
        "sampleCount": 501,
        "jsHeapMinBytes": 26908622.666666668,
        "jsHeapMaxBytes": 30266848,
        "jsHeapMinLabel": "26909 kb",
        "jsHeapMaxLabel": "30.3 Mb",
        "documentsMin": 2,
        "documentsMax": 2,
        "nodesMin": 150268,
        "nodesMax": 150305,
        "listenersMin": 158,
        "listenersMax": 158
      },
      "runs": 3
    },
    "scroll-left": {
      "rangeStart": 0,
      "rangeEnd": 16709,
      "total": 16709,
      "categories": {
        "other": 504.8559999973649,
        "rendering": 2195.8930000014275,
        "scripting": 2150.4830000002944,
        "painting": 611.9229999998448,
        "idle": 11246.022000001074
      },
      "updateCounters": {
        "sampleCount": 3042,
        "jsHeapMinBytes": 16031589.333333334,
        "jsHeapMaxBytes": 30559824,
        "jsHeapMinLabel": "16032 kb",
        "jsHeapMaxLabel": "30.6 Mb",
        "documentsMin": 2,
        "documentsMax": 2,
        "nodesMin": 1078,
        "nodesMax": 1171,
        "listenersMin": 158,
        "listenersMax": 158
      },
      "runs": 3
    },
    "scroll-right": {
      "rangeStart": 0,
      "rangeEnd": 13606,
      "total": 13606,
      "categories": {
        "rendering": 331.10299999920727,
        "scripting": 360.9113333326277,
        "painting": 103.95766666624695,
        "other": 170.86133333466933,
        "idle": 12639.36368333395
      },
      "updateCounters": {
        "sampleCount": 861,
        "jsHeapMinBytes": 16408877.333333334,
        "jsHeapMaxBytes": 21402625.333333332,
        "jsHeapMinLabel": "16409 kb",
        "jsHeapMaxLabel": "21.4 Mb",
        "documentsMin": 2,
        "documentsMax": 2,
        "nodesMin": 1078,
        "nodesMax": 1109,
        "listenersMin": 158,
        "listenersMax": 158
      },
      "runs": 3
    },
    "scroll-up": {
      "rangeStart": 0,
      "rangeEnd": 14562,
      "total": 14562,
      "categories": {
        "other": 285.1663333361544,
        "rendering": 1807.948333331927,
        "scripting": 1702.7706666663053,
        "painting": 411.59833333272644,
        "idle": 10354.374083332892
      },
      "updateCounters": {
        "sampleCount": 927,
        "jsHeapMinBytes": 28120461.333333332,
        "jsHeapMaxBytes": 56691178.666666664,
        "jsHeapMinLabel": "28120 kb",
        "jsHeapMaxLabel": "56.7 Mb",
        "documentsMin": 2,
        "documentsMax": 2,
        "nodesMin": 150275,
        "nodesMax": 150755,
        "listenersMin": 158,
        "listenersMax": 158
      },
      "runs": 3
    },
    "sorting": {
      "rangeStart": 0,
      "rangeEnd": 378,
      "total": 378,
      "categories": {
        "other": 368.8279166667123,
        "rendering": 1.0094833333278075,
        "scripting": 5.896816666662693,
        "painting": 0,
        "idle": 2.05066666660908
      },
      "updateCounters": {
        "sampleCount": 1,
        "jsHeapMinBytes": 150868724,
        "jsHeapMaxBytes": 150868724,
        "jsHeapMinLabel": "150869 kb",
        "jsHeapMaxLabel": "150.9 Mb",
        "documentsMin": 4,
        "documentsMax": 4,
        "nodesMin": 1916,
        "nodesMax": 1916,
        "listenersMin": 145,
        "listenersMax": 145
      },
      "runs": 3,
      "hookTiming": 12.399999999984479
    }
  }
}