{
  "timestamp": "2026-06-29T11:35:44.935Z",
  "scenarios": {
    "cell-editing": {
      "rangeStart": 0,
      "rangeEnd": 2862,
      "total": 2862,
      "categories": {
        "other": 215.872666666563,
        "rendering": 353.78266666670487,
        "scripting": 408.81866666629276,
        "painting": 43.804333333158866,
        "idle": 1839.4426666672807
      },
      "updateCounters": {
        "sampleCount": 2126,
        "jsHeapMinBytes": 11621893.333333334,
        "jsHeapMaxBytes": 19281305.333333332,
        "jsHeapMinLabel": "11622 kB",
        "jsHeapMaxLabel": "19.3 MB",
        "documentsMin": 1,
        "documentsMax": 1,
        "nodesMin": 828,
        "nodesMax": 1073,
        "listenersMin": 175,
        "listenersMax": 302
      },
      "runs": 3
    },
    "filtering": {
      "rangeStart": 0,
      "rangeEnd": 593,
      "total": 593,
      "categories": {
        "other": 542.427116666725,
        "rendering": 4.9186666666452465,
        "scripting": 41.53490000000984,
        "painting": 0.49366666667629033,
        "idle": 3.724666666588746
      },
      "updateCounters": {
        "sampleCount": 2,
        "jsHeapMinBytes": 336887253.3333333,
        "jsHeapMaxBytes": 351819528,
        "jsHeapMinLabel": "336887 kB",
        "jsHeapMaxLabel": "351.8 MB",
        "documentsMin": 3,
        "documentsMax": 3,
        "nodesMin": 1967,
        "nodesMax": 1967,
        "listenersMin": 206,
        "listenersMax": 206
      },
      "runs": 3,
      "hookTiming": 59.133333333321694
    },
    "initial-load": {
      "rangeStart": 0,
      "rangeEnd": 563,
      "total": 563,
      "categories": {
        "other": 540.0516666667014,
        "rendering": 0.47866666662351537,
        "scripting": 21.365616666651487,
        "idle": 1.1836666666592162
      },
      "updateCounters": {
        "sampleCount": 1,
        "jsHeapMinBytes": 288941452,
        "jsHeapMaxBytes": 288941452,
        "jsHeapMinLabel": "288941 kB",
        "jsHeapMaxLabel": "288.9 MB",
        "documentsMin": 1,
        "documentsMax": 1,
        "nodesMin": 3640,
        "nodesMax": 3640,
        "listenersMin": 559,
        "listenersMax": 559
      },
      "runs": 3
    },
    "scroll-down": {
      "rangeStart": 0,
      "rangeEnd": 10127,
      "total": 10127,
      "categories": {
        "rendering": 894.847333334755,
        "scripting": 831.6283333341221,
        "painting": 263.1759999993956,
        "other": 232.409666663977,
        "idle": 7905.499533334437
      },
      "updateCounters": {
        "sampleCount": 900,
        "jsHeapMinBytes": 22210848,
        "jsHeapMaxBytes": 37489953.333333336,
        "jsHeapMinLabel": "22211 kB",
        "jsHeapMaxLabel": "37.5 MB",
        "documentsMin": 1,
        "documentsMax": 1,
        "nodesMin": 1754,
        "nodesMax": 1919,
        "listenersMin": 158,
        "listenersMax": 158
      },
      "runs": 3
    },
    "scroll-left": {
      "rangeStart": 0,
      "rangeEnd": 16687,
      "total": 16687,
      "categories": {
        "other": 488.8906666680748,
        "rendering": 2053.995999997094,
        "scripting": 2384.9276666646238,
        "painting": 686.7680000000788,
        "idle": 11072.880000003459
      },
      "updateCounters": {
        "sampleCount": 3056,
        "jsHeapMinBytes": 14629021.333333334,
        "jsHeapMaxBytes": 26636838.666666668,
        "jsHeapMinLabel": "14629 kB",
        "jsHeapMaxLabel": "26.6 MB",
        "documentsMin": 1,
        "documentsMax": 1,
        "nodesMin": 1081,
        "nodesMax": 1111,
        "listenersMin": 158,
        "listenersMax": 158
      },
      "runs": 3
    },
    "scroll-right": {
      "rangeStart": 0,
      "rangeEnd": 13597,
      "total": 13597,
      "categories": {
        "rendering": 301.0516666667924,
        "scripting": 388.60666666659654,
        "painting": 111.2050000015103,
        "other": 146.62033332990515,
        "idle": 12649.474783335192
      },
      "updateCounters": {
        "sampleCount": 863,
        "jsHeapMinBytes": 15254910.666666666,
        "jsHeapMaxBytes": 20226228,
        "jsHeapMinLabel": "15255 kB",
        "jsHeapMaxLabel": "20.2 MB",
        "documentsMin": 1,
        "documentsMax": 1,
        "nodesMin": 1051,
        "nodesMax": 1061,
        "listenersMin": 158,
        "listenersMax": 158
      },
      "runs": 3
    },
    "scroll-up": {
      "rangeStart": 0,
      "rangeEnd": 16742,
      "total": 16742,
      "categories": {
        "other": 755.0726666677116,
        "rendering": 3986.3210000029067,
        "painting": 1165.4036666679895,
        "scripting": 3452.041999999434,
        "idle": 7383.399666661979
      },
      "updateCounters": {
        "sampleCount": 2315,
        "jsHeapMinBytes": 22312185.333333332,
        "jsHeapMaxBytes": 50877505.333333336,
        "jsHeapMinLabel": "22312 kB",
        "jsHeapMaxLabel": "50.9 MB",
        "documentsMin": 1,
        "documentsMax": 1,
        "nodesMin": 1816,
        "nodesMax": 2084,
        "listenersMin": 158,
        "listenersMax": 158
      },
      "runs": 3
    },
    "sorting": {
      "rangeStart": 0,
      "rangeEnd": 815,
      "total": 815,
      "categories": {
        "other": 658.5709999999584,
        "scripting": 148.70020000000082,
        "rendering": 5.074000000022352,
        "painting": 1.0109999999792005,
        "idle": 2.149000000092201
      },
      "updateCounters": {
        "sampleCount": 3,
        "jsHeapMinBytes": 394796825.3333333,
        "jsHeapMaxBytes": 416205346.6666667,
        "jsHeapMinLabel": "394797 kB",
        "jsHeapMaxLabel": "416.2 MB",
        "documentsMin": 2,
        "documentsMax": 2,
        "nodesMin": 1867,
        "nodesMax": 1867,
        "listenersMin": 145,
        "listenersMax": 145
      },
      "runs": 3,
      "hookTiming": 231.03333333336437
    },
    "source-data-validator-load": {
      "rangeStart": 0,
      "rangeEnd": 9282,
      "total": 9282,
      "categories": {
        "other": 1635.9290000001836,
        "rendering": 23.757666666642763,
        "scripting": 7619.909333333271,
        "painting": 0.01699999993434176,
        "idle": 2.7079999999453626
      },
      "updateCounters": {
        "sampleCount": 61,
        "jsHeapMinBytes": 590224182.6666666,
        "jsHeapMaxBytes": 1381785568,
        "jsHeapMinLabel": "590224 kB",
        "jsHeapMaxLabel": "1381.8 MB",
        "documentsMin": 1,
        "documentsMax": 1,
        "nodesMin": 3587,
        "nodesMax": 4759,
        "listenersMin": 377,
        "listenersMax": 459
      },
      "runs": 3
    }
  }
}