{
  "timestamp": "2026-05-29T07:56:09.520Z",
  "scenarios": {
    "cell-editing": {
      "rangeStart": 0,
      "rangeEnd": 2892,
      "total": 2892,
      "categories": {
        "other": 270.78133333300923,
        "rendering": 286.87666666699806,
        "scripting": 448.8033333333473,
        "painting": 57.93999999998292,
        "idle": 1828.115333333335
      },
      "updateCounters": {
        "sampleCount": 2123,
        "jsHeapMinBytes": 15764069.333333334,
        "jsHeapMaxBytes": 29910457.333333332,
        "jsHeapMinLabel": "15764 kb",
        "jsHeapMaxLabel": "29.9 Mb",
        "documentsMin": 2,
        "documentsMax": 2,
        "nodesMin": 1032,
        "nodesMax": 1113,
        "listenersMin": 176,
        "listenersMax": 335
      },
      "runs": 3
    },
    "filtering": {
      "rangeStart": 0,
      "rangeEnd": 401,
      "total": 401,
      "categories": {
        "other": 193.06953333334096,
        "scripting": 204.60996666666225,
        "rendering": 2.5700333333322,
        "painting": 0,
        "idle": 0.9249999999980597
      },
      "updateCounters": {
        "sampleCount": 1,
        "jsHeapMinBytes": 157399664,
        "jsHeapMaxBytes": 158455996,
        "jsHeapMinLabel": "157400 kb",
        "jsHeapMaxLabel": "158.5 Mb",
        "documentsMin": 4,
        "documentsMax": 4,
        "nodesMin": 1984,
        "nodesMax": 1985,
        "listenersMin": 201,
        "listenersMax": 201
      },
      "runs": 3,
      "hookTiming": 5.166666666666667
    },
    "scroll-down": {
      "rangeStart": 0,
      "rangeEnd": 16728,
      "total": 16728,
      "categories": {
        "other": 212.30099999933176,
        "rendering": 27.544666667129302,
        "painting": 28.6543333332714,
        "scripting": 150.86366666677424,
        "idle": 16308.3553333335
      },
      "updateCounters": {
        "sampleCount": 501,
        "jsHeapMinBytes": 26855210.666666668,
        "jsHeapMaxBytes": 27392776,
        "jsHeapMinLabel": "26855 kb",
        "jsHeapMaxLabel": "27.4 Mb",
        "documentsMin": 2,
        "documentsMax": 2,
        "nodesMin": 150270,
        "nodesMax": 150270,
        "listenersMin": 158,
        "listenersMax": 158
      },
      "runs": 3
    },
    "scroll-left": {
      "rangeStart": 0,
      "rangeEnd": 16720,
      "total": 16720,
      "categories": {
        "other": 575.9443333341592,
        "rendering": 2490.1300000001406,
        "painting": 825.0216666664928,
        "scripting": 2676.5756666661405,
        "idle": 10151.934999999727
      },
      "updateCounters": {
        "sampleCount": 3041,
        "jsHeapMinBytes": 16164354.666666666,
        "jsHeapMaxBytes": 31124134.666666668,
        "jsHeapMinLabel": "16164 kb",
        "jsHeapMaxLabel": "31.1 Mb",
        "documentsMin": 2,
        "documentsMax": 2,
        "nodesMin": 1080,
        "nodesMax": 1080,
        "listenersMin": 158,
        "listenersMax": 158
      },
      "runs": 3
    },
    "scroll-right": {
      "rangeStart": 0,
      "rangeEnd": 13609,
      "total": 13609,
      "categories": {
        "rendering": 386.50199999918306,
        "scripting": 464.1239999992767,
        "painting": 145.01066666699867,
        "other": 222.31100000167172,
        "idle": 12390.57828333287
      },
      "updateCounters": {
        "sampleCount": 861,
        "jsHeapMinBytes": 16466857.333333334,
        "jsHeapMaxBytes": 21569808,
        "jsHeapMinLabel": "16467 kb",
        "jsHeapMaxLabel": "21.6 Mb",
        "documentsMin": 2,
        "documentsMax": 2,
        "nodesMin": 1080,
        "nodesMax": 1080,
        "listenersMin": 158,
        "listenersMax": 158
      },
      "runs": 3
    },
    "scroll-up": {
      "rangeStart": 0,
      "rangeEnd": 14544,
      "total": 14544,
      "categories": {
        "other": 390.07600000250187,
        "rendering": 1924.0153333318497,
        "scripting": 2115.0733333339276,
        "painting": 519.7229999996489,
        "idle": 9594.93451666543
      },
      "updateCounters": {
        "sampleCount": 953,
        "jsHeapMinBytes": 27905241.333333332,
        "jsHeapMaxBytes": 49655988,
        "jsHeapMinLabel": "27905 kb",
        "jsHeapMaxLabel": "49.7 Mb",
        "documentsMin": 2,
        "documentsMax": 2,
        "nodesMin": 150270,
        "nodesMax": 150274,
        "listenersMin": 158,
        "listenersMax": 158
      },
      "runs": 3
    },
    "sorting": {
      "rangeStart": 0,
      "rangeEnd": 400,
      "total": 400,
      "categories": {
        "other": 390.3138166666692,
        "rendering": 1.2878500000030424,
        "scripting": 7.240483333329359,
        "painting": 0,
        "idle": 1.1856666666571982
      },
      "updateCounters": {
        "sampleCount": 1,
        "jsHeapMinBytes": 160753592,
        "jsHeapMaxBytes": 160753592,
        "jsHeapMinLabel": "160754 kb",
        "jsHeapMaxLabel": "160.8 Mb",
        "documentsMin": 4,
        "documentsMax": 4,
        "nodesMin": 1911,
        "nodesMax": 1911,
        "listenersMin": 145,
        "listenersMax": 145
      },
      "runs": 3,
      "hookTiming": 12.23333333331781
    }
  }
}